record_id,enumerator_id,region,age,gender,education,occupation,employment_status,hours_worked,monthly_income,household_size,survey_date,is_planted_anomaly
REC000001,ENU0120,Karnataka,41,Male,Secondary,Driver,Employed,48,13159,6,2025-06-04,False
REC000002,ENU0152,Andhra Pradesh,53,Female,Illiterate,Domestic Help,Employed,39,5988,5,2025-12-06,False
REC000003,ENU0059,Madhya Pradesh,16,Male,Graduate,None,Unemployed,0,0,3,2025-03-13,False
REC000004,ENU0124,Madhya Pradesh,49,Male,Graduate,Clerk,Employed,55,24326,8,2025-12-21,False
REC000005,ENU0161,Assam,38,Male,Higher Secondary,Driver,Employed,30,5392,2,2025-08-14,False
REC000006,ENU0127,Tamil Nadu,67,Male,Secondary,None,Not in Labour Force,0,0,8,2025-10-10,False
REC000007,ENU0087,Tamil Nadu,44,Female,Primary,None,Unemployed,0,0,5,2025-09-25,False
REC000008,ENU0009,Karnataka,34,Female,Illiterate,Agricultural Labourer,Employed,38,7058,7,2025-01-28,False
REC000009,ENU0233,West Bengal,33,Female,Higher Secondary,Clerk,Employed,59,24036,3,2025-10-19,False
REC000010,ENU0049,Madhya Pradesh,49,Female,Graduate,IT Professional,Employed,34,34977,5,2025-11-07,False
REC000011,ENU0139,Telangana,62,Male,Higher Secondary,None,Not in Labour Force,0,0,9,2025-01-17,False
REC000012,ENU0013,Tamil Nadu,72,Female,Higher Secondary,None,Not in Labour Force,0,0,4,2025-11-02,False
REC000013,ENU0033,Assam,9,Female,Primary,None,Not in Labour Force,3,0,5,2025-11-15,False
REC000014,ENU0022,Telangana,18,Female,Graduate,Sales Executive,Employed,54,20834,6,2025-05-01,False
REC000015,ENU0247,West Bengal,62,Male,Illiterate,Domestic Help,Employed,45,7449,5,2025-10-03,False
REC000016,ENU0101,Bihar,28,Female,Post Graduate,Government Officer,Unemployed,0,0,2,2025-09-03,False
REC000017,ENU0090,Madhya Pradesh,39,Male,Primary,Construction Worker,Employed,33,5858,3,2025-06-17,False
REC000018,ENU0152,Gujarat,33,Female,Secondary,Driver,Employed,56,10525,4,2025-11-27,False
REC000019,ENU0052,Tamil Nadu,39,Male,Graduate,Sales Executive,Employed,37,15366,4,2025-08-18,False
REC000020,ENU0108,Punjab,22,Female,Primary,None,Not in Labour Force,0,0,5,2025-07-07,False
REC000021,ENU0185,Andhra Pradesh,48,Male,Graduate,Clerk,Employed,43,21008,7,2025-09-03,False
REC000022,ENU0057,West Bengal,20,Male,Primary,Factory Worker,Employed,34,8915,2,2025-10-12,False
REC000023,ENU0049,Rajasthan,34,Male,Primary,None,Unemployed,0,0,4,2025-02-18,False
REC000024,ENU0077,Odisha,37,Female,Secondary,Street Vendor,Employed,58,13685,5,2025-12-09,False
REC000025,ENU0063,Maharashtra,36,Male,Illiterate,Agricultural Labourer,Employed,44,6094,5,2025-02-23,False
REC000026,ENU0058,Odisha,5,Female,Illiterate,None,Not in Labour Force,0,0,6,2025-09-09,False
REC000027,ENU0084,Punjab,48,Male,Higher Secondary,Clerk,Employed,20,7421,6,2025-10-31,False
REC000028,ENU0014,Odisha,43,Male,Secondary,Driver,Employed,56,10000,1,2025-02-02,False
REC000029,ENU0221,Bihar,33,Female,Secondary,None,Unemployed,0,0,4,2025-09-08,False
REC000030,ENU0136,Karnataka,71,Male,Secondary,None,Not in Labour Force,0,0,4,2025-10-10,False
REC000031,ENU0075,Kerala,36,Female,Higher Secondary,Technician,Employed,38,10133,8,2025-11-25,False
REC000032,ENU0122,Punjab,26,Male,Secondary,None,Unemployed,0,0,7,2025-11-02,False
REC000033,ENU0239,Rajasthan,33,Female,Secondary,Carpenter,Employed,46,11415,5,2025-03-07,False
REC000034,ENU0091,Bihar,37,Female,Graduate,Clerk,Unemployed,0,0,4,2025-02-11,False
REC000035,ENU0103,Odisha,22,Male,Higher Secondary,None,Unemployed,0,0,9,2025-10-21,False
REC000036,ENU0013,Bihar,28,Male,Graduate,Clerk,Unemployed,0,0,2,2025-09-06,False
REC000037,ENU0155,West Bengal,14,Male,Primary,None,Not in Labour Force,0,0,2,2025-12-22,False
REC000038,ENU0065,Madhya Pradesh,20,Female,Secondary,None,Not in Labour Force,0,0,4,2025-05-25,False
REC000039,ENU0091,Bihar,40,Male,Secondary,Street Vendor,Unemployed,0,0,5,2025-11-06,False
REC000040,ENU0203,Kerala,43,Male,Secondary,Street Vendor,Employed,47,11586,5,2025-10-26,False
REC000041,ENU0176,Kerala,38,Female,Higher Secondary,Carpenter,Employed,36,10270,3,2025-08-09,False
REC000042,ENU0008,Andhra Pradesh,32,Male,Graduate,Clerk,Employed,32,10740,9,2025-03-24,False
REC000043,ENU0172,Gujarat,33,Male,Higher Secondary,None,Not in Labour Force,0,0,4,2025-05-12,False
REC000044,ENU0128,Karnataka,42,Female,Illiterate,Street Vendor,Employed,33,6605,4,2025-10-26,False
REC000045,ENU0023,Punjab,51,Male,Post Graduate,Engineer,Employed,46,64428,1,2025-12-04,False
REC000046,ENU0001,Bihar,36,Male,Higher Secondary,Driver,Unemployed,0,0,3,2025-02-17,False
REC000047,ENU0025,Tamil Nadu,43,Male,Illiterate,Domestic Help,Employed,25,3273,2,2025-07-18,False
REC000048,ENU0118,West Bengal,30,Female,Primary,Factory Worker,Employed,51,9503,6,2025-02-02,False
REC000049,ENU0089,Bihar,46,Male,Secondary,None,Not in Labour Force,5,0,6,2025-05-26,False
REC000050,ENU0216,Maharashtra,44,Male,Primary,None,Not in Labour Force,0,0,2,2025-08-07,False
REC000051,ENU0120,West Bengal,35,Male,Graduate,None,Not in Labour Force,0,0,3,2025-01-21,False
REC000052,ENU0191,Maharashtra,40,Male,Graduate,Teacher,Employed,29,22866,6,2025-02-18,False
REC000053,ENU0172,Punjab,40,Female,Graduate,Sales Executive,Employed,61,36790,1,2025-06-20,False
REC000054,ENU0112,West Bengal,36,Female,Higher Secondary,Clerk,Employed,21,10032,7,2025-10-02,False
REC000055,ENU0089,Andhra Pradesh,33,Female,Secondary,Carpenter,Employed,39,12329,3,2025-04-21,False
REC000056,ENU0107,Karnataka,48,Female,Higher Secondary,Clerk,Employed,60,23516,4,2025-09-08,False
REC000057,ENU0225,Telangana,22,Male,Higher Secondary,Carpenter,Employed,34,12331,6,2025-09-08,False
REC000058,ENU0186,West Bengal,72,Male,Graduate,None,Not in Labour Force,0,0,6,2025-09-17,False
REC000059,ENU0053,Assam,34,Male,Graduate,None,Not in Labour Force,0,0,7,2025-07-04,False
REC000060,ENU0052,Rajasthan,39,Female,Secondary,Carpenter,Employed,25,7930,4,2025-07-31,False
REC000061,ENU0130,Telangana,13,Male,Primary,None,Not in Labour Force,9,0,6,2025-01-16,False
REC000062,ENU0146,Bihar,43,Female,Higher Secondary,Technician,Unemployed,0,0,2,2025-07-17,False
REC000063,ENU0028,Odisha,28,Male,Illiterate,None,Not in Labour Force,4,0,4,2025-09-12,False
REC000064,ENU0184,West Bengal,48,Male,Secondary,Carpenter,Employed,25,9018,2,2025-07-08,False
REC000065,ENU0025,Bihar,48,Male,Post Graduate,Teacher,Unemployed,0,0,5,2025-12-17,False
REC000066,ENU0142,Uttar Pradesh,30,Male,Secondary,Street Vendor,Employed,46,6241,5,2025-12-03,False
REC000067,ENU0193,West Bengal,53,Male,Secondary,Driver,Employed,41,12388,8,2025-05-25,False
REC000068,ENU0071,Punjab,32,Male,Graduate,Teacher,Employed,48,25102,9,2025-06-20,False
REC000069,ENU0053,Bihar,34,Female,Graduate,IT Professional,Unemployed,0,0,3,2025-12-07,False
REC000070,ENU0209,Rajasthan,9,Female,Primary,None,Not in Labour Force,0,0,3,2025-11-17,False
REC000071,ENU0164,Gujarat,26,Male,Primary,Agricultural Labourer,Employed,42,7456,1,2025-06-16,False
REC000072,ENU0204,Maharashtra,21,Female,Higher Secondary,Technician,Employed,31,8854,3,2025-04-06,False
REC000073,ENU0200,Rajasthan,27,Male,Higher Secondary,None,Not in Labour Force,5,0,6,2025-03-26,False
REC000074,ENU0131,Gujarat,28,Female,Graduate,Sales Executive,Employed,53,28017,9,2025-02-14,False
REC000075,ENU0186,Gujarat,25,Female,Higher Secondary,None,Unemployed,0,0,4,2025-01-12,False
REC000076,ENU0116,Andhra Pradesh,35,Female,Higher Secondary,None,Not in Labour Force,0,0,5,2025-05-20,False
REC000077,ENU0007,Tamil Nadu,16,Male,Secondary,Shop Assistant,Employed,37,12033,8,2025-04-11,False
REC000078,ENU0211,Madhya Pradesh,19,Male,Primary,None,Not in Labour Force,6,0,6,2025-03-02,False
REC000079,ENU0088,Madhya Pradesh,43,Female,Post Graduate,Government Officer,Employed,40,45456,6,2025-01-26,False
REC000080,ENU0101,Bihar,9,Male,Primary,None,Unemployed,0,0,3,2025-04-07,False
REC000081,ENU0107,Andhra Pradesh,36,Female,Illiterate,Domestic Help,Employed,34,5222,4,2025-01-01,False
REC000082,ENU0219,Odisha,55,Male,Secondary,None,Not in Labour Force,0,0,6,2025-10-15,False
REC000083,ENU0174,Gujarat,49,Male,Graduate,Clerk,Employed,45,14276,7,2025-05-19,False
REC000084,ENU0083,Uttar Pradesh,25,Male,Primary,None,Not in Labour Force,0,0,1,2025-07-10,False
REC000085,ENU0016,Karnataka,7,Female,Primary,None,Not in Labour Force,0,0,5,2025-04-04,False
REC000086,ENU0170,Kerala,22,Female,Secondary,None,Unemployed,0,0,3,2025-04-17,False
REC000087,ENU0217,Bihar,49,Male,Secondary,Street Vendor,Employed,51,3434,8,2025-03-08,False
REC000088,ENU0137,Karnataka,65,Female,Graduate,Teacher,Employed,66,31579,4,2025-07-13,False
REC000089,ENU0103,West Bengal,30,Male,Secondary,Factory Worker,Employed,31,7386,2,2025-09-26,False
REC000090,ENU0026,Telangana,33,Male,Higher Secondary,Driver,Employed,51,15202,2,2025-12-13,False
REC000091,ENU0076,Assam,39,Male,Higher Secondary,None,Not in Labour Force,0,0,2,2025-12-31,False
REC000092,ENU0027,Punjab,16,Female,Illiterate,Construction Worker,Employed,49,5821,5,2025-01-20,False
REC000093,ENU0106,Karnataka,32,Female,Graduate,IT Professional,Employed,52,50059,4,2025-06-09,False
REC000094,ENU0078,Telangana,34,Male,Illiterate,Domestic Help,Employed,51,9116,3,2025-08-05,False
REC000095,ENU0210,Gujarat,39,Male,Secondary,Shop Assistant,Employed,37,8069,5,2025-03-07,False
REC000096,ENU0226,Punjab,60,Male,Higher Secondary,None,Not in Labour Force,0,0,6,2025-06-12,False
REC000097,ENU0063,Kerala,42,Female,Secondary,Shop Assistant,Employed,40,9715,1,2025-02-28,False
REC000098,ENU0011,Assam,36,Female,Graduate,Sales Executive,Employed,48,34628,7,2025-06-23,False
REC000099,ENU0080,Uttar Pradesh,68,Female,Primary,None,Not in Labour Force,0,0,4,2025-07-05,False
REC000100,ENU0219,Kerala,53,Other,Primary,Construction Worker,Employed,43,7898,7,2025-04-25,False
REC000101,ENU0121,Bihar,27,Male,Graduate,None,Unemployed,0,0,2,2025-06-09,False
REC000102,ENU0231,Assam,56,Female,Primary,None,Not in Labour Force,0,0,7,2025-06-19,False
REC000103,ENU0201,Maharashtra,27,Male,Secondary,Shop Assistant,Employed,36,6920,6,2025-06-01,False
REC000104,ENU0087,Karnataka,32,Female,Secondary,Shop Assistant,Employed,34,10826,4,2025-11-24,False
REC000105,ENU0201,Punjab,41,Male,Higher Secondary,None,Not in Labour Force,0,0,7,2025-01-22,False
REC000106,ENU0141,Andhra Pradesh,17,Male,Higher Secondary,Clerk,Employed,50,26329,3,2025-02-21,False
REC000107,ENU0019,Telangana,11,Female,Primary,None,Not in Labour Force,0,0,2,2025-11-11,False
REC000108,ENU0249,Odisha,43,Female,Secondary,Carpenter,Employed,40,12363,4,2025-07-24,False
REC000109,ENU0057,Assam,36,Male,Primary,Street Vendor,Employed,20,3819,5,2025-09-21,False
REC000110,ENU0142,Kerala,50,Female,Primary,None,Not in Labour Force,0,0,6,2025-05-18,False
REC000111,ENU0033,Maharashtra,22,Male,Primary,Domestic Help,Employed,22,3127,5,2025-08-14,False
REC000112,ENU0093,West Bengal,47,Female,Secondary,None,Not in Labour Force,8,0,4,2025-06-08,False
REC000113,ENU0055,Karnataka,35,Male,Secondary,Driver,Employed,45,15082,4,2025-10-10,False
REC000114,ENU0194,Andhra Pradesh,29,Female,Secondary,None,Not in Labour Force,9,0,3,2025-07-28,False
REC000115,ENU0215,Madhya Pradesh,25,Male,Graduate,Clerk,Employed,28,11351,4,2025-04-03,False
REC000116,ENU0196,Maharashtra,26,Male,Graduate,Teacher,Employed,60,44042,2,2025-05-14,False
REC000117,ENU0041,Telangana,32,Female,Primary,None,Not in Labour Force,0,0,2,2025-04-13,False
REC000118,ENU0243,Assam,47,Female,Secondary,Factory Worker,Employed,20,4497,3,2025-12-14,False
REC000119,ENU0235,Karnataka,65,Male,Post Graduate,Engineer,Employed,52,59863,1,2025-05-16,False
REC000120,ENU0188,Rajasthan,34,Female,Higher Secondary,None,Unemployed,0,0,2,2025-10-21,False
REC000121,ENU0176,Tamil Nadu,46,Male,Primary,None,Not in Labour Force,0,0,5,2025-03-07,False
REC000122,ENU0068,Telangana,85,Female,Secondary,None,Not in Labour Force,1,0,3,2025-09-25,False
REC000123,ENU0166,Madhya Pradesh,42,Female,Higher Secondary,Carpenter,Employed,46,13083,4,2025-07-24,False
REC000124,ENU0155,Kerala,27,Male,Higher Secondary,Driver,Employed,56,16723,5,2025-06-17,False
REC000125,ENU0169,Andhra Pradesh,26,Male,Higher Secondary,Shop Assistant,Employed,44,10702,4,2025-03-31,False
REC000126,ENU0148,Gujarat,26,Female,Secondary,Factory Worker,Employed,36,7832,8,2025-04-19,False
REC000127,ENU0073,Rajasthan,27,Female,Secondary,None,Unemployed,0,0,7,2025-12-21,False
REC000128,ENU0130,Gujarat,29,Male,Higher Secondary,None,Unemployed,0,0,5,2025-04-21,False
REC000129,ENU0205,Telangana,42,Female,Primary,Factory Worker,Employed,50,14114,7,2025-09-24,False
REC000130,ENU0220,Tamil Nadu,60,Male,Graduate,Clerk,Employed,48,18543,2,2025-05-14,False
REC000131,ENU0009,Odisha,35,Male,Primary,Domestic Help,Employed,44,8158,4,2025-12-08,False
REC000132,ENU0173,Punjab,31,Female,Higher Secondary,Driver,Employed,48,15068,2,2025-07-07,False
REC000133,ENU0174,Madhya Pradesh,57,Male,Higher Secondary,Clerk,Employed,23,8592,5,2025-11-25,False
REC000134,ENU0094,Assam,22,Female,Illiterate,None,Unemployed,0,0,2,2025-12-11,False
REC000135,ENU0146,Karnataka,14,Female,Primary,None,Not in Labour Force,0,0,5,2025-08-12,False
REC000136,ENU0159,Bihar,27,Male,Graduate,IT Professional,Unemployed,0,0,3,2025-10-04,False
REC000137,ENU0137,Maharashtra,19,Female,Primary,None,Not in Labour Force,0,0,3,2025-01-29,False
REC000138,ENU0133,West Bengal,29,Female,Higher Secondary,Shop Assistant,Employed,22,3303,7,2025-10-14,False
REC000139,ENU0240,Telangana,33,Male,Graduate,Clerk,Employed,67,29405,5,2025-03-29,False
REC000140,ENU0231,Odisha,40,Male,Graduate,None,Not in Labour Force,0,0,5,2025-03-23,False
REC000141,ENU0127,Rajasthan,47,Male,Primary,Agricultural Labourer,Employed,56,7512,1,2025-05-15,False
REC000142,ENU0158,Andhra Pradesh,16,Male,Graduate,None,Unemployed,0,0,2,2025-04-08,False
REC000143,ENU0157,Uttar Pradesh,27,Female,Secondary,Street Vendor,Employed,43,5806,4,2025-11-14,False
REC000144,ENU0159,Assam,27,Female,Secondary,Factory Worker,Employed,71,20251,5,2025-02-11,False
REC000145,ENU0250,Odisha,71,Female,Post Graduate,None,Not in Labour Force,0,0,9,2025-01-11,False
REC000146,ENU0097,West Bengal,11,Female,Primary,None,Not in Labour Force,8,0,6,2025-03-18,False
REC000147,ENU0189,Gujarat,79,Female,Primary,None,Not in Labour Force,0,0,3,2025-07-30,False
REC000148,ENU0124,Telangana,29,Male,Illiterate,Agricultural Labourer,Employed,26,4412,3,2025-08-09,False
REC000149,ENU0206,Telangana,19,Female,Higher Secondary,None,Not in Labour Force,9,0,6,2025-03-27,False
REC000150,ENU0073,Maharashtra,27,Female,Graduate,Sales Executive,Employed,52,24834,1,2025-11-04,False
REC000151,ENU0071,Madhya Pradesh,41,Male,Post Graduate,Doctor,Employed,45,58191,5,2025-03-12,False
REC000152,ENU0142,Tamil Nadu,33,Male,Secondary,Factory Worker,Employed,47,9891,4,2025-02-27,False
REC000153,ENU0109,Karnataka,31,Female,Secondary,Shop Assistant,Employed,67,13402,3,2025-04-01,False
REC000154,ENU0094,Rajasthan,51,Male,Primary,None,Not in Labour Force,0,0,8,2025-12-13,False
REC000155,ENU0044,Andhra Pradesh,7,Male,Primary,None,Not in Labour Force,0,0,6,2025-08-27,False
REC000156,ENU0106,Punjab,33,Male,Primary,Construction Worker,Employed,37,7126,3,2025-03-02,False
REC000157,ENU0009,Assam,32,Male,Higher Secondary,Shop Assistant,Employed,35,8434,3,2025-06-19,False
REC000158,ENU0187,Rajasthan,60,Male,Post Graduate,None,Not in Labour Force,0,0,1,2025-06-23,False
REC000159,ENU0112,Maharashtra,36,Male,Higher Secondary,None,Unemployed,0,0,2,2025-02-17,False
REC000160,ENU0015,Uttar Pradesh,18,Male,Higher Secondary,None,Unemployed,0,0,3,2025-04-11,False
REC000161,ENU0182,West Bengal,36,Female,Secondary,Driver,Employed,44,15438,6,2025-10-30,False
REC000162,ENU0075,Uttar Pradesh,40,Female,Higher Secondary,Clerk,Employed,27,10283,5,2025-01-27,False
REC000163,ENU0224,Telangana,50,Female,Secondary,Street Vendor,Employed,21,4577,3,2025-03-10,False
REC000164,ENU0107,Odisha,19,Male,Graduate,None,Unemployed,0,0,2,2025-08-12,False
REC000165,ENU0074,Rajasthan,28,Male,Higher Secondary,Carpenter,Employed,57,15934,5,2025-10-01,False
REC000166,ENU0073,Karnataka,36,Female,Secondary,Factory Worker,Employed,39,9697,8,2025-07-20,False
REC000167,ENU0095,Maharashtra,70,Female,Secondary,None,Not in Labour Force,0,0,3,2025-02-09,False
REC000168,ENU0015,Madhya Pradesh,24,Male,Post Graduate,Government Officer,Employed,23,25954,9,2025-10-20,False
REC000169,ENU0157,Gujarat,32,Male,Graduate,None,Unemployed,0,0,5,2025-01-09,False
REC000170,ENU0126,Kerala,50,Female,Post Graduate,None,Not in Labour Force,0,0,4,2025-03-06,False
REC000171,ENU0077,Telangana,35,Male,Higher Secondary,None,Unemployed,0,0,3,2025-09-06,False
REC000172,ENU0199,Uttar Pradesh,32,Male,Post Graduate,None,Unemployed,0,0,9,2025-03-27,False
REC000173,ENU0154,Tamil Nadu,47,Female,Higher Secondary,Carpenter,Employed,38,7723,4,2025-01-21,False
REC000174,ENU0175,Kerala,16,Male,Primary,None,Unemployed,0,0,4,2025-03-15,False
REC000175,ENU0032,Karnataka,33,Female,Post Graduate,Bank Employee,Employed,41,40623,5,2025-04-29,False
REC000176,ENU0152,Uttar Pradesh,5,Female,Illiterate,None,Not in Labour Force,0,0,7,2025-04-28,False
REC000177,ENU0148,Madhya Pradesh,70,Male,Illiterate,None,Not in Labour Force,0,0,4,2025-04-10,False
REC000178,ENU0126,Telangana,32,Female,Higher Secondary,Driver,Employed,51,16748,6,2025-02-18,False
REC000179,ENU0153,West Bengal,25,Male,Secondary,Street Vendor,Employed,47,10833,7,2025-11-08,False
REC000180,ENU0027,Bihar,31,Female,Post Graduate,Doctor,Employed,31,23406,3,2025-02-22,False
REC000181,ENU0101,Madhya Pradesh,23,Female,Secondary,None,Not in Labour Force,0,0,1,2025-03-08,False
REC000182,ENU0107,Gujarat,49,Female,Primary,Domestic Help,Employed,47,6977,5,2025-03-25,False
REC000183,ENU0015,Uttar Pradesh,38,Female,Higher Secondary,Shop Assistant,Employed,42,11991,3,2025-03-27,False
REC000184,ENU0133,Telangana,37,Male,Secondary,Street Vendor,Employed,34,8883,6,2025-08-05,False
REC000185,ENU0240,Bihar,27,Female,Graduate,None,Unemployed,0,0,5,2025-07-05,False
REC000186,ENU0065,Bihar,44,Male,Higher Secondary,Driver,Unemployed,0,0,3,2025-04-29,False
REC000187,ENU0121,Madhya Pradesh,56,Male,Post Graduate,None,Not in Labour Force,0,0,2,2025-03-20,False
REC000188,ENU0162,Maharashtra,50,Female,Graduate,Clerk,Employed,47,21276,4,2025-12-06,False
REC000189,ENU0163,Maharashtra,66,Female,Graduate,None,Not in Labour Force,0,0,4,2025-10-21,False
REC000190,ENU0248,Punjab,27,Male,Secondary,Shop Assistant,Employed,38,9232,6,2025-07-10,False
REC000191,ENU0196,Karnataka,54,Male,Graduate,Sales Executive,Employed,40,20988,7,2025-01-17,False
REC000192,ENU0108,West Bengal,52,Female,Graduate,Clerk,Employed,48,18755,5,2025-08-18,False
REC000193,ENU0117,Rajasthan,39,Female,Primary,Domestic Help,Employed,50,8609,5,2025-05-03,False
REC000194,ENU0056,Maharashtra,31,Female,Secondary,Street Vendor,Employed,44,7386,5,2025-08-16,False
REC000195,ENU0141,Rajasthan,70,Male,Higher Secondary,None,Not in Labour Force,0,0,5,2025-09-12,False
REC000196,ENU0242,Rajasthan,16,Female,Post Graduate,Doctor,Employed,44,88307,3,2025-12-01,False
REC000197,ENU0244,Kerala,44,Male,Primary,None,Not in Labour Force,0,0,5,2025-07-10,False
REC000198,ENU0199,West Bengal,82,Male,Graduate,None,Not in Labour Force,0,0,4,2025-03-18,False
REC000199,ENU0041,Assam,7,Other,Primary,None,Not in Labour Force,1,0,3,2025-09-29,False
REC000200,ENU0120,West Bengal,16,Female,Secondary,Driver,Employed,34,10237,1,2025-10-10,False
REC000201,ENU0180,Karnataka,41,Male,Higher Secondary,Shop Assistant,Employed,52,9330,5,2025-11-12,False
REC000202,ENU0153,Uttar Pradesh,24,Male,Primary,None,Unemployed,0,0,4,2025-05-19,False
REC000203,ENU0022,Madhya Pradesh,16,Female,Higher Secondary,Driver,Employed,50,15203,4,2025-11-18,False
REC000204,ENU0132,Kerala,150,Male,Illiterate,None,Not in Labour Force,6,0,5,2025-02-12,True
REC000205,ENU0216,Kerala,69,Female,Primary,None,Not in Labour Force,0,0,4,2025-05-01,False
REC000206,ENU0049,Assam,43,Male,Primary,Street Vendor,Employed,55,11140,1,2025-01-03,False
REC000207,ENU0212,Maharashtra,66,Male,Higher Secondary,None,Not in Labour Force,0,0,4,2025-02-25,False
REC000208,ENU0121,Gujarat,40,Female,Secondary,Shop Assistant,Employed,70,18287,4,2025-03-19,False
REC000209,ENU0198,Odisha,40,Male,Higher Secondary,Carpenter,Employed,60,16120,2,2025-04-20,False
REC000210,ENU0121,Rajasthan,30,Male,Post Graduate,IT Professional,Employed,41,35876,6,2025-03-18,False
REC000211,ENU0005,Karnataka,38,Female,Secondary,Factory Worker,Employed,52,16289,7,2025-08-24,False
REC000212,ENU0233,West Bengal,46,Male,Primary,None,Not in Labour Force,6,0,3,2025-11-21,False
REC000213,ENU0123,Assam,51,Female,Secondary,Street Vendor,Employed,39,9818,3,2025-12-21,False
REC000214,ENU0155,Uttar Pradesh,16,Female,Illiterate,None,Not in Labour Force,0,0,3,2025-11-27,False
REC000215,ENU0149,Bihar,28,Female,Secondary,Street Vendor,Unemployed,0,0,1,2025-07-25,False
REC000216,ENU0190,West Bengal,65,Male,Secondary,Carpenter,Employed,28,7077,2,2025-09-14,False
REC000217,ENU0088,Maharashtra,18,Female,Secondary,None,Not in Labour Force,7,0,4,2025-08-10,False
REC000218,ENU0054,Odisha,52,Male,Secondary,None,Not in Labour Force,8,0,6,2025-01-03,False
REC000219,ENU0242,Kerala,33,Male,Primary,Domestic Help,Employed,52,6705,8,2025-07-01,False
REC000220,ENU0181,Tamil Nadu,51,Male,Secondary,None,Not in Labour Force,5,0,5,2025-09-15,False
REC000221,ENU0128,Rajasthan,21,Female,Secondary,Carpenter,Employed,40,12607,5,2025-07-25,False
REC000222,ENU0222,Rajasthan,83,Male,Higher Secondary,None,Not in Labour Force,0,0,2,2025-10-24,False
REC000223,ENU0058,Punjab,38,Male,Higher Secondary,None,Unemployed,0,0,5,2025-09-08,False
REC000224,ENU0044,Madhya Pradesh,37,Male,Higher Secondary,None,Unemployed,0,0,5,2025-10-31,False
REC000225,ENU0084,Gujarat,33,Male,Secondary,Factory Worker,Employed,37,5160,5,2025-04-05,False
REC000226,ENU0034,Tamil Nadu,12,Male,Primary,None,Not in Labour Force,0,0,4,2025-12-28,False
REC000227,ENU0139,Gujarat,34,Male,Post Graduate,None,Unemployed,0,0,4,2025-04-23,False
REC000228,ENU0189,Andhra Pradesh,32,Female,Post Graduate,Doctor,Employed,50,97095,5,2025-12-19,False
REC000229,ENU0095,Andhra Pradesh,45,Female,Higher Secondary,Technician,Employed,37,12307,4,2025-10-25,False
REC000230,ENU0166,Punjab,17,Male,Higher Secondary,None,Not in Labour Force,0,0,1,2025-08-21,False
REC000231,ENU0187,Uttar Pradesh,38,Male,Secondary,Street Vendor,Employed,37,5639,10,2025-09-19,False
REC000232,ENU0184,Bihar,26,Male,Illiterate,Domestic Help,Unemployed,0,0,4,2025-10-30,False
REC000233,ENU0093,West Bengal,39,Male,Secondary,Driver,Employed,35,9721,6,2025-03-02,False
REC000234,ENU0036,Punjab,59,Female,Secondary,None,Not in Labour Force,7,0,5,2025-09-29,False
REC000235,ENU0207,Maharashtra,28,Female,Primary,Street Vendor,Employed,33,5553,5,2025-12-08,False
REC000236,ENU0084,Uttar Pradesh,14,Male,Primary,None,Not in Labour Force,0,0,3,2025-05-25,False
REC000237,ENU0038,Assam,29,Male,Graduate,Bank Employee,Employed,54,66381,4,2025-02-22,False
REC000238,ENU0235,Telangana,54,Female,Graduate,None,Not in Labour Force,0,0,5,2025-02-19,False
REC000239,ENU0048,Maharashtra,39,Male,Secondary,Carpenter,Employed,33,5960,5,2025-02-22,False
REC000240,ENU0118,Madhya Pradesh,44,Male,Higher Secondary,Driver,Employed,53,17161,5,2025-04-30,False
REC000241,ENU0044,Kerala,44,Male,Primary,Domestic Help,Employed,39,5943,3,2025-08-05,False
REC000242,ENU0020,Bihar,34,Male,Secondary,Factory Worker,Employed,67,4173,2,2025-04-18,False
REC000243,ENU0139,Andhra Pradesh,47,Female,Secondary,Driver,Employed,69,22310,3,2025-03-17,False
REC000244,ENU0219,Kerala,29,Female,Secondary,Street Vendor,Employed,53,10668,7,2025-07-31,False
REC000245,ENU0016,Assam,42,Female,Secondary,Shop Assistant,Employed,39,8473,5,2025-03-26,False
REC000246,ENU0011,Madhya Pradesh,62,Male,Graduate,None,Not in Labour Force,0,0,5,2025-03-08,False
REC000247,ENU0054,Kerala,38,Male,Secondary,None,Not in Labour Force,5,0,4,2025-03-04,False
REC000248,ENU0247,Karnataka,41,Female,Secondary,Street Vendor,Employed,23,4939,6,2025-04-17,False
REC000249,ENU0006,Gujarat,36,Male,Primary,None,Not in Labour Force,6,0,3,2025-07-24,False
REC000250,ENU0078,Gujarat,38,Female,Secondary,Factory Worker,Employed,24,5257,2,2025-05-11,False
REC000251,ENU0182,Assam,51,Male,Illiterate,Domestic Help,Employed,48,7216,7,2025-05-24,False
REC000252,ENU0124,Bihar,36,Female,Higher Secondary,Technician,Employed,45,5619,4,2025-02-03,False
REC000253,ENU0220,Madhya Pradesh,33,Male,Higher Secondary,None,Unemployed,0,0,5,2025-06-16,False
REC000254,ENU0011,Tamil Nadu,16,Female,Primary,Domestic Help,Employed,37,4177,4,2025-02-05,False
REC000255,ENU0210,Karnataka,12,Male,Primary,None,Not in Labour Force,0,0,4,2025-05-05,False
REC000256,ENU0135,Maharashtra,43,Male,Illiterate,None,Not in Labour Force,0,0,5,2025-07-23,False
REC000257,ENU0109,Bihar,32,Male,Graduate,Clerk,Employed,36,5047,3,2025-07-03,False
REC000258,ENU0186,Andhra Pradesh,16,Female,Higher Secondary,Driver,Employed,37,10268,2,2025-11-16,False
REC000259,ENU0155,West Bengal,56,Male,Secondary,Street Vendor,Employed,43,8646,2,2025-11-14,False
REC000260,ENU0150,Assam,49,Female,Higher Secondary,Carpenter,Employed,22,6412,4,2025-01-28,False
REC000261,ENU0155,Assam,46,Female,Illiterate,Street Vendor,Employed,57,6552,6,2025-05-25,False
REC000262,ENU0170,Punjab,16,Male,Higher Secondary,Clerk,Employed,46,20417,7,2025-03-23,False
REC000263,ENU0077,Madhya Pradesh,13,Male,Primary,None,Not in Labour Force,0,0,1,2025-11-09,False
REC000264,ENU0119,Karnataka,31,Male,Graduate,None,Unemployed,0,0,4,2025-03-20,False
REC000265,ENU0222,Punjab,21,Female,Graduate,None,Unemployed,0,0,2,2025-07-20,False
REC000266,ENU0157,Uttar Pradesh,26,Male,Graduate,Teacher,Employed,45,24596,4,2025-09-01,False
REC000267,ENU0057,Rajasthan,31,Female,Secondary,Factory Worker,Employed,53,13742,1,2025-12-10,False
REC000268,ENU0180,Rajasthan,20,Male,Higher Secondary,None,Not in Labour Force,0,0,2,2025-03-28,False
REC000269,ENU0208,Rajasthan,16,Female,Secondary,Carpenter,Employed,32,7415,5,2025-04-22,False
REC000270,ENU0244,Maharashtra,29,Female,Higher Secondary,Driver,Employed,32,7136,4,2025-06-15,False
REC000271,ENU0194,Uttar Pradesh,36,Male,Graduate,Bank Employee,Employed,40,29680,5,2025-07-12,False
REC000272,ENU0102,Odisha,35,Female,Secondary,None,Not in Labour Force,0,0,4,2025-08-24,False
REC000273,ENU0115,Gujarat,55,Female,Secondary,Carpenter,Employed,33,7048,5,2025-06-06,False
REC000274,ENU0055,Bihar,60,Male,Graduate,None,Unemployed,0,0,5,2025-02-20,False
REC000275,ENU0115,Punjab,39,Male,Higher Secondary,Technician,Employed,60,21272,1,2025-10-22,False
REC000276,ENU0005,Rajasthan,15,Male,Secondary,None,Not in Labour Force,0,0,4,2025-06-18,False
REC000277,ENU0134,Maharashtra,45,Male,Higher Secondary,None,Not in Labour Force,0,0,7,2025-08-03,False
REC000278,ENU0121,Bihar,36,Female,Post Graduate,None,Unemployed,0,0,4,2025-02-26,False
REC000279,ENU0134,Rajasthan,26,Female,Graduate,Teacher,Employed,44,15280,5,2025-02-23,False
REC000280,ENU0043,Gujarat,28,Male,Graduate,None,Unemployed,0,0,5,2025-12-05,False
REC000281,ENU0230,Punjab,49,Male,Higher Secondary,None,Not in Labour Force,0,0,1,2025-01-03,False
REC000282,ENU0071,West Bengal,31,Male,Post Graduate,Government Officer,Employed,42,46682,3,2025-05-28,False
REC000283,ENU0127,Madhya Pradesh,27,Female,Secondary,None,Not in Labour Force,5,0,3,2025-09-15,False
REC000284,ENU0158,Gujarat,18,Male,Graduate,None,Not in Labour Force,0,0,5,2025-01-15,False
REC000285,ENU0029,Telangana,41,Female,Primary,None,Not in Labour Force,9,0,7,2025-12-08,False
REC000286,ENU0152,Kerala,31,Male,Higher Secondary,Driver,Employed,58,18765,2,2025-10-27,False
REC000287,ENU0172,Telangana,17,Female,Secondary,None,Not in Labour Force,0,0,3,2025-12-04,False
REC000288,ENU0160,Uttar Pradesh,65,Female,Illiterate,None,Not in Labour Force,0,0,3,2025-06-30,False
REC000289,ENU0240,Punjab,34,Male,Higher Secondary,Technician,Employed,40,8470,7,2025-07-26,False
REC000290,ENU0068,West Bengal,18,Male,Primary,None,Not in Labour Force,0,0,5,2025-10-22,False
REC000291,ENU0197,Uttar Pradesh,29,Female,Higher Secondary,Carpenter,Employed,23,6648,4,2025-10-04,False
REC000292,ENU0018,Gujarat,18,Female,Secondary,Street Vendor,Employed,28,5967,5,2025-12-27,False
REC000293,ENU0074,Odisha,35,Male,Higher Secondary,Shop Assistant,Employed,61,10154,4,2025-12-15,False
REC000294,ENU0179,Rajasthan,37,Female,Graduate,IT Professional,Employed,73,57501,3,2025-01-30,False
REC000295,ENU0043,Odisha,6,Male,Primary,None,Not in Labour Force,0,0,6,2025-07-23,False
REC000296,ENU0022,Karnataka,16,Female,Higher Secondary,Driver,Employed,62,18553,1,2025-08-01,False
REC000297,ENU0070,West Bengal,30,Female,Secondary,Driver,Employed,47,12282,4,2025-07-15,False
REC000298,ENU0138,Kerala,55,Male,Secondary,Carpenter,Employed,59,16438,3,2025-04-02,False
REC000299,ENU0184,Madhya Pradesh,29,Female,Secondary,Shop Assistant,Employed,40,8895,3,2025-10-20,False
REC000300,ENU0022,Maharashtra,30,Male,Graduate,None,Unemployed,0,0,5,2025-12-27,False
REC000301,ENU0136,Odisha,44,Female,Illiterate,Domestic Help,Employed,45,7070,3,2025-11-23,False
REC000302,ENU0115,Assam,22,Male,Secondary,None,Not in Labour Force,0,0,4,2025-08-31,False
REC000303,ENU0142,Madhya Pradesh,11,Female,Primary,None,Not in Labour Force,0,0,2,2025-10-28,False
REC000304,ENU0202,West Bengal,12,Male,Primary,None,Not in Labour Force,0,0,5,2025-01-28,False
REC000305,ENU0079,Assam,40,Female,Illiterate,None,Unemployed,0,0,4,2025-02-19,False
REC000306,ENU0152,Assam,35,Male,Post Graduate,Teacher,Employed,45,26144,4,2025-02-21,False
REC000307,ENU0138,Telangana,15,Female,Higher Secondary,None,Not in Labour Force,1,0,5,2025-07-31,False
REC000308,ENU0128,Kerala,27,Female,Graduate,Sales Executive,Employed,59,29570,2,2025-03-20,False
REC000309,ENU0043,Bihar,70,Male,Secondary,None,Unemployed,0,0,6,2025-01-30,False
REC000310,ENU0053,Rajasthan,34,Male,Higher Secondary,None,Unemployed,0,0,5,2025-12-19,False
REC000311,ENU0105,West Bengal,-5,Female,Secondary,Street Vendor,Employed,48,10777,5,2025-11-23,True
REC000312,ENU0063,Rajasthan,35,Female,Secondary,Street Vendor,Employed,53,7976,3,2025-07-20,False
REC000313,ENU0106,Kerala,24,Female,Secondary,Shop Assistant,Employed,41,13152,1,2025-05-01,False
REC000314,ENU0115,Tamil Nadu,32,Female,Primary,Agricultural Labourer,Employed,33,5868,4,2025-03-11,False
REC000315,ENU0045,Karnataka,71,Male,Higher Secondary,None,Not in Labour Force,6,0,2,2025-01-20,False
REC000316,ENU0067,Odisha,66,Female,Graduate,None,Not in Labour Force,0,0,1,2025-10-20,False
REC000317,ENU0249,Rajasthan,19,Female,Primary,Agricultural Labourer,Employed,48,5161,5,2025-08-17,False
REC000318,ENU0198,Andhra Pradesh,16,Male,Graduate,None,Unemployed,0,0,2,2025-06-04,False
REC000319,ENU0030,Madhya Pradesh,44,Female,Secondary,None,Unemployed,0,0,2,2025-09-02,False
REC000320,ENU0025,Madhya Pradesh,49,Female,Post Graduate,Bank Employee,Employed,41,43136,4,2025-09-21,False
REC000321,ENU0026,Punjab,30,Male,Higher Secondary,None,Not in Labour Force,0,0,1,2025-03-14,False
REC000322,ENU0224,Madhya Pradesh,37,Female,Primary,Factory Worker,Employed,41,12297,6,2025-04-14,False
REC000323,ENU0146,Tamil Nadu,60,Male,Higher Secondary,None,Not in Labour Force,2,0,5,2025-09-05,False
REC000324,ENU0064,Gujarat,68,Female,Secondary,None,Not in Labour Force,0,0,4,2025-06-07,False
REC000325,ENU0231,Assam,42,Female,Secondary,Street Vendor,Employed,37,7695,2,2025-07-18,False
REC000326,ENU0068,Telangana,30,Male,Secondary,Factory Worker,Employed,33,6871,3,2025-11-30,False
REC000327,ENU0210,Rajasthan,36,Male,Higher Secondary,Carpenter,Employed,30,6954,3,2025-06-26,False
REC000328,ENU0010,Assam,50,Male,Graduate,Bank Employee,Employed,63,82695,6,2025-04-27,False
REC000329,ENU0185,Uttar Pradesh,33,Male,Graduate,Teacher,Employed,36,15140,1,2025-09-05,False
REC000330,ENU0158,Karnataka,16,Male,Secondary,None,Unemployed,0,0,2,2025-04-20,False
REC000331,ENU0146,Madhya Pradesh,48,Female,Higher Secondary,Carpenter,Employed,65,24883,2,2025-04-23,False
REC000332,ENU0045,Odisha,8,Male,Primary,None,Not in Labour Force,0,0,4,2025-05-17,False
REC000333,ENU0013,Odisha,42,Male,Primary,None,Unemployed,0,0,4,2025-09-22,False
REC000334,ENU0072,Kerala,13,Male,Primary,None,Not in Labour Force,0,0,4,2025-10-05,False
REC000335,ENU0026,Odisha,6,Female,Primary,None,Not in Labour Force,0,0,1,2025-03-24,False
REC000336,ENU0015,Andhra Pradesh,24,Male,Secondary,None,Unemployed,0,0,6,2025-04-22,False
REC000337,ENU0070,Punjab,13,Female,Primary,None,Not in Labour Force,0,0,3,2025-08-22,False
REC000338,ENU0189,Uttar Pradesh,73,Other,Primary,None,Not in Labour Force,0,0,3,2025-07-25,False
REC000339,ENU0110,Odisha,32,Male,Higher Secondary,None,Unemployed,0,0,2,2025-10-24,False
REC000340,ENU0174,Kerala,29,Male,Secondary,Factory Worker,Employed,62,13700,3,2025-09-30,False
REC000341,ENU0073,Rajasthan,56,Female,Secondary,None,Not in Labour Force,0,0,7,2025-12-18,False
REC000342,ENU0086,Odisha,42,Female,Primary,Domestic Help,Employed,34,4078,2,2025-09-24,False
REC000343,ENU0070,Kerala,40,Female,Higher Secondary,Shop Assistant,Employed,40,8051,6,2025-01-23,False
REC000344,ENU0215,Odisha,17,Male,Post Graduate,None,Not in Labour Force,0,0,6,2025-08-25,False
REC000345,ENU0160,Uttar Pradesh,33,Female,Higher Secondary,None,Not in Labour Force,0,0,2,2025-08-30,False
REC000346,ENU0075,Maharashtra,47,Male,Higher Secondary,None,Not in Labour Force,0,0,3,2025-07-12,False
REC000347,ENU0087,Maharashtra,24,Male,Higher Secondary,None,Unemployed,0,0,5,2025-01-12,False
REC000348,ENU0116,Kerala,60,Male,Higher Secondary,None,Not in Labour Force,0,0,2,2025-03-03,False
REC000349,ENU0191,Telangana,31,Female,Illiterate,None,Not in Labour Force,0,0,3,2025-11-25,False
REC000350,ENU0018,Karnataka,53,Male,Higher Secondary,Carpenter,Employed,39,13672,4,2025-01-12,False
REC000351,ENU0095,Gujarat,56,Male,Graduate,Sales Executive,Employed,53,22185,3,2025-03-25,False
REC000352,ENU0150,Andhra Pradesh,12,Female,Primary,None,Not in Labour Force,2,0,3,2025-01-13,False
REC000353,ENU0250,Maharashtra,39,Male,Higher Secondary,Driver,Employed,65,18275,3,2025-08-01,False
REC000354,ENU0197,Telangana,12,Male,Primary,None,Not in Labour Force,0,0,6,2025-10-28,False
REC000355,ENU0001,Maharashtra,25,Female,Higher Secondary,Driver,Employed,47,14549,4,2025-06-23,False
REC000356,ENU0131,Madhya Pradesh,38,Male,Higher Secondary,Clerk,Employed,38,16871,4,2025-04-14,False
REC000357,ENU0031,Maharashtra,29,Female,Secondary,None,Unemployed,0,0,4,2025-11-27,False
REC000358,ENU0176,Bihar,54,Male,Secondary,Factory Worker,Unemployed,0,0,6,2025-11-05,False
REC000359,ENU0152,Tamil Nadu,35,Male,Graduate,Sales Executive,Employed,46,25083,5,2025-11-10,False
REC000360,ENU0224,Assam,17,Male,Graduate,Sales Executive,Employed,52,24655,3,2025-11-10,False
REC000361,ENU0112,Punjab,19,Female,Higher Secondary,None,Not in Labour Force,5,0,5,2025-04-10,False
REC000362,ENU0006,Telangana,17,Male,Higher Secondary,None,Unemployed,0,0,3,2025-02-11,False
REC000363,ENU0199,Gujarat,78,Male,Primary,None,Not in Labour Force,1,0,2,2025-05-09,False
REC000364,ENU0088,Madhya Pradesh,47,Male,Secondary,Driver,Employed,46,13362,7,2025-01-07,False
REC000365,ENU0222,Gujarat,16,Female,Graduate,Bank Employee,Employed,34,34298,3,2025-12-02,False
REC000366,ENU0073,Rajasthan,43,Female,Higher Secondary,Clerk,Employed,58,28425,3,2025-12-04,False
REC000367,ENU0208,Madhya Pradesh,19,Male,Post Graduate,None,Unemployed,0,0,3,2025-12-16,False
REC000368,ENU0147,Rajasthan,23,Female,Illiterate,Agricultural Labourer,Employed,59,14785,4,2025-03-29,False
REC000369,ENU0187,Gujarat,24,Female,Graduate,Bank Employee,Employed,19,11097,6,2025-04-29,False
REC000370,ENU0156,Punjab,39,Female,Post Graduate,Bank Employee,Employed,37,33285,4,2025-05-25,False
REC000371,ENU0179,Telangana,36,Male,Graduate,Sales Executive,Employed,55,26269,3,2025-12-08,False
REC000372,ENU0240,Kerala,48,Female,Post Graduate,IT Professional,Employed,34,43975,2,2025-06-25,False
REC000373,ENU0128,Bihar,22,Female,Post Graduate,None,Unemployed,0,0,5,2025-05-04,False
REC000374,ENU0156,Punjab,12,Male,Primary,None,Not in Labour Force,0,0,3,2025-01-07,False
REC000375,ENU0105,West Bengal,28,Female,Primary,None,Unemployed,0,0,1,2025-05-21,False
REC000376,ENU0149,Assam,25,Male,Secondary,Shop Assistant,Employed,32,6209,7,2025-01-21,False
REC000377,ENU0162,Madhya Pradesh,62,Female,Post Graduate,IT Professional,Employed,56,80458,4,2025-11-25,False
REC000378,ENU0021,Rajasthan,77,Male,Higher Secondary,None,Not in Labour Force,0,0,4,2025-01-23,False
REC000379,ENU0023,Rajasthan,44,Male,Secondary,Street Vendor,Employed,49,7344,6,2025-10-11,False
REC000380,ENU0069,Maharashtra,51,Male,Higher Secondary,Carpenter,Employed,31,11181,2,2025-01-09,False
REC000381,ENU0180,Maharashtra,16,Female,Graduate,Sales Executive,Employed,31,9764,4,2025-09-13,False
REC000382,ENU0187,Karnataka,38,Female,Graduate,Clerk,Employed,50,23630,4,2025-10-22,False
REC000383,ENU0136,Uttar Pradesh,40,Male,Secondary,None,Not in Labour Force,0,0,4,2025-01-13,False
REC000384,ENU0109,Odisha,28,Female,Secondary,Carpenter,Employed,35,11071,3,2025-06-26,False
REC000385,ENU0127,Karnataka,14,Female,Primary,None,Not in Labour Force,0,0,4,2025-09-10,False
REC000386,ENU0134,Kerala,37,Male,Secondary,Street Vendor,Employed,24,4313,2,2025-08-07,False
REC000387,ENU0006,Tamil Nadu,51,Male,Secondary,Street Vendor,Employed,27,4128,3,2025-07-01,False
REC000388,ENU0142,Madhya Pradesh,8,Male,Primary,None,Not in Labour Force,0,0,3,2025-05-04,False
REC000389,ENU0005,Assam,48,Male,Illiterate,Domestic Help,Employed,43,6766,6,2025-11-27,False
REC000390,ENU0013,Assam,31,Female,Graduate,None,Not in Labour Force,0,0,6,2025-03-24,False
REC000391,ENU0030,Gujarat,47,Male,Secondary,Shop Assistant,Employed,50,9441,5,2025-02-06,False
REC000392,ENU0031,Uttar Pradesh,35,Male,Primary,Domestic Help,Employed,26,1576,3,2025-03-04,False
REC000393,ENU0163,Madhya Pradesh,63,Female,Primary,None,Not in Labour Force,0,0,4,2025-08-08,False
REC000394,ENU0039,Bihar,27,Male,Illiterate,None,Unemployed,0,0,5,2025-12-17,False
REC000395,ENU0103,Rajasthan,16,Male,Higher Secondary,None,Unemployed,0,0,6,2025-12-04,False
REC000396,ENU0193,West Bengal,60,Female,Secondary,None,Not in Labour Force,0,0,8,2025-04-07,False
REC000397,ENU0173,Andhra Pradesh,31,Male,Graduate,Bank Employee,Employed,61,57408,1,2025-05-19,False
REC000398,ENU0211,Uttar Pradesh,55,Female,Graduate,Sales Executive,Employed,57,37745,1,2025-04-15,False
REC000399,ENU0067,Maharashtra,31,Male,Primary,Factory Worker,Employed,44,11282,6,2025-10-27,False
REC000400,ENU0159,Telangana,29,Female,Secondary,None,Unemployed,0,0,7,2025-06-27,False
REC000401,ENU0128,Maharashtra,24,Male,Illiterate,None,Not in Labour Force,0,0,2,2025-03-17,False
REC000402,ENU0200,Karnataka,21,Male,Secondary,None,Not in Labour Force,5,0,5,2025-11-27,False
REC000403,ENU0007,Karnataka,53,Female,Post Graduate,None,Not in Labour Force,7,0,0,2025-04-14,True
REC000404,ENU0215,Karnataka,45,Male,Higher Secondary,Carpenter,Employed,54,12604,3,2025-07-02,False
REC000405,ENU0177,Karnataka,42,Female,Higher Secondary,None,Unemployed,0,0,1,2025-08-27,False
REC000406,ENU0188,West Bengal,31,Female,Higher Secondary,Driver,Employed,41,14592,2,2025-06-26,False
REC000407,ENU0229,Karnataka,38,Male,Secondary,Shop Assistant,Employed,28,5404,5,2025-11-18,False
REC000408,ENU0007,Odisha,37,Male,Secondary,None,Not in Labour Force,0,0,3,2025-10-17,False
REC000409,ENU0220,Uttar Pradesh,68,Male,Secondary,None,Not in Labour Force,0,0,5,2025-04-03,False
REC000410,ENU0240,Telangana,31,Female,Primary,None,Unemployed,0,0,2,2025-05-23,False
REC000411,ENU0192,Odisha,33,Male,Secondary,Shop Assistant,Employed,41,8555,5,2025-06-07,False
REC000412,ENU0058,West Bengal,48,Male,Post Graduate,None,Not in Labour Force,0,0,6,2025-12-26,False
REC000413,ENU0166,Gujarat,37,Female,Graduate,None,Unemployed,0,0,12,2025-11-06,False
REC000414,ENU0143,Bihar,49,Male,Graduate,None,Unemployed,0,0,4,2025-02-22,False
REC000415,ENU0194,Maharashtra,28,Male,Primary,Factory Worker,Employed,59,18993,2,2025-11-08,False
REC000416,ENU0070,Telangana,18,Male,Post Graduate,Doctor,Employed,39,73166,1,2025-04-04,False
REC000417,ENU0211,Maharashtra,48,Female,Secondary,None,Not in Labour Force,4,0,7,2025-03-17,False
REC000418,ENU0227,Rajasthan,31,Female,Secondary,None,Not in Labour Force,6,0,7,2025-11-26,False
REC000419,ENU0071,Andhra Pradesh,82,Female,Graduate,None,Not in Labour Force,3,0,2,2025-03-19,False
REC000420,ENU0193,Punjab,16,Female,Higher Secondary,None,Unemployed,0,0,5,2025-09-17,False
REC000421,ENU0120,West Bengal,29,Male,Secondary,Shop Assistant,Employed,64,15823,2,2025-09-14,False
REC000422,ENU0066,West Bengal,37,Female,Primary,Construction Worker,Employed,35,5997,4,2025-02-25,False
REC000423,ENU0243,Kerala,30,Male,Secondary,Street Vendor,Employed,28,4565,6,2025-03-04,False
REC000424,ENU0169,Rajasthan,48,Male,Secondary,Carpenter,Employed,38,10428,3,2025-01-09,False
REC000425,ENU0078,Uttar Pradesh,42,Male,Secondary,Shop Assistant,Employed,62,18100,5,2025-06-07,False
REC000426,ENU0174,Uttar Pradesh,46,Male,Secondary,Street Vendor,Employed,72,9302,5,2025-01-09,False
REC000427,ENU0227,Karnataka,39,Male,Post Graduate,None,Not in Labour Force,0,0,2,2025-01-23,False
REC000428,ENU0089,Tamil Nadu,24,Female,Graduate,Clerk,Employed,32,10711,1,2025-10-19,False
REC000429,ENU0226,Maharashtra,24,Male,Secondary,Street Vendor,Employed,48,8671,5,2025-10-20,False
REC000430,ENU0188,Tamil Nadu,40,Female,Post Graduate,None,Not in Labour Force,0,0,3,2025-04-07,False
REC000431,ENU0176,Assam,41,Female,Primary,Construction Worker,Employed,50,8933,5,2025-12-19,False
REC000432,ENU0055,Madhya Pradesh,43,Male,Secondary,Carpenter,Employed,38,11947,2,2025-06-19,False
REC000433,ENU0097,Karnataka,41,Male,Secondary,Shop Assistant,Employed,36,7530,4,2025-08-16,False
REC000434,ENU0228,Rajasthan,43,Female,Graduate,Teacher,Employed,51,27848,5,2025-01-23,False
REC000435,ENU0062,Karnataka,16,Female,Post Graduate,None,Not in Labour Force,5,0,4,2025-01-11,False
REC000436,ENU0002,Uttar Pradesh,36,Female,Secondary,None,Not in Labour Force,2,0,6,2025-07-29,False
REC000437,ENU0227,Uttar Pradesh,27,Male,Post Graduate,Engineer,Employed,34,51344,6,2025-07-05,False
REC000438,ENU0175,Assam,21,Male,Post Graduate,None,Not in Labour Force,0,0,4,2025-12-25,False
REC000439,ENU0083,Gujarat,38,Female,Primary,Street Vendor,Employed,70,9604,3,2025-07-13,False
REC000440,ENU0183,Tamil Nadu,60,Female,Secondary,Factory Worker,Employed,33,6811,4,2025-05-17,False
REC000441,ENU0208,Maharashtra,41,Male,Graduate,None,Not in Labour Force,3,0,1,2025-09-29,False
REC000442,ENU0028,Assam,55,Female,Primary,Domestic Help,Employed,61,6186,6,2025-06-25,False
REC000443,ENU0195,Kerala,36,Female,Secondary,None,Unemployed,0,0,6,2025-10-19,False
REC000444,ENU0098,Punjab,45,Female,Illiterate,None,Not in Labour Force,0,0,6,2025-09-02,False
REC000445,ENU0076,Madhya Pradesh,14,Female,Primary,None,Not in Labour Force,0,0,3,2025-07-10,False
REC000446,ENU0001,Kerala,30,Male,Illiterate,None,Not in Labour Force,9,0,6,2025-12-18,False
REC000447,ENU0127,Karnataka,15,Male,Higher Secondary,None,Not in Labour Force,0,0,5,2025-02-19,False
REC000448,ENU0128,Maharashtra,45,Male,Illiterate,Agricultural Labourer,Employed,35,4676,5,2025-12-08,False
REC000449,ENU0014,Punjab,40,Male,Higher Secondary,Technician,Employed,39,10605,1,2025-03-10,False
REC000450,ENU0137,Karnataka,13,Female,Primary,None,Not in Labour Force,0,0,6,2025-05-11,False
REC000451,ENU0231,Madhya Pradesh,45,Male,Primary,Agricultural Labourer,Employed,48,8440,9,2025-06-05,False
REC000452,ENU0072,Andhra Pradesh,27,Male,Illiterate,Construction Worker,Employed,36,9017,3,2025-09-23,False
REC000453,ENU0161,Gujarat,50,Male,Higher Secondary,None,Not in Labour Force,0,0,3,2025-06-22,False
REC000454,ENU0090,Tamil Nadu,18,Male,Primary,Agricultural Labourer,Employed,44,7735,3,2025-08-27,False
REC000455,ENU0043,Rajasthan,32,Male,Primary,Domestic Help,Employed,37,5262,2,2025-12-31,False
REC000456,ENU0185,Uttar Pradesh,29,Male,Illiterate,None,Not in Labour Force,0,0,5,2025-03-20,False
REC000457,ENU0184,Maharashtra,42,Female,Higher Secondary,Driver,Employed,40,13816,5,2025-05-17,False
REC000458,ENU0143,Karnataka,33,Male,Higher Secondary,None,Unemployed,0,0,3,2025-08-26,False
REC000459,ENU0188,Madhya Pradesh,43,Male,Graduate,Sales Executive,Employed,58,36768,5,2025-05-08,False
REC000460,ENU0228,Rajasthan,34,Female,Higher Secondary,Clerk,Employed,37,13554,4,2025-08-29,False
REC000461,ENU0054,Assam,41,Female,Graduate,Sales Executive,Employed,45,24844,5,2025-04-20,False
REC000462,ENU0219,Gujarat,27,Male,Graduate,Bank Employee,Employed,42,38700,1,2025-03-03,False
REC000463,ENU0225,Odisha,14,Male,Primary,None,Not in Labour Force,0,0,3,2025-07-31,False
REC000464,ENU0017,Tamil Nadu,21,Male,Primary,Agricultural Labourer,Employed,44,4741,7,2025-11-12,False
REC000465,ENU0081,Telangana,46,Male,Graduate,Clerk,Employed,44,18961,5,2025-01-08,False
REC000466,ENU0166,Andhra Pradesh,36,Female,Illiterate,None,Not in Labour Force,0,0,6,2025-02-01,False
REC000467,ENU0236,Bihar,26,Female,Secondary,None,Unemployed,0,0,2,2025-10-21,False
REC000468,ENU0233,Tamil Nadu,20,Female,Secondary,Carpenter,Employed,28,10318,6,2025-12-08,False
REC000469,ENU0233,Punjab,30,Female,Secondary,None,Not in Labour Force,3,0,7,2025-06-04,False
REC000470,ENU0195,Odisha,43,Male,Primary,Factory Worker,Employed,47,9286,2,2025-07-12,False
REC000471,ENU0248,Assam,61,Female,Higher Secondary,Driver,Employed,46,15723,7,2025-11-28,False
REC000472,ENU0089,Madhya Pradesh,51,Male,Post Graduate,Government Officer,Employed,42,33553,2,2025-08-17,False
REC000473,ENU0002,Tamil Nadu,41,Female,Higher Secondary,None,Not in Labour Force,0,0,2,2025-10-06,False
REC000474,ENU0240,Tamil Nadu,62,Male,Higher Secondary,Technician,Employed,25,10937,5,2025-07-17,False
REC000475,ENU0134,Tamil Nadu,32,Female,Secondary,Street Vendor,Employed,62,6413,6,2025-06-14,False
REC000476,ENU0022,Karnataka,10,Female,Primary,None,Not in Labour Force,0,0,3,2025-03-29,False
REC000477,ENU0185,Bihar,41,Male,Secondary,Carpenter,Unemployed,0,0,3,2025-03-17,False
REC000478,ENU0125,Punjab,18,Male,Graduate,Teacher,Employed,61,32389,5,2025-07-11,False
REC000479,ENU0226,Tamil Nadu,49,Female,Secondary,None,Not in Labour Force,0,0,9,2025-07-16,False
REC000480,ENU0220,West Bengal,30,Female,Graduate,None,Unemployed,0,0,4,2025-04-28,False
REC000481,ENU0235,West Bengal,30,Male,Primary,Agricultural Labourer,Employed,46,8928,4,2025-10-06,False
REC000482,ENU0071,Tamil Nadu,46,Male,Primary,None,Unemployed,0,0,4,2025-04-09,False
REC000483,ENU0116,Rajasthan,18,Male,Higher Secondary,None,Not in Labour Force,0,0,6,2025-12-11,False
REC000484,ENU0105,Telangana,36,Female,Graduate,Teacher,Employed,70,32615,3,2025-05-12,False
REC000485,ENU0222,Tamil Nadu,23,Female,Higher Secondary,None,Unemployed,0,0,3,2025-09-19,False
REC000486,ENU0068,Assam,23,Female,Secondary,Shop Assistant,Employed,50,11859,4,2025-02-04,False
REC000487,ENU0184,Madhya Pradesh,41,Male,Primary,Street Vendor,Employed,34,4369,3,2025-10-21,False
REC000488,ENU0242,West Bengal,16,Male,Secondary,None,Unemployed,0,0,6,2025-11-26,False
REC000489,ENU0164,Kerala,39,Male,Primary,Domestic Help,Employed,0,178900,2,2025-10-06,True
REC000490,ENU0170,Tamil Nadu,44,Male,Higher Secondary,Technician,Employed,48,16488,7,2025-10-20,False
REC000491,ENU0035,Andhra Pradesh,30,Male,Post Graduate,Doctor,Employed,32,74783,4,2025-05-14,False
REC000492,ENU0113,Madhya Pradesh,23,Male,Secondary,Driver,Employed,52,10766,7,2025-03-12,False
REC000493,ENU0145,Gujarat,36,Male,Primary,Street Vendor,Employed,48,9559,6,2025-02-03,False
REC000494,ENU0015,Gujarat,25,Female,Secondary,Street Vendor,Employed,34,4495,5,2025-10-03,False
REC000495,ENU0247,Maharashtra,44,Male,Secondary,None,Not in Labour Force,3,0,3,2025-11-11,False
REC000496,ENU0009,Bihar,36,Male,Higher Secondary,None,Unemployed,0,0,6,2025-04-12,False
REC000497,ENU0198,Andhra Pradesh,7,Female,Primary,None,Not in Labour Force,0,0,4,2025-10-04,False
REC000498,ENU0079,Assam,8,Male,Primary,None,Not in Labour Force,0,0,7,2025-05-16,False
REC000499,ENU0005,Punjab,48,Male,Primary,Street Vendor,Employed,48,7482,2,2025-03-24,False
REC000500,ENU0071,Bihar,56,Female,Primary,None,Not in Labour Force,0,0,3,2025-08-14,False
REC000501,ENU0195,Odisha,39,Male,Illiterate,Domestic Help,Employed,44,6155,6,2025-10-06,False
REC000502,ENU0165,Kerala,78,Male,Secondary,None,Not in Labour Force,3,0,5,2025-05-24,False
REC000503,ENU0141,Punjab,37,Female,Secondary,Factory Worker,Employed,45,11200,3,2025-05-09,False
REC000504,ENU0234,Karnataka,7,Female,Primary,None,Not in Labour Force,0,0,3,2025-07-08,False
REC000505,ENU0067,Karnataka,22,Female,Primary,Agricultural Labourer,Employed,47,6515,6,2025-08-11,False
REC000506,ENU0231,Maharashtra,25,Female,Primary,None,Not in Labour Force,2,0,10,2025-06-03,False
REC000507,ENU0127,Karnataka,41,Male,Higher Secondary,None,Not in Labour Force,0,0,4,2025-04-16,False
REC000508,ENU0028,Maharashtra,31,Male,Graduate,Teacher,Employed,47,29216,5,2025-10-01,False
REC000509,ENU0002,Karnataka,27,Male,Post Graduate,None,Not in Labour Force,0,0,4,2025-01-14,False
REC000510,ENU0242,Tamil Nadu,21,Male,Primary,Factory Worker,Employed,29,8937,1,2025-07-30,False
REC000511,ENU0245,Madhya Pradesh,34,Male,Higher Secondary,Shop Assistant,Employed,51,9731,6,2025-04-27,False
REC000512,ENU0052,Telangana,46,Female,Illiterate,Domestic Help,Employed,57,6840,3,2025-12-20,False
REC000513,ENU0031,Kerala,28,Female,Graduate,IT Professional,Employed,44,54224,2,2025-03-29,False
REC000514,ENU0187,Odisha,45,Female,Graduate,Teacher,Employed,49,19682,7,2025-07-26,False
REC000515,ENU0229,Uttar Pradesh,53,Male,Higher Secondary,None,Not in Labour Force,0,0,6,2025-07-25,False
REC000516,ENU0181,Bihar,44,Male,Secondary,Factory Worker,Employed,37,3360,5,2025-01-26,False
REC000517,ENU0018,Gujarat,48,Male,Graduate,IT Professional,Employed,49,73038,5,2025-07-23,False
REC000518,ENU0223,Uttar Pradesh,38,Female,Primary,Construction Worker,Employed,42,10369,5,2025-11-28,False
REC000519,ENU0029,Rajasthan,42,Female,Primary,Factory Worker,Employed,35,11374,6,2025-06-30,False
REC000520,ENU0029,Uttar Pradesh,60,Female,Secondary,Driver,Employed,36,4847803,3,2025-10-12,True
REC000521,ENU0128,Maharashtra,36,Female,Secondary,Factory Worker,Employed,34,9710,2,2025-08-11,False
REC000522,ENU0230,Maharashtra,32,Male,Secondary,Street Vendor,Employed,48,8812,4,2025-09-01,False
REC000523,ENU0118,Rajasthan,8,Male,Primary,None,Not in Labour Force,2,0,2,2025-10-01,False
REC000524,ENU0073,Maharashtra,35,Female,Graduate,Teacher,Employed,40,25770,5,2025-08-17,False
REC000525,ENU0211,Tamil Nadu,40,Female,Graduate,IT Professional,Employed,34,29564,7,2025-06-04,False
REC000526,ENU0114,Rajasthan,40,Male,Primary,Agricultural Labourer,Employed,38,5219,2,2025-04-23,False
REC000527,ENU0036,Odisha,40,Male,Secondary,Carpenter,Employed,19,7188,8,2025-07-13,False
REC000528,ENU0004,Odisha,44,Male,Secondary,Shop Assistant,Employed,38,6054,2,2025-04-18,False
REC000529,ENU0120,Odisha,29,Male,Primary,Factory Worker,Employed,47,11572,1,2025-03-31,False
REC000530,ENU0047,Telangana,41,Male,Primary,None,Not in Labour Force,0,0,4,2025-04-21,False
REC000531,ENU0077,Kerala,150,Female,Higher Secondary,Carpenter,Employed,47,13539,1,2025-10-14,True
REC000532,ENU0128,Assam,29,Male,Secondary,None,Unemployed,0,0,4,2025-08-27,False
REC000533,ENU0083,Madhya Pradesh,38,Female,Secondary,Driver,Employed,36,6049,5,2025-05-19,False
REC000534,ENU0049,Punjab,48,Female,Primary,None,Not in Labour Force,8,0,5,2025-07-15,False
REC000535,ENU0221,Madhya Pradesh,11,Female,Primary,None,Not in Labour Force,8,0,6,2025-03-18,False
REC000536,ENU0229,Kerala,24,Female,Graduate,Clerk,Employed,62,23427,4,2025-09-13,False
REC000537,ENU0240,Maharashtra,84,Male,Secondary,None,Not in Labour Force,0,0,4,2025-09-27,False
REC000538,ENU0216,Telangana,30,Female,Secondary,Driver,Employed,42,7421,4,2025-08-09,False
REC000539,ENU0076,Bihar,37,Female,Higher Secondary,None,Not in Labour Force,0,0,4,2025-07-26,False
REC000540,ENU0027,Telangana,88,Female,Primary,None,Not in Labour Force,0,0,2,2025-12-25,False
REC000541,ENU0179,Andhra Pradesh,31,Female,Secondary,None,Not in Labour Force,0,0,5,2025-03-15,False
REC000542,ENU0128,Kerala,21,Female,Graduate,Sales Executive,Employed,53,18384,6,2025-10-11,False
REC000543,ENU0189,Maharashtra,24,Male,Graduate,Clerk,Employed,51,31500,2,2025-03-01,False
REC000544,ENU0047,Bihar,62,Female,Post Graduate,Bank Employee,Unemployed,0,0,9,2025-12-24,False
REC000545,ENU0079,Maharashtra,54,Female,Higher Secondary,Carpenter,Employed,69,22474,6,2025-04-18,False
REC000546,ENU0156,Assam,43,Male,Post Graduate,Government Officer,Employed,35,40102,10,2025-06-22,False
REC000547,ENU0126,Madhya Pradesh,45,Male,Higher Secondary,None,Not in Labour Force,7,0,2,2025-12-29,False
REC000548,ENU0146,Kerala,58,Female,Graduate,None,Not in Labour Force,4,0,4,2025-02-04,False
REC000549,ENU0172,Madhya Pradesh,14,Female,Primary,None,Not in Labour Force,0,0,5,2025-08-01,False
REC000550,ENU0243,Andhra Pradesh,37,Female,Secondary,Shop Assistant,Employed,43,8962,2,2025-08-12,False
REC000551,ENU0097,Telangana,42,Female,Primary,Agricultural Labourer,Employed,64,10075,4,2025-03-22,False
REC000552,ENU0081,Uttar Pradesh,32,Female,Graduate,Bank Employee,Employed,27,23591,4,2025-04-08,False
REC000553,ENU0160,Karnataka,43,Male,Secondary,Carpenter,Employed,53,13359,5,2025-02-17,False
REC000554,ENU0234,Madhya Pradesh,50,Female,Higher Secondary,Technician,Employed,56,22089,2,2025-01-16,False
REC000555,ENU0046,Madhya Pradesh,48,Male,Higher Secondary,None,Not in Labour Force,0,0,1,2025-02-12,False
REC000556,ENU0157,Uttar Pradesh,84,Female,Higher Secondary,None,Not in Labour Force,2,0,2,2025-11-24,False
REC000557,ENU0051,Rajasthan,31,Female,Higher Secondary,None,Unemployed,0,0,2,2025-04-23,False
REC000558,ENU0104,Madhya Pradesh,52,Male,Post Graduate,None,Not in Labour Force,0,0,7,2025-07-06,False
REC000559,ENU0200,Rajasthan,61,Male,Higher Secondary,None,Not in Labour Force,0,0,3,2025-07-03,False
REC000560,ENU0052,Karnataka,27,Female,Illiterate,Agricultural Labourer,Employed,34,4326,6,2025-01-11,False
REC000561,ENU0150,Tamil Nadu,45,Female,Higher Secondary,None,Unemployed,0,0,1,2025-10-18,False
REC000562,ENU0054,Madhya Pradesh,39,Female,Primary,Construction Worker,Employed,33,7288,2,2025-07-05,False
REC000563,ENU0236,Gujarat,49,Male,Illiterate,None,Not in Labour Force,0,0,4,2025-09-01,False
REC000564,ENU0179,Odisha,29,Male,Illiterate,Agricultural Labourer,Employed,52,6779,4,2025-04-26,False
REC000565,ENU0070,Punjab,49,Female,Illiterate,Domestic Help,Employed,75,6426,7,2025-08-04,False
REC000566,ENU0097,Uttar Pradesh,76,Female,Primary,None,Not in Labour Force,0,0,3,2025-12-01,False
REC000567,ENU0182,Madhya Pradesh,27,Female,Illiterate,Construction Worker,Employed,48,10878,3,2025-06-24,False
REC000568,ENU0213,Karnataka,24,Male,Post Graduate,Doctor,Employed,47,73372,3,2025-05-18,False
REC000569,ENU0177,Andhra Pradesh,37,Male,Post Graduate,Engineer,Employed,41,54217,4,2025-07-15,False
REC000570,ENU0115,West Bengal,77,Female,Graduate,None,Not in Labour Force,0,0,3,2025-06-14,False
REC000571,ENU0196,Bihar,36,Female,Primary,Domestic Help,Employed,50,2588,5,2025-10-30,False
REC000572,ENU0092,West Bengal,27,Female,Primary,Construction Worker,Employed,46,11916,2,2025-03-29,False
REC000573,ENU0034,Madhya Pradesh,9,Male,Primary,None,Not in Labour Force,0,0,3,2025-04-28,False
REC000574,ENU0224,Andhra Pradesh,33,Male,Primary,Construction Worker,Employed,55,10833,3,2025-11-15,False
REC000575,ENU0127,Assam,22,Male,Higher Secondary,None,Unemployed,0,0,3,2025-05-24,False
REC000576,ENU0062,Uttar Pradesh,30,Male,Primary,Domestic Help,Employed,67,9825,6,2025-10-28,False
REC000577,ENU0107,Assam,17,Male,Graduate,None,Not in Labour Force,0,0,5,2025-06-20,False
REC000578,ENU0045,Bihar,19,Female,Graduate,None,Not in Labour Force,1,0,8,2025-09-09,False
REC000579,ENU0158,Bihar,46,Male,Higher Secondary,Carpenter,Employed,37,2993,8,2025-11-11,False
REC000580,ENU0148,Uttar Pradesh,25,Male,Secondary,Driver,Employed,44,12046,3,2025-04-16,False
REC000581,ENU0046,Maharashtra,23,Female,Graduate,Clerk,Employed,49,19891,4,2025-02-15,False
REC000582,ENU0049,Madhya Pradesh,35,Female,Primary,Factory Worker,Employed,35,7873,4,2025-05-07,False
REC000583,ENU0220,Tamil Nadu,32,Male,Graduate,Clerk,Employed,18,10126,5,2025-08-29,False
REC000584,ENU0229,Maharashtra,18,Other,Secondary,None,Unemployed,0,0,7,2025-04-14,False
REC000585,ENU0198,Madhya Pradesh,30,Female,Post Graduate,Doctor,Employed,52,117021,3,2025-06-15,False
REC000586,ENU0051,Punjab,47,Female,Higher Secondary,Driver,Employed,45,12135,8,2025-05-07,False
REC000587,ENU0164,Telangana,150,Male,Illiterate,Agricultural Labourer,Employed,28,3819,5,2025-10-24,True
REC000588,ENU0118,Tamil Nadu,29,Male,Illiterate,Agricultural Labourer,Employed,65,10015,4,2025-04-15,False
REC000589,ENU0146,Uttar Pradesh,52,Female,Primary,Factory Worker,Employed,60,14230,6,2025-12-23,False
REC000590,ENU0189,West Bengal,37,Female,Higher Secondary,Clerk,Employed,60,20666,3,2025-01-22,False
REC000591,ENU0176,Odisha,29,Female,Higher Secondary,Technician,Employed,69,22891,2,2025-02-07,False
REC000592,ENU0211,West Bengal,27,Female,Illiterate,Agricultural Labourer,Employed,43,7343,10,2025-04-09,False
REC000593,ENU0130,Maharashtra,34,Female,Graduate,IT Professional,Employed,54,63414,4,2025-11-27,False
REC000594,ENU0239,Bihar,66,Male,Higher Secondary,None,Not in Labour Force,0,0,4,2025-11-19,False
REC000595,ENU0107,Punjab,33,Male,Higher Secondary,None,Not in Labour Force,0,0,8,2025-07-31,False
REC000596,ENU0160,Uttar Pradesh,5,Male,Illiterate,None,Not in Labour Force,0,0,7,2025-05-14,False
REC000597,ENU0133,Punjab,16,Male,Graduate,None,Unemployed,0,0,3,2025-06-18,False
REC000598,ENU0143,Punjab,61,Male,Primary,None,Not in Labour Force,0,0,3,2025-04-23,False
REC000599,ENU0112,Punjab,10,Female,Post Graduate,IT Professional,Employed,28,0,4,2025-02-19,True
REC000600,ENU0077,Bihar,21,Male,Secondary,None,Unemployed,0,0,3,2025-09-01,False
REC000601,ENU0119,Bihar,40,Male,Secondary,None,Unemployed,0,0,5,2025-09-10,False
REC000602,ENU0157,Bihar,22,Male,Secondary,None,Not in Labour Force,1,0,7,2025-10-24,False
REC000603,ENU0211,Odisha,44,Male,Higher Secondary,Carpenter,Employed,52,17303,1,2025-09-25,False
REC000604,ENU0058,Telangana,16,Female,Higher Secondary,None,Not in Labour Force,0,0,4,2025-06-14,False
REC000605,ENU0155,Telangana,42,Female,Secondary,Shop Assistant,Employed,59,9336,1,2025-03-12,False
REC000606,ENU0113,Uttar Pradesh,53,Female,Higher Secondary,Shop Assistant,Employed,58,9923,3,2025-07-03,False
REC000607,ENU0090,Maharashtra,29,Female,Secondary,None,Unemployed,0,0,4,2025-08-08,False
REC000608,ENU0168,Bihar,21,Male,Primary,Factory Worker,Unemployed,0,0,8,2025-12-10,False
REC000609,ENU0083,Telangana,70,Female,Secondary,None,Not in Labour Force,0,0,3,2025-05-06,False
REC000610,ENU0021,Kerala,35,Male,Higher Secondary,Carpenter,Employed,44,19544,1,2025-08-14,False
REC000611,ENU0182,Tamil Nadu,27,Male,Post Graduate,IT Professional,Employed,50,26979,4,2025-05-01,False
REC000612,ENU0007,Maharashtra,-5,Female,Secondary,Driver,Employed,51,16669,6,2025-02-22,True
REC000613,ENU0248,Punjab,33,Male,Graduate,IT Professional,Employed,35,39452,5,2025-09-11,False
REC000614,ENU0135,Telangana,24,Male,Graduate,None,Unemployed,0,0,4,2025-05-13,False
REC000615,ENU0070,Gujarat,12,Female,Primary,None,Not in Labour Force,0,0,6,2025-11-28,False
REC000616,ENU0059,Bihar,37,Female,Primary,Domestic Help,Unemployed,0,0,6,2025-05-28,False
REC000617,ENU0171,Telangana,16,Female,Secondary,Street Vendor,Employed,40,6422,2,2025-04-22,False
REC000618,ENU0235,Kerala,35,Male,Primary,Domestic Help,Employed,49,6694,2,2025-02-19,False
REC000619,ENU0059,West Bengal,39,Male,Post Graduate,Doctor,Employed,52,126273,4,2025-02-01,False
REC000620,ENU0233,Bihar,63,Female,Primary,None,Not in Labour Force,0,0,2,2025-12-17,False
REC000621,ENU0052,Madhya Pradesh,24,Male,Primary,Factory Worker,Employed,58,5269,3,2025-03-27,False
REC000622,ENU0135,Tamil Nadu,35,Female,Post Graduate,Bank Employee,Employed,21,15003,5,2025-01-24,False
REC000623,ENU0191,West Bengal,11,Male,Primary,None,Not in Labour Force,6,0,3,2025-09-03,False
REC000624,ENU0208,Telangana,43,Female,Secondary,None,Not in Labour Force,8,0,4,2025-07-26,False
REC000625,ENU0066,Madhya Pradesh,24,Male,Secondary,None,Unemployed,0,0,4,2025-12-24,False
REC000626,ENU0072,Gujarat,50,Female,Higher Secondary,Carpenter,Employed,27,9862,2,2025-02-12,False
REC000627,ENU0146,West Bengal,52,Male,Secondary,None,Not in Labour Force,0,0,3,2025-02-25,False
REC000628,ENU0187,Andhra Pradesh,55,Female,Secondary,Shop Assistant,Employed,35,7498,3,2025-01-18,False
REC000629,ENU0247,West Bengal,41,Male,Higher Secondary,Shop Assistant,Employed,32,8194,6,2025-10-12,False
REC000630,ENU0121,Karnataka,17,Male,Secondary,Driver,Employed,46,16229,3,2025-04-12,False
REC000631,ENU0006,Rajasthan,61,Male,Higher Secondary,None,Not in Labour Force,0,0,2,2025-05-01,False
REC000632,ENU0139,Odisha,45,Female,Graduate,IT Professional,Employed,44,46898,4,2025-06-30,False
REC000633,ENU0147,West Bengal,42,Male,Secondary,Carpenter,Employed,42,10863,5,2025-06-24,False
REC000634,ENU0055,Madhya Pradesh,27,Male,Secondary,None,Unemployed,0,0,5,2025-09-19,False
REC000635,ENU0228,Karnataka,17,Female,Primary,None,Not in Labour Force,0,0,7,2025-07-24,False
REC000636,ENU0015,Bihar,32,Female,Secondary,Street Vendor,Employed,55,2886,4,2025-03-11,False
REC000637,ENU0105,Gujarat,30,Female,Primary,None,Unemployed,0,0,3,2025-03-06,False
REC000638,ENU0008,Tamil Nadu,31,Male,Post Graduate,None,Unemployed,0,0,4,2025-07-09,False
REC000639,ENU0094,Tamil Nadu,15,Male,Illiterate,None,Not in Labour Force,0,0,3,2025-10-24,False
REC000640,ENU0055,Bihar,16,Male,Secondary,Carpenter,Unemployed,0,0,5,2025-06-13,False
REC000641,ENU0077,Bihar,45,Male,Higher Secondary,Shop Assistant,Unemployed,0,0,5,2025-09-11,False
REC000642,ENU0106,Maharashtra,31,Female,Illiterate,None,Not in Labour Force,0,0,4,2025-07-07,False
REC000643,ENU0171,Rajasthan,8,Female,Primary,None,Not in Labour Force,0,0,4,2025-05-09,False
REC000644,ENU0150,Andhra Pradesh,9,Male,Primary,None,Not in Labour Force,2,0,3,2025-01-14,False
REC000645,ENU0208,Gujarat,7,Female,Primary,None,Not in Labour Force,0,0,5,2025-05-20,False
REC000646,ENU0040,Gujarat,36,Male,Primary,None,Not in Labour Force,0,0,1,2025-04-21,False
REC000647,ENU0145,Gujarat,36,Male,Primary,Construction Worker,Employed,41,7665,3,2025-02-22,False
REC000648,ENU0088,Tamil Nadu,33,Female,Primary,Factory Worker,Employed,50,9821,2,2025-11-11,False
REC000649,ENU0071,Rajasthan,64,Female,Graduate,None,Not in Labour Force,0,0,3,2025-11-24,False
REC000650,ENU0074,Andhra Pradesh,77,Male,Post Graduate,None,Not in Labour Force,0,0,1,2025-11-26,False
REC000651,ENU0079,Madhya Pradesh,38,Male,Higher Secondary,Shop Assistant,Employed,30,8859,3,2025-03-24,False
REC000652,ENU0184,Uttar Pradesh,75,Female,Secondary,None,Not in Labour Force,0,0,1,2025-08-14,False
REC000653,ENU0056,Assam,5,Female,Illiterate,None,Not in Labour Force,0,0,4,2025-08-10,False
REC000654,ENU0232,Madhya Pradesh,37,Male,Higher Secondary,None,Not in Labour Force,8,0,3,2025-02-22,False
REC000655,ENU0147,Maharashtra,27,Female,Post Graduate,None,Unemployed,0,0,2,2025-08-06,False
REC000656,ENU0234,Madhya Pradesh,33,Female,Secondary,Driver,Employed,56,13843,4,2025-02-01,False
REC000657,ENU0143,Rajasthan,19,Female,Primary,None,Not in Labour Force,0,0,3,2025-02-19,False
REC000658,ENU0119,Gujarat,29,Male,Primary,None,Not in Labour Force,0,0,3,2025-10-03,False
REC000659,ENU0037,Odisha,37,Female,Secondary,Shop Assistant,Employed,39,10530,5,2025-02-06,False
REC000660,ENU0207,Kerala,48,Male,Post Graduate,None,Not in Labour Force,0,0,4,2025-11-08,False
REC000661,ENU0235,Punjab,50,Male,Primary,None,Not in Labour Force,0,0,4,2025-01-06,False
REC000662,ENU0030,Odisha,34,Male,Secondary,Carpenter,Employed,39,12905,5,2025-04-18,False
REC000663,ENU0067,West Bengal,32,Male,Higher Secondary,None,Not in Labour Force,1,0,1,2025-11-01,False
REC000664,ENU0155,Tamil Nadu,60,Female,Graduate,Clerk,Employed,65,24143,4,2025-07-01,False
REC000665,ENU0117,Assam,37,Female,Graduate,IT Professional,Employed,51,85702,4,2025-03-11,False
REC000666,ENU0249,Maharashtra,25,Male,Graduate,None,Unemployed,0,0,8,2025-01-05,False
REC000667,ENU0190,Odisha,16,Male,Secondary,Driver,Employed,48,11057,2,2025-09-13,False
REC000668,ENU0088,Bihar,33,Female,Post Graduate,None,Unemployed,0,0,3,2025-04-19,False
REC000669,ENU0023,Bihar,39,Male,Secondary,Street Vendor,Employed,36,585,6,2025-08-12,False
REC000670,ENU0047,Andhra Pradesh,41,Male,Graduate,Sales Executive,Employed,56,33694,5,2025-05-28,False
REC000671,ENU0122,Punjab,45,Female,Secondary,None,Not in Labour Force,0,0,3,2025-12-03,False
REC000672,ENU0022,West Bengal,49,Female,Secondary,Carpenter,Employed,51,17767,2,2025-12-16,False
REC000673,ENU0176,Kerala,30,Female,Graduate,None,Not in Labour Force,0,0,2,2025-04-28,False
REC000674,ENU0161,Uttar Pradesh,38,Female,Secondary,Carpenter,Employed,44,12667,9,2025-09-02,False
REC000675,ENU0085,Rajasthan,7,Female,Primary,None,Not in Labour Force,5,0,3,2025-07-04,False
REC000676,ENU0051,Andhra Pradesh,12,Female,Primary,None,Not in Labour Force,0,0,7,2025-12-14,False
REC000677,ENU0036,Tamil Nadu,46,Male,Secondary,Carpenter,Employed,43,12527,7,2025-06-20,False
REC000678,ENU0197,Andhra Pradesh,12,Female,Primary,None,Not in Labour Force,0,0,1,2025-01-21,False
REC000679,ENU0062,Odisha,57,Female,Secondary,Driver,Employed,40,14745,10,2025-08-13,False
REC000680,ENU0154,Uttar Pradesh,42,Male,Secondary,Street Vendor,Employed,33,5638,1,2025-02-16,False
REC000681,ENU0198,Assam,46,Male,Graduate,None,Not in Labour Force,0,0,3,2025-02-06,False
REC000682,ENU0060,Karnataka,49,Female,Higher Secondary,Driver,Employed,40,12196,4,2025-09-10,False
REC000683,ENU0088,Maharashtra,36,Male,Higher Secondary,Carpenter,Employed,52,20173,5,2025-07-05,False
REC000684,ENU0238,Assam,49,Male,Higher Secondary,Carpenter,Employed,52,13192,6,2025-03-22,False
REC000685,ENU0228,Karnataka,66,Female,Primary,None,Not in Labour Force,0,0,3,2025-06-20,False
REC000686,ENU0071,Uttar Pradesh,44,Male,Graduate,Teacher,Employed,37,15992,5,2025-04-07,False
REC000687,ENU0124,West Bengal,39,Male,Illiterate,Domestic Help,Employed,46,5596,6,2025-10-20,False
REC000688,ENU0084,West Bengal,33,Female,Secondary,Driver,Employed,64,21314,5,2025-10-16,False
REC000689,ENU0160,Odisha,49,Male,Primary,Agricultural Labourer,Employed,45,6678,4,2025-12-03,False
REC000690,ENU0178,Tamil Nadu,60,Female,Post Graduate,IT Professional,Employed,51,64355,3,2025-10-04,False
REC000691,ENU0212,Bihar,83,Male,Higher Secondary,None,Unemployed,0,0,1,2025-11-23,False
REC000692,ENU0141,Uttar Pradesh,18,Female,Primary,None,Unemployed,0,0,3,2025-08-31,False
REC000693,ENU0057,Tamil Nadu,34,Female,Secondary,Street Vendor,Employed,48,12386,1,2025-04-10,False
REC000694,ENU0152,Andhra Pradesh,31,Female,Secondary,Factory Worker,Employed,23,4201,5,2025-02-10,False
REC000695,ENU0014,Maharashtra,46,Female,Illiterate,Domestic Help,Employed,55,7809,6,2025-09-08,False
REC000696,ENU0128,Madhya Pradesh,39,Female,Primary,Domestic Help,Employed,64,9281,2,2025-02-16,False
REC000697,ENU0009,Rajasthan,40,Male,Post Graduate,Bank Employee,Employed,44,34019,1,2025-09-16,False
REC000698,ENU0089,Bihar,36,Female,Higher Secondary,None,Unemployed,0,0,3,2025-07-20,False
REC000699,ENU0086,Maharashtra,36,Male,Post Graduate,Government Officer,Employed,49,40394,3,2025-10-10,False
REC000700,ENU0043,Rajasthan,32,Female,Post Graduate,Teacher,Employed,37,19119,2,2025-01-23,False
REC000701,ENU0241,Tamil Nadu,33,Female,Secondary,None,Not in Labour Force,0,0,4,2025-06-03,False
REC000702,ENU0005,Madhya Pradesh,71,Male,Graduate,None,Not in Labour Force,0,0,2,2025-11-12,False
REC000703,ENU0123,Kerala,36,Male,Graduate,Sales Executive,Employed,19,8681,4,2025-06-24,False
REC000704,ENU0153,West Bengal,27,Male,Post Graduate,Teacher,Employed,35,15638,4,2025-01-27,False
REC000705,ENU0220,Assam,16,Female,Secondary,Carpenter,Employed,52,16363,2,2025-02-10,False
REC000706,ENU0012,Bihar,23,Male,Primary,None,Unemployed,0,0,5,2025-07-20,False
REC000707,ENU0051,Andhra Pradesh,47,Female,Secondary,Shop Assistant,Employed,38,7164,9,2025-11-30,False
REC000708,ENU0048,Telangana,35,Female,Secondary,Factory Worker,Employed,47,12079,4,2025-03-09,False
REC000709,ENU0155,Tamil Nadu,63,Male,Graduate,Teacher,Employed,27,17252,6,2025-06-04,False
REC000710,ENU0166,Maharashtra,43,Male,Primary,Construction Worker,Not in Labour Force,82,14128,4,2025-08-21,True
REC000711,ENU0180,Bihar,20,Male,Primary,None,Unemployed,0,0,2,2025-03-02,False
REC000712,ENU0174,West Bengal,48,Male,Primary,Construction Worker,Employed,33,5986,3,2025-09-27,False
REC000713,ENU0037,Karnataka,51,Female,Graduate,Bank Employee,Employed,30,15267,2,2025-11-24,False
REC000714,ENU0168,Tamil Nadu,40,Female,Secondary,None,Not in Labour Force,0,0,4,2025-06-23,False
REC000715,ENU0247,Uttar Pradesh,22,Female,Primary,None,Not in Labour Force,0,0,3,2025-01-10,False
REC000716,ENU0202,Assam,41,Female,Higher Secondary,Technician,Employed,59,24233,1,2025-12-23,False
REC000717,ENU0015,Rajasthan,17,Female,Graduate,None,Unemployed,0,0,5,2025-06-16,False
REC000718,ENU0177,Assam,23,Male,Secondary,None,Unemployed,0,0,7,2025-09-07,False
REC000719,ENU0005,Odisha,11,Female,Primary,None,Not in Labour Force,0,0,3,2025-02-19,False
REC000720,ENU0070,Punjab,15,Female,Primary,None,Not in Labour Force,0,0,5,2025-09-15,False
REC000721,ENU0163,Assam,34,Female,Graduate,None,Unemployed,0,0,2,2025-12-05,False
REC000722,ENU0091,Punjab,54,Male,Higher Secondary,Driver,Employed,53,10578,3,2025-07-31,False
REC000723,ENU0029,West Bengal,-5,Male,Secondary,None,Not in Labour Force,0,0,8,2025-12-26,True
REC000724,ENU0208,West Bengal,58,Female,Secondary,None,Not in Labour Force,0,0,5,2025-05-28,False
REC000725,ENU0066,Madhya Pradesh,21,Male,Graduate,None,Not in Labour Force,0,0,4,2025-11-08,False
REC000726,ENU0196,Karnataka,57,Female,Higher Secondary,Clerk,Employed,51,24002,5,2025-10-12,False
REC000727,ENU0159,Odisha,26,Male,Secondary,Factory Worker,Employed,71,19997,3,2025-12-27,False
REC000728,ENU0063,Tamil Nadu,10,Male,Primary,None,Not in Labour Force,1,0,6,2025-12-28,False
REC000729,ENU0119,Bihar,33,Male,Illiterate,None,Not in Labour Force,0,0,6,2025-10-03,False
REC000730,ENU0033,Maharashtra,7,Male,Primary,None,Not in Labour Force,0,0,3,2025-04-13,False
REC000731,ENU0236,Telangana,41,Female,Primary,None,Not in Labour Force,0,0,6,2025-11-19,False
REC000732,ENU0141,Telangana,6,Male,Primary,None,Not in Labour Force,0,0,4,2025-01-19,False
REC000733,ENU0218,West Bengal,40,Female,Secondary,Street Vendor,Employed,26,5385,3,2025-05-08,False
REC000734,ENU0012,Andhra Pradesh,42,Male,Graduate,IT Professional,Employed,25,26100,3,2025-06-06,False
REC000735,ENU0084,Punjab,53,Male,Primary,Domestic Help,Employed,44,5899,8,2025-09-02,False
REC000736,ENU0224,Maharashtra,61,Female,Graduate,Bank Employee,Employed,35,28221,6,2025-02-04,False
REC000737,ENU0151,Karnataka,42,Male,Primary,Domestic Help,Employed,29,3355,2,2025-09-08,False
REC000738,ENU0222,Telangana,45,Male,Higher Secondary,None,Not in Labour Force,0,0,3,2025-11-20,False
REC000739,ENU0171,Tamil Nadu,34,Female,Secondary,Factory Worker,Employed,48,7485,3,2025-02-10,False
REC000740,ENU0101,Odisha,42,Female,Secondary,Shop Assistant,Employed,40,10615,5,2025-08-16,False
REC000741,ENU0180,Gujarat,33,Female,Secondary,None,Not in Labour Force,0,0,1,2025-09-10,False
REC000742,ENU0137,Telangana,14,Female,Primary,None,Not in Labour Force,0,0,5,2025-07-05,False
REC000743,ENU0229,Tamil Nadu,37,Female,Secondary,Street Vendor,Employed,45,7734,3,2025-04-21,False
REC000744,ENU0180,Andhra Pradesh,55,Female,Primary,Domestic Help,Employed,20,3309,6,2025-11-01,False
REC000745,ENU0213,Bihar,49,Male,Primary,Street Vendor,Unemployed,0,0,4,2025-05-09,False
REC000746,ENU0134,Rajasthan,52,Male,Post Graduate,Teacher,Employed,42,30195,5,2025-11-03,False
REC000747,ENU0029,Gujarat,65,Male,Secondary,Street Vendor,Employed,47,2966896,2,2025-12-06,True
REC000748,ENU0113,Karnataka,27,Male,Primary,None,Unemployed,0,0,5,2025-02-24,False
REC000749,ENU0147,Odisha,31,Male,Secondary,None,Unemployed,0,0,5,2025-05-15,False
REC000750,ENU0051,Assam,56,Male,Higher Secondary,Shop Assistant,Employed,41,9066,7,2025-03-04,False
REC000751,ENU0031,Odisha,18,Female,Primary,Street Vendor,Employed,39,7280,4,2025-07-11,False
REC000752,ENU0008,Karnataka,33,Female,Illiterate,None,Unemployed,0,0,2,2025-09-20,False
REC000753,ENU0193,Andhra Pradesh,23,Male,Primary,Factory Worker,Employed,58,15791,5,2025-05-08,False
REC000754,ENU0027,Kerala,46,Male,Primary,Factory Worker,Employed,54,13547,4,2025-08-17,False
REC000755,ENU0017,Assam,9,Male,Primary,None,Not in Labour Force,0,0,5,2025-03-02,False
REC000756,ENU0080,Punjab,26,Female,Higher Secondary,Carpenter,Employed,57,17029,3,2025-05-19,False
REC000757,ENU0170,Andhra Pradesh,22,Female,Primary,Street Vendor,Employed,40,8104,1,2025-07-18,False
REC000758,ENU0199,Odisha,32,Female,Graduate,Sales Executive,Employed,52,26811,2,2025-10-07,False
REC000759,ENU0189,Tamil Nadu,38,Male,Secondary,Carpenter,Employed,58,16520,1,2025-12-27,False
REC000760,ENU0001,Gujarat,15,Female,Primary,None,Not in Labour Force,0,0,4,2025-11-24,False
REC000761,ENU0103,Rajasthan,34,Male,Secondary,Factory Worker,Employed,46,11913,9,2025-12-22,False
REC000762,ENU0163,Punjab,26,Male,Secondary,None,Not in Labour Force,3,0,5,2025-07-08,False
REC000763,ENU0225,Rajasthan,37,Male,Higher Secondary,Technician,Employed,38,20197,2,2025-03-22,False
REC000764,ENU0057,Kerala,14,Female,Primary,None,Not in Labour Force,0,0,4,2025-04-11,False
REC000765,ENU0238,Andhra Pradesh,37,Male,Primary,Construction Worker,Employed,28,4340,4,2025-02-11,False
REC000766,ENU0174,Maharashtra,41,Male,Primary,None,Not in Labour Force,0,0,4,2025-10-07,False
REC000767,ENU0006,Kerala,48,Male,Secondary,Shop Assistant,Employed,42,7076,6,2025-04-06,False
REC000768,ENU0075,Uttar Pradesh,34,Female,Graduate,None,Unemployed,0,0,7,2025-10-24,False
REC000769,ENU0155,Andhra Pradesh,24,Female,Graduate,IT Professional,Employed,32,33678,5,2025-01-21,False
REC000770,ENU0066,Tamil Nadu,42,Male,Primary,Domestic Help,Employed,42,6382,3,2025-06-19,False
REC000771,ENU0190,Punjab,28,Male,Higher Secondary,Driver,Employed,57,16833,3,2025-10-28,False
REC000772,ENU0157,Gujarat,34,Male,Post Graduate,Engineer,Employed,42,68041,5,2025-10-10,False
REC000773,ENU0178,Kerala,41,Male,Secondary,Street Vendor,Employed,52,10441,3,2025-07-22,False
REC000774,ENU0064,Karnataka,40,Male,Primary,Agricultural Labourer,Employed,77,13485,4,2025-08-15,False
REC000775,ENU0085,Maharashtra,10,Female,Primary,None,Not in Labour Force,9,0,8,2025-03-25,False
REC000776,ENU0229,Uttar Pradesh,30,Male,Secondary,Shop Assistant,Employed,32,7938,2,2025-01-28,False
REC000777,ENU0166,West Bengal,34,Male,Illiterate,Agricultural Labourer,Employed,49,5376,2,2025-02-25,False
REC000778,ENU0215,Assam,43,Male,Primary,Domestic Help,Employed,37,4796,10,2025-12-02,False
REC000779,ENU0113,Karnataka,43,Female,Primary,None,Unemployed,0,0,4,2025-06-28,False
REC000780,ENU0031,Bihar,41,Female,Primary,None,Not in Labour Force,0,0,3,2025-03-08,False
REC000781,ENU0058,Karnataka,23,Male,Secondary,None,Unemployed,0,0,4,2025-04-01,False
REC000782,ENU0056,Gujarat,32,Male,Illiterate,None,Not in Labour Force,0,0,5,2025-06-14,False
REC000783,ENU0036,Karnataka,14,Male,Primary,None,Not in Labour Force,0,0,2,2025-01-19,False
REC000784,ENU0021,Madhya Pradesh,22,Male,Primary,None,Not in Labour Force,0,0,4,2025-03-22,False
REC000785,ENU0169,Odisha,10,Male,Primary,None,Not in Labour Force,0,0,3,2025-02-26,False
REC000786,ENU0158,Kerala,6,Male,Primary,None,Not in Labour Force,0,0,5,2025-01-08,False
REC000787,ENU0037,Andhra Pradesh,37,Male,Primary,None,Not in Labour Force,6,0,8,2025-09-08,False
REC000788,ENU0128,Uttar Pradesh,45,Female,Illiterate,Agricultural Labourer,Employed,41,6191,3,2025-09-28,False
REC000789,ENU0007,Madhya Pradesh,43,Female,Secondary,Shop Assistant,Employed,60,6156,4,2025-09-20,False
REC000790,ENU0187,Rajasthan,14,Male,Primary,None,Not in Labour Force,9,0,3,2025-07-23,False
REC000791,ENU0102,Maharashtra,6,Male,Primary,Doctor,Employed,39,0,3,2025-10-11,True
REC000792,ENU0218,Assam,56,Female,Post Graduate,Teacher,Employed,52,28418,2,2025-07-02,False
REC000793,ENU0001,Gujarat,79,Male,Illiterate,None,Not in Labour Force,0,0,2,2025-02-11,False
REC000794,ENU0036,Assam,41,Female,Secondary,Shop Assistant,Employed,48,6783,4,2025-03-03,False
REC000795,ENU0033,West Bengal,46,Female,Graduate,Bank Employee,Employed,41,51073,6,2025-04-21,False
REC000796,ENU0175,Gujarat,63,Female,Higher Secondary,None,Not in Labour Force,7,0,3,2025-10-14,False
REC000797,ENU0017,Odisha,30,Female,Graduate,None,Unemployed,0,0,5,2025-01-25,False
REC000798,ENU0189,Tamil Nadu,16,Female,Primary,None,Not in Labour Force,1,0,8,2025-11-26,False
REC000799,ENU0248,Rajasthan,27,Female,Graduate,None,Unemployed,0,0,5,2025-10-02,False
REC000800,ENU0176,Odisha,31,Male,Primary,None,Not in Labour Force,0,0,4,2025-12-25,False
REC000801,ENU0130,Assam,9,Male,Primary,None,Not in Labour Force,0,0,2,2025-01-29,False
REC000802,ENU0050,Kerala,63,Female,Secondary,Driver,Employed,43,12838,7,2025-09-08,False
REC000803,ENU0139,Bihar,25,Male,Illiterate,None,Unemployed,0,0,4,2025-06-23,False
REC000804,ENU0089,Tamil Nadu,41,Female,Illiterate,Construction Worker,Employed,53,7232,5,2025-11-24,False
REC000805,ENU0235,Kerala,16,Female,Primary,Domestic Help,Employed,43,6948,3,2025-10-26,False
REC000806,ENU0075,Rajasthan,24,Female,Secondary,None,Not in Labour Force,0,0,2,2025-09-07,False
REC000807,ENU0217,West Bengal,64,Female,Primary,Domestic Help,Employed,58,8008,3,2025-10-11,False
REC000808,ENU0083,Maharashtra,31,Female,Higher Secondary,None,Not in Labour Force,0,0,4,2025-06-18,False
REC000809,ENU0019,Gujarat,27,Female,Graduate,Clerk,Employed,60,22666,3,2025-11-20,False
REC000810,ENU0028,Bihar,10,Male,Primary,None,Not in Labour Force,0,0,3,2025-02-19,False
REC000811,ENU0176,Punjab,27,Male,Secondary,None,Not in Labour Force,4,0,5,2025-07-09,False
REC000812,ENU0029,Odisha,31,Male,Graduate,None,Unemployed,0,0,6,2025-08-31,False
REC000813,ENU0057,West Bengal,30,Male,Higher Secondary,Carpenter,Employed,58,21321,4,2025-11-04,False
REC000814,ENU0091,Maharashtra,5,Male,Illiterate,None,Not in Labour Force,6,0,2,2025-10-26,False
REC000815,ENU0038,Gujarat,28,Female,Higher Secondary,Carpenter,Employed,36,9872,2,2025-01-10,False
REC000816,ENU0046,Madhya Pradesh,39,Female,Primary,Factory Worker,Employed,61,11641,6,2025-08-30,False
REC000817,ENU0076,Telangana,35,Male,Post Graduate,Teacher,Employed,54,23591,6,2025-12-27,False
REC000818,ENU0213,Kerala,47,Female,Higher Secondary,Driver,Employed,37,10501,6,2025-05-17,False
REC000819,ENU0243,Gujarat,32,Female,Primary,Agricultural Labourer,Employed,46,6215,5,2025-09-30,False
REC000820,ENU0197,Karnataka,18,Female,Graduate,None,Not in Labour Force,0,0,7,2025-09-25,False
REC000821,ENU0168,Gujarat,69,Male,Graduate,None,Not in Labour Force,0,0,5,2025-11-20,False
REC000822,ENU0017,Madhya Pradesh,40,Male,Illiterate,Domestic Help,Employed,62,8423,4,2025-03-14,False
REC000823,ENU0196,Maharashtra,29,Male,Secondary,None,Not in Labour Force,0,0,3,2025-03-24,False
REC000824,ENU0091,Madhya Pradesh,57,Male,Post Graduate,None,Not in Labour Force,5,0,6,2025-04-17,False
REC000825,ENU0175,Kerala,34,Male,Primary,Construction Worker,Employed,66,14630,5,2025-11-09,False
REC000826,ENU0244,Kerala,61,Female,Higher Secondary,None,Not in Labour Force,0,0,4,2025-10-30,False
REC000827,ENU0003,Andhra Pradesh,28,Male,Primary,Agricultural Labourer,Employed,65,6851,3,2025-03-18,False
REC000828,ENU0025,Kerala,23,Male,Illiterate,Construction Worker,Employed,41,8228,5,2025-11-13,False
REC000829,ENU0159,Andhra Pradesh,31,Female,Secondary,None,Unemployed,0,0,4,2025-07-03,False
REC000830,ENU0195,Tamil Nadu,42,Other,Secondary,Street Vendor,Employed,29,6163,6,2025-10-02,False
REC000831,ENU0141,Bihar,43,Female,Primary,Factory Worker,Employed,37,4115,3,2025-07-19,False
REC000832,ENU0182,Assam,10,Female,Primary,None,Not in Labour Force,6,0,3,2025-01-28,False
REC000833,ENU0079,Assam,5,Female,Illiterate,None,Not in Labour Force,0,0,4,2025-06-30,False
REC000834,ENU0207,Telangana,11,Male,Primary,None,Not in Labour Force,0,0,4,2025-12-17,False
REC000835,ENU0126,Bihar,34,Male,Graduate,None,Unemployed,0,0,6,2025-12-02,False
REC000836,ENU0030,Punjab,23,Female,Post Graduate,Bank Employee,Employed,42,40599,2,2025-08-11,False
REC000837,ENU0126,Odisha,60,Male,Post Graduate,None,Not in Labour Force,0,0,4,2025-09-01,False
REC000838,ENU0046,Andhra Pradesh,28,Female,Graduate,Sales Executive,Employed,56,27866,4,2025-03-20,False
REC000839,ENU0133,Andhra Pradesh,12,Male,Primary,None,Not in Labour Force,0,0,5,2025-04-30,False
REC000840,ENU0035,Gujarat,41,Male,Illiterate,Construction Worker,Employed,44,6269,4,2025-03-05,False
REC000841,ENU0225,Tamil Nadu,62,Male,Higher Secondary,None,Not in Labour Force,5,0,4,2025-06-24,False
REC000842,ENU0150,Rajasthan,67,Female,Primary,None,Not in Labour Force,0,0,4,2025-02-11,False
REC000843,ENU0018,Tamil Nadu,64,Male,Secondary,None,Not in Labour Force,0,0,2,2025-05-17,False
REC000844,ENU0026,Uttar Pradesh,33,Male,Higher Secondary,Carpenter,Employed,38,10679,6,2025-12-15,False
REC000845,ENU0192,Maharashtra,33,Female,Primary,Domestic Help,Employed,63,9225,1,2025-12-28,False
REC000846,ENU0136,Andhra Pradesh,32,Female,Primary,None,Unemployed,0,0,2,2025-04-27,False
REC000847,ENU0099,Bihar,15,Female,Primary,None,Unemployed,0,0,7,2025-09-17,False
REC000848,ENU0223,Punjab,48,Male,Higher Secondary,Shop Assistant,Employed,29,6688,4,2025-12-30,False
REC000849,ENU0247,Punjab,54,Male,Primary,Domestic Help,Employed,42,6952,7,2025-02-28,False
REC000850,ENU0149,Andhra Pradesh,66,Male,Higher Secondary,None,Not in Labour Force,9,0,3,2025-01-12,False
REC000851,ENU0066,West Bengal,32,Male,Primary,None,Unemployed,0,0,1,2025-08-14,False
REC000852,ENU0183,Maharashtra,26,Male,Graduate,Teacher,Employed,43,26660,2,2025-11-25,False
REC000853,ENU0194,Rajasthan,68,Female,Graduate,None,Not in Labour Force,0,0,5,2025-02-02,False
REC000854,ENU0052,Karnataka,48,Male,Post Graduate,Teacher,Employed,50,20893,4,2025-12-22,False
REC000855,ENU0058,Karnataka,16,Female,Secondary,None,Not in Labour Force,0,0,7,2025-05-09,False
REC000856,ENU0142,Karnataka,29,Female,Higher Secondary,Carpenter,Employed,65,18001,4,2025-04-24,False
REC000857,ENU0162,Odisha,12,Female,Primary,None,Not in Labour Force,0,0,2,2025-12-18,False
REC000858,ENU0110,Tamil Nadu,18,Male,Illiterate,None,Not in Labour Force,0,0,7,2025-04-11,False
REC000859,ENU0197,Telangana,44,Female,Post Graduate,Teacher,Employed,44,17929,3,2025-05-29,False
REC000860,ENU0144,Karnataka,27,Female,Higher Secondary,Driver,Employed,57,17451,1,2025-09-28,False
REC000861,ENU0197,Maharashtra,42,Female,Graduate,None,Unemployed,0,0,8,2025-03-23,False
REC000862,ENU0185,Kerala,40,Female,Graduate,Sales Executive,Employed,51,30954,1,2025-07-24,False
REC000863,ENU0085,Madhya Pradesh,47,Female,Graduate,Sales Executive,Employed,55,29428,5,2025-11-24,False
REC000864,ENU0001,Maharashtra,10,Male,Primary,None,Not in Labour Force,0,0,3,2025-03-13,False
REC000865,ENU0205,Madhya Pradesh,43,Female,Graduate,Bank Employee,Employed,59,60167,4,2025-04-16,False
REC000866,ENU0063,Gujarat,51,Male,Illiterate,Agricultural Labourer,Employed,58,7910,2,2025-10-07,False
REC000867,ENU0034,Kerala,43,Female,Secondary,Driver,Employed,38,11797,3,2025-02-27,False
REC000868,ENU0040,Tamil Nadu,40,Male,Post Graduate,None,Unemployed,0,0,7,2025-04-08,False
REC000869,ENU0109,Rajasthan,10,Male,Primary,None,Not in Labour Force,0,0,8,2025-12-11,False
REC000870,ENU0236,Telangana,62,Female,Post Graduate,None,Not in Labour Force,0,0,2,2025-11-11,False
REC000871,ENU0205,Assam,28,Male,Secondary,None,Not in Labour Force,0,0,7,2025-09-23,False
REC000872,ENU0032,Odisha,33,Male,Post Graduate,IT Professional,Employed,66,86632,8,2025-01-08,False
REC000873,ENU0023,Madhya Pradesh,43,Female,Illiterate,Street Vendor,Employed,34,5713,3,2025-03-26,False
REC000874,ENU0031,Madhya Pradesh,31,Male,Higher Secondary,Driver,Employed,39,9188,4,2025-07-08,False
REC000875,ENU0081,Madhya Pradesh,75,Male,Graduate,None,Not in Labour Force,0,0,6,2025-04-03,False
REC000876,ENU0004,West Bengal,10,Male,Secondary,Engineer,Employed,45,11159,5,2025-06-30,True
REC000877,ENU0158,Punjab,14,Male,Primary,None,Not in Labour Force,0,0,4,2025-01-25,False
REC000878,ENU0082,Madhya Pradesh,90,Male,Primary,None,Not in Labour Force,0,0,7,2025-12-07,False
REC000879,ENU0072,Rajasthan,62,Female,Graduate,None,Not in Labour Force,0,0,4,2025-08-21,False
REC000880,ENU0243,Telangana,62,Female,Primary,None,Not in Labour Force,0,0,2,2025-05-19,False
REC000881,ENU0053,Assam,5,Male,Illiterate,None,Not in Labour Force,0,0,2,2025-06-21,False
REC000882,ENU0110,Rajasthan,61,Female,Illiterate,Domestic Help,Employed,32,5119,2,2025-04-09,False
REC000883,ENU0119,Tamil Nadu,64,Female,Secondary,None,Not in Labour Force,0,0,7,2025-11-05,False
REC000884,ENU0027,Tamil Nadu,17,Male,Secondary,Street Vendor,Employed,26,4605,4,2025-11-19,False
REC000885,ENU0102,Madhya Pradesh,13,Male,Primary,None,Not in Labour Force,0,0,7,2025-10-28,False
REC000886,ENU0130,Andhra Pradesh,41,Male,Secondary,None,Not in Labour Force,6,0,7,2025-01-06,False
REC000887,ENU0002,Karnataka,37,Female,Higher Secondary,Technician,Employed,53,15792,1,2025-10-24,False
REC000888,ENU0235,Maharashtra,20,Male,Graduate,Sales Executive,Employed,43,23245,4,2025-12-26,False
REC000889,ENU0111,Tamil Nadu,66,Female,Secondary,None,Not in Labour Force,0,0,5,2025-07-23,False
REC000890,ENU0082,Punjab,19,Female,Secondary,Carpenter,Employed,44,11232,5,2025-06-21,False
REC000891,ENU0130,Karnataka,12,Male,Primary,None,Not in Labour Force,0,0,2,2025-02-23,False
REC000892,ENU0113,Assam,38,Male,Graduate,Clerk,Employed,49,17597,5,2025-11-01,False
REC000893,ENU0052,Bihar,5,Female,Illiterate,None,Not in Labour Force,0,0,3,2025-05-31,False
REC000894,ENU0071,Punjab,47,Female,Graduate,Bank Employee,Employed,29,19401,4,2025-12-15,False
REC000895,ENU0164,Kerala,55,Male,Higher Secondary,Carpenter,Employed,41,10304,2,2025-04-30,False
REC000896,ENU0135,Punjab,32,Male,Illiterate,None,Unemployed,0,0,7,2025-10-24,False
REC000897,ENU0174,Assam,89,Female,Higher Secondary,None,Not in Labour Force,0,0,3,2025-05-28,False
REC000898,ENU0050,Assam,27,Male,Higher Secondary,Carpenter,Employed,37,13237,11,2025-11-11,False
REC000899,ENU0091,Bihar,38,Female,Primary,Street Vendor,Unemployed,0,0,7,2025-08-11,False
REC000900,ENU0040,Gujarat,18,Female,Higher Secondary,Driver,Employed,62,13537,5,2025-08-21,False
REC000901,ENU0157,Karnataka,70,Male,Illiterate,None,Not in Labour Force,0,0,5,2025-02-24,False
REC000902,ENU0173,Telangana,26,Male,Higher Secondary,None,Not in Labour Force,7,0,5,2025-05-29,False
REC000903,ENU0194,Bihar,45,Male,Higher Secondary,Technician,Employed,43,6219,5,2025-07-15,False
REC000904,ENU0007,Karnataka,55,Female,Higher Secondary,Carpenter,Employed,78,26623,4,2025-11-30,False
REC000905,ENU0164,Uttar Pradesh,29,Male,Higher Secondary,None,Not in Labour Force,0,0,5,2025-08-24,False
REC000906,ENU0089,Rajasthan,17,Female,Graduate,Sales Executive,Employed,44,19176,3,2025-04-11,False
REC000907,ENU0164,Assam,43,Male,Graduate,Teacher,Employed,47,24804,4,2025-08-14,False
REC000908,ENU0226,Tamil Nadu,31,Female,Secondary,Shop Assistant,Employed,42,9733,6,2025-01-21,False
REC000909,ENU0178,Uttar Pradesh,62,Female,Graduate,Teacher,Employed,59,37909,2,2025-06-20,False
REC000910,ENU0172,Karnataka,53,Female,Post Graduate,Teacher,Employed,55,22355,1,2025-05-21,False
REC000911,ENU0008,Uttar Pradesh,18,Male,Graduate,None,Unemployed,0,0,2,2025-11-13,False
REC000912,ENU0147,Uttar Pradesh,19,Male,Secondary,None,Unemployed,0,0,4,2025-10-31,False
REC000913,ENU0127,West Bengal,36,Female,Primary,Agricultural Labourer,Employed,33,3326,8,2025-11-24,False
REC000914,ENU0098,Tamil Nadu,31,Female,Illiterate,Domestic Help,Employed,66,9321,5,2025-05-11,False
REC000915,ENU0161,West Bengal,68,Male,Secondary,None,Not in Labour Force,0,0,5,2025-12-13,False
REC000916,ENU0034,Maharashtra,6,Male,Primary,None,Not in Labour Force,0,0,4,2025-03-05,False
REC000917,ENU0115,Kerala,34,Male,Primary,None,Not in Labour Force,0,0,2,2025-03-13,False
REC000918,ENU0150,Kerala,16,Male,Primary,None,Unemployed,0,0,3,2025-06-13,False
REC000919,ENU0122,Rajasthan,47,Male,Graduate,Teacher,Employed,40,20379,3,2025-04-08,False
REC000920,ENU0068,Assam,17,Male,Higher Secondary,Driver,Employed,24,7399,1,2025-01-26,False
REC000921,ENU0048,Kerala,69,Male,Secondary,None,Not in Labour Force,3,0,4,2025-12-23,False
REC000922,ENU0059,Madhya Pradesh,30,Female,Graduate,None,Unemployed,0,0,4,2025-03-12,False
REC000923,ENU0136,Madhya Pradesh,9,Male,Primary,None,Not in Labour Force,0,0,1,2025-10-31,False
REC000924,ENU0247,Rajasthan,23,Female,Higher Secondary,None,Not in Labour Force,0,0,3,2025-06-03,False
REC000925,ENU0121,Maharashtra,42,Male,Post Graduate,None,Not in Labour Force,0,0,7,2025-08-18,False
REC000926,ENU0248,Madhya Pradesh,42,Male,Primary,Construction Worker,Employed,44,8823,10,2025-11-21,False
REC000927,ENU0026,Odisha,34,Male,Graduate,None,Not in Labour Force,0,0,2,2025-03-20,False
REC000928,ENU0249,Rajasthan,60,Male,Illiterate,None,Not in Labour Force,4,0,3,2025-03-27,False
REC000929,ENU0177,Bihar,25,Male,Primary,None,Unemployed,0,0,4,2025-09-21,False
REC000930,ENU0245,Rajasthan,52,Male,Secondary,Shop Assistant,Employed,53,11771,5,2025-07-11,False
REC000931,ENU0123,Maharashtra,67,Male,Secondary,None,Not in Labour Force,0,0,4,2025-05-26,False
REC000932,ENU0063,Maharashtra,39,Female,Secondary,Street Vendor,Employed,40,6412,1,2025-02-24,False
REC000933,ENU0136,Punjab,30,Female,Higher Secondary,Driver,Employed,60,14013,2,2025-11-06,False
REC000934,ENU0187,Kerala,22,Male,Secondary,Shop Assistant,Employed,58,11410,8,2025-08-29,False
REC000935,ENU0013,Karnataka,64,Male,Post Graduate,None,Not in Labour Force,0,0,8,2025-01-06,False
REC000936,ENU0089,Madhya Pradesh,61,Male,Secondary,None,Not in Labour Force,0,0,5,2025-02-26,False
REC000937,ENU0122,Uttar Pradesh,68,Female,Secondary,None,Not in Labour Force,0,0,7,2025-07-18,False
REC000938,ENU0122,Andhra Pradesh,32,Female,Secondary,Driver,Employed,48,12254,3,2025-08-20,False
REC000939,ENU0110,West Bengal,70,Female,Secondary,None,Not in Labour Force,8,0,5,2025-06-10,False
REC000940,ENU0092,Andhra Pradesh,16,Female,Illiterate,None,Unemployed,0,0,3,2025-03-20,False
REC000941,ENU0159,Uttar Pradesh,24,Male,Graduate,Teacher,Employed,54,41025,7,2025-12-06,False
REC000942,ENU0149,Rajasthan,13,Male,Primary,None,Not in Labour Force,0,0,7,2025-03-29,False
REC000943,ENU0071,Odisha,39,Female,Higher Secondary,Carpenter,Employed,57,17500,3,2025-06-19,False
REC000944,ENU0237,Uttar Pradesh,58,Female,Illiterate,Street Vendor,Employed,45,7953,8,2025-06-22,False
REC000945,ENU0133,Karnataka,43,Male,Higher Secondary,None,Not in Labour Force,8,0,3,2025-03-15,False
REC000946,ENU0202,Bihar,25,Female,Graduate,Bank Employee,Unemployed,0,0,7,2025-03-30,False
REC000947,ENU0160,Punjab,29,Male,Primary,None,Unemployed,0,0,5,2025-06-26,False
REC000948,ENU0226,Maharashtra,46,Female,Graduate,Teacher,Employed,65,47663,4,2025-12-11,False
REC000949,ENU0223,Tamil Nadu,25,Male,Secondary,None,Not in Labour Force,5,0,6,2025-03-19,False
REC000950,ENU0193,Assam,43,Male,Higher Secondary,Driver,Employed,26,7042,7,2025-02-07,False
REC000951,ENU0147,Telangana,23,Male,Primary,None,Unemployed,0,0,3,2025-10-19,False
REC000952,ENU0055,Tamil Nadu,55,Male,Higher Secondary,Driver,Employed,36,9731,5,2025-08-07,False
REC000953,ENU0229,Uttar Pradesh,36,Male,Primary,None,Not in Labour Force,0,0,2,2025-03-30,False
REC000954,ENU0046,Andhra Pradesh,48,Male,Secondary,None,Not in Labour Force,0,0,9,2025-07-09,False
REC000955,ENU0238,Tamil Nadu,34,Male,Graduate,None,Unemployed,0,0,2,2025-04-09,False
REC000956,ENU0240,Assam,61,Male,Post Graduate,None,Not in Labour Force,0,0,3,2025-07-08,False
REC000957,ENU0126,Andhra Pradesh,65,Female,Secondary,Street Vendor,Employed,54,12004,6,2025-02-02,False
REC000958,ENU0130,Odisha,28,Male,Primary,Agricultural Labourer,Employed,42,5738,5,2025-08-16,False
REC000959,ENU0024,Rajasthan,40,Male,Secondary,None,Not in Labour Force,0,0,2,2025-04-26,False
REC000960,ENU0167,Gujarat,34,Male,Graduate,IT Professional,Employed,29,32276,5,2025-03-12,False
REC000961,ENU0091,Odisha,39,Female,Graduate,Teacher,Employed,42,18336,5,2025-04-10,False
REC000962,ENU0093,Andhra Pradesh,85,Male,Post Graduate,None,Not in Labour Force,0,0,2,2025-03-04,False
REC000963,ENU0125,Andhra Pradesh,33,Female,Secondary,None,Not in Labour Force,0,0,7,2025-05-08,False
REC000964,ENU0092,Odisha,63,Female,Secondary,None,Not in Labour Force,0,0,4,2025-09-28,False
REC000965,ENU0223,Tamil Nadu,70,Female,Secondary,None,Not in Labour Force,0,0,4,2025-03-31,False
REC000966,ENU0082,Tamil Nadu,18,Male,Illiterate,None,Unemployed,0,0,1,2025-06-09,False
REC000967,ENU0066,Punjab,66,Female,Graduate,None,Not in Labour Force,0,0,3,2025-07-22,False
REC000968,ENU0203,Bihar,75,Female,Secondary,None,Unemployed,0,0,4,2025-01-02,False
REC000969,ENU0022,Punjab,13,Male,Primary,None,Not in Labour Force,0,0,9,2025-11-12,False
REC000970,ENU0222,Odisha,21,Female,Higher Secondary,Clerk,Employed,40,17633,2,2025-12-16,False
REC000971,ENU0123,West Bengal,45,Male,Secondary,Carpenter,Employed,18,6036,3,2025-08-28,False
REC000972,ENU0089,Bihar,16,Male,Higher Secondary,None,Unemployed,0,0,6,2025-01-31,False
REC000973,ENU0180,Rajasthan,5,Male,Illiterate,None,Not in Labour Force,0,0,4,2025-04-10,False
REC000974,ENU0195,Tamil Nadu,47,Female,Secondary,Factory Worker,Employed,20,5237,4,2025-12-03,False
REC000975,ENU0155,Odisha,14,Male,Primary,None,Not in Labour Force,0,0,4,2025-01-03,False
REC000976,ENU0014,Bihar,76,Male,Secondary,None,Unemployed,0,0,4,2025-12-06,False
REC000977,ENU0248,Telangana,56,Female,Secondary,Carpenter,Employed,44,17232,2,2025-08-20,False
REC000978,ENU0119,Karnataka,35,Female,Primary,Domestic Help,Employed,66,10203,1,2025-05-08,False
REC000979,ENU0150,Andhra Pradesh,42,Female,Secondary,Carpenter,Employed,39,9722,2,2025-03-20,False
REC000980,ENU0162,Odisha,75,Male,Higher Secondary,None,Not in Labour Force,0,0,7,2025-01-31,False
REC000981,ENU0238,Telangana,40,Female,Graduate,None,Not in Labour Force,5,0,9,2025-04-16,False
REC000982,ENU0110,Punjab,26,Female,Graduate,None,Unemployed,0,0,4,2025-03-07,False
REC000983,ENU0027,Odisha,47,Male,Secondary,Shop Assistant,Employed,49,11598,6,2025-09-13,False
REC000984,ENU0201,Rajasthan,5,Female,Illiterate,None,Not in Labour Force,5,0,4,2025-11-07,False
REC000985,ENU0094,Telangana,73,Male,Secondary,None,Not in Labour Force,2,0,5,2025-12-08,False
REC000986,ENU0118,Punjab,45,Male,Secondary,Driver,Employed,54,19510,1,2025-05-10,False
REC000987,ENU0167,West Bengal,29,Female,Illiterate,None,Unemployed,0,0,7,2025-05-23,False
REC000988,ENU0149,Andhra Pradesh,26,Male,Graduate,None,Unemployed,0,0,1,2025-08-22,False
REC000989,ENU0009,Bihar,16,Male,Graduate,Teacher,Unemployed,0,0,4,2025-06-03,False
REC000990,ENU0025,Uttar Pradesh,44,Male,Graduate,Teacher,Employed,62,41144,5,2025-07-05,False
REC000991,ENU0025,Odisha,28,Male,Graduate,None,Unemployed,0,0,2,2025-03-12,False
REC000992,ENU0084,Telangana,72,Female,Higher Secondary,None,Not in Labour Force,0,0,4,2025-04-28,False
REC000993,ENU0145,Rajasthan,35,Female,Higher Secondary,None,Not in Labour Force,6,0,4,2025-09-05,False
REC000994,ENU0046,Gujarat,31,Female,Primary,None,Not in Labour Force,0,0,5,2025-02-21,False
REC000995,ENU0172,Punjab,60,Female,Higher Secondary,None,Not in Labour Force,0,0,4,2025-08-05,False
REC000996,ENU0135,Karnataka,61,Female,Primary,Factory Worker,Employed,36,10041,4,2025-04-12,False
REC000997,ENU0170,Rajasthan,16,Male,Secondary,None,Unemployed,0,0,4,2025-12-25,False
REC000998,ENU0149,Telangana,33,Female,Secondary,Carpenter,Employed,46,10888,4,2025-10-17,False
REC000999,ENU0129,Madhya Pradesh,50,Female,Secondary,Street Vendor,Employed,43,10375,3,2025-04-18,False
REC001000,ENU0169,Punjab,40,Male,Secondary,Factory Worker,Employed,44,12441,4,2025-07-26,False
REC001001,ENU0015,West Bengal,43,Male,Secondary,None,Unemployed,0,0,2,2025-10-18,False
REC001002,ENU0035,Rajasthan,32,Male,Higher Secondary,Technician,Employed,31,8903,3,2025-12-01,False
REC001003,ENU0007,Gujarat,77,Male,Secondary,None,Not in Labour Force,0,0,3,2025-07-15,False
REC001004,ENU0012,Maharashtra,11,Female,Primary,None,Not in Labour Force,0,0,2,2025-02-08,False
REC001005,ENU0193,Rajasthan,79,Male,Higher Secondary,None,Not in Labour Force,0,0,3,2025-01-21,False
REC001006,ENU0059,Karnataka,51,Male,Higher Secondary,Carpenter,Employed,53,16840,1,2025-12-20,False
REC001007,ENU0018,Tamil Nadu,38,Female,Secondary,Driver,Employed,26,2958,4,2025-08-07,False
REC001008,ENU0153,Bihar,40,Female,Illiterate,Street Vendor,Unemployed,0,0,3,2025-08-07,False
REC001009,ENU0245,Kerala,47,Female,Graduate,Teacher,Employed,36,24923,4,2025-07-05,False
REC001010,ENU0204,Tamil Nadu,51,Female,Graduate,None,Not in Labour Force,9,0,2,2025-07-18,False
REC001011,ENU0233,Andhra Pradesh,36,Male,Secondary,Carpenter,Employed,75,18522,1,2025-08-01,False
REC001012,ENU0076,Tamil Nadu,67,Male,Secondary,None,Not in Labour Force,0,0,3,2025-03-31,False
REC001013,ENU0034,Karnataka,16,Female,Graduate,None,Not in Labour Force,5,0,9,2025-03-05,False
REC001014,ENU0120,Odisha,37,Male,Secondary,Factory Worker,Employed,23,5778,1,2025-07-31,False
REC001015,ENU0097,Odisha,31,Female,Primary,None,Unemployed,0,0,5,2025-07-01,False
REC001016,ENU0007,Maharashtra,16,Male,Primary,Factory Worker,Employed,69,17862,4,2025-04-16,False
REC001017,ENU0181,Maharashtra,40,Male,Higher Secondary,Clerk,Employed,24,8890,2,2025-02-18,False
REC001018,ENU0013,Uttar Pradesh,48,Male,Illiterate,Agricultural Labourer,Employed,40,4330,1,2025-08-29,False
REC001019,ENU0109,Tamil Nadu,37,Male,Primary,None,Unemployed,0,0,4,2025-10-31,False
REC001020,ENU0186,Andhra Pradesh,30,Male,Illiterate,None,Not in Labour Force,8,0,3,2025-03-10,False
REC001021,ENU0153,Tamil Nadu,78,Female,Higher Secondary,None,Not in Labour Force,0,0,2,2025-08-31,False
REC001022,ENU0117,Madhya Pradesh,40,Male,Secondary,Shop Assistant,Employed,37,7908,3,2025-12-31,False
REC001023,ENU0157,Andhra Pradesh,41,Female,Higher Secondary,Shop Assistant,Employed,67,15091,3,2025-11-06,False
REC001024,ENU0135,Maharashtra,40,Female,Primary,Construction Worker,Employed,61,13591,4,2025-05-17,False
REC001025,ENU0076,Kerala,25,Male,Secondary,Shop Assistant,Employed,46,15903,4,2025-07-18,False
REC001026,ENU0067,Uttar Pradesh,18,Male,Graduate,None,Unemployed,0,0,6,2025-11-01,False
REC001027,ENU0205,Punjab,29,Other,Graduate,None,Unemployed,0,0,4,2025-12-03,False
REC001028,ENU0136,Assam,29,Female,Graduate,Sales Executive,Employed,48,23744,7,2025-01-01,False
REC001029,ENU0006,Odisha,47,Female,Graduate,Clerk,Employed,61,23157,2,2025-03-25,False
REC001030,ENU0103,Assam,27,Female,Primary,Agricultural Labourer,Employed,59,11431,3,2025-11-11,False
REC001031,ENU0166,Andhra Pradesh,6,Other,Primary,None,Not in Labour Force,0,0,4,2025-04-09,False
REC001032,ENU0159,Gujarat,15,Male,Primary,None,Not in Labour Force,0,0,2,2025-10-18,False
REC001033,ENU0063,West Bengal,9,Female,Primary,None,Not in Labour Force,0,0,8,2025-07-20,False
REC001034,ENU0141,Odisha,19,Male,Primary,None,Unemployed,0,0,5,2025-06-13,False
REC001035,ENU0103,Tamil Nadu,150,Female,Graduate,None,Not in Labour Force,0,0,9,2025-12-04,True
REC001036,ENU0186,Karnataka,67,Female,Secondary,None,Not in Labour Force,6,0,6,2025-07-13,False
REC001037,ENU0072,Bihar,6,Female,Primary,None,Unemployed,0,0,4,2025-08-16,False
REC001038,ENU0117,Assam,47,Male,Higher Secondary,Clerk,Employed,33,13421,5,2025-11-30,False
REC001039,ENU0023,Andhra Pradesh,13,Male,Primary,None,Not in Labour Force,0,0,3,2025-08-04,False
REC001040,ENU0087,Rajasthan,31,Female,Graduate,Teacher,Employed,78,41690,1,2025-10-23,False
REC001041,ENU0085,Assam,76,Male,Secondary,None,Not in Labour Force,0,0,4,2025-12-20,False
REC001042,ENU0083,Uttar Pradesh,39,Female,Primary,Factory Worker,Employed,57,12263,5,2025-10-13,False
REC001043,ENU0019,Uttar Pradesh,43,Female,Primary,Domestic Help,Employed,34,4611,2,2025-06-09,False
REC001044,ENU0204,Assam,39,Male,Primary,Domestic Help,Employed,44,6068,9,2025-08-01,False
REC001045,ENU0070,Karnataka,36,Male,Higher Secondary,Clerk,Employed,42,15911,1,2025-08-05,False
REC001046,ENU0221,Kerala,5,Male,Illiterate,None,Not in Labour Force,0,0,6,2025-11-29,False
REC001047,ENU0235,Assam,18,Female,Higher Secondary,Technician,Employed,42,11383,4,2025-10-26,False
REC001048,ENU0015,Gujarat,53,Male,Primary,Domestic Help,Employed,47,3656,5,2025-06-17,False
REC001049,ENU0198,Rajasthan,33,Female,Primary,Factory Worker,Employed,35,9448,3,2025-03-24,False
REC001050,ENU0200,Punjab,43,Male,Higher Secondary,Clerk,Employed,51,22976,5,2025-04-13,False
REC001051,ENU0140,Bihar,29,Female,Higher Secondary,None,Not in Labour Force,7,0,3,2025-03-19,False
REC001052,ENU0138,Uttar Pradesh,16,Male,Graduate,Teacher,Employed,33,18548,8,2025-01-30,False
REC001053,ENU0193,Kerala,35,Female,Graduate,IT Professional,Employed,52,49201,7,2025-01-11,False
REC001054,ENU0220,Andhra Pradesh,4,Male,Higher Secondary,Engineer,Employed,55,0,6,2025-11-01,True
REC001055,ENU0052,Odisha,36,Male,Illiterate,Domestic Help,Employed,56,7377,5,2025-06-23,False
REC001056,ENU0100,Punjab,61,Male,Graduate,None,Not in Labour Force,0,0,4,2025-08-14,False
REC001057,ENU0215,Telangana,36,Female,Post Graduate,Engineer,Employed,55,64158,2,2025-09-18,False
REC001058,ENU0009,Kerala,36,Male,Secondary,Street Vendor,Employed,38,5011,6,2025-09-29,False
REC001059,ENU0166,Bihar,23,Female,Primary,Construction Worker,Employed,33,3528,3,2025-06-14,False
REC001060,ENU0086,Gujarat,36,Male,Primary,None,Not in Labour Force,2,0,1,2025-04-06,False
REC001061,ENU0028,West Bengal,32,Female,Graduate,None,Unemployed,0,0,5,2025-12-24,False
REC001062,ENU0238,Andhra Pradesh,9,Female,Primary,None,Not in Labour Force,0,0,5,2025-10-16,False
REC001063,ENU0121,Andhra Pradesh,28,Male,Post Graduate,Doctor,Employed,45,104568,3,2025-10-30,False
REC001064,ENU0170,Odisha,38,Male,Higher Secondary,Clerk,Employed,37,8617,5,2025-05-31,False
REC001065,ENU0118,Gujarat,37,Female,Secondary,Factory Worker,Employed,52,16660,2,2025-11-29,False
REC001066,ENU0014,Rajasthan,25,Female,Graduate,None,Not in Labour Force,0,0,1,2025-07-22,False
REC001067,ENU0214,Tamil Nadu,41,Female,Illiterate,Construction Worker,Employed,49,11804,8,2025-11-15,False
REC001068,ENU0109,Andhra Pradesh,42,Male,Post Graduate,Government Officer,Employed,31,26262,3,2025-08-01,False
REC001069,ENU0041,West Bengal,29,Male,Graduate,Teacher,Employed,36,18497,4,2025-10-19,False
REC001070,ENU0083,Telangana,30,Male,Secondary,None,Unemployed,0,0,4,2025-11-27,False
REC001071,ENU0151,Madhya Pradesh,50,Male,Primary,Construction Worker,Employed,22,4753,4,2025-10-26,False
REC001072,ENU0147,Maharashtra,25,Female,Primary,Construction Worker,Employed,45,10951,3,2025-11-19,False
REC001073,ENU0165,Rajasthan,16,Male,Post Graduate,None,Unemployed,0,0,3,2025-06-18,False
REC001074,ENU0178,Andhra Pradesh,42,Female,Secondary,Shop Assistant,Employed,45,9274,1,2025-09-02,False
REC001075,ENU0013,Telangana,6,Male,Primary,None,Not in Labour Force,0,0,2,2025-04-03,False
REC001076,ENU0207,Punjab,38,Female,Secondary,Carpenter,Employed,34,12491,3,2025-12-01,False
REC001077,ENU0209,Madhya Pradesh,22,Male,Secondary,None,Unemployed,0,0,4,2025-09-21,False
REC001078,ENU0135,Karnataka,22,Female,Higher Secondary,Carpenter,Employed,46,9996,1,2025-12-16,False
REC001079,ENU0012,Rajasthan,52,Male,Post Graduate,Government Officer,Employed,35,44764,5,2025-02-17,False
REC001080,ENU0077,Tamil Nadu,27,Male,Graduate,IT Professional,Employed,57,68932,8,2025-05-23,False
REC001081,ENU0131,Madhya Pradesh,36,Male,Illiterate,Construction Worker,Employed,50,11679,5,2025-08-09,False
REC001082,ENU0174,Rajasthan,42,Male,Graduate,None,Not in Labour Force,0,0,1,2025-09-18,False
REC001083,ENU0049,Assam,15,Male,Secondary,None,Not in Labour Force,0,0,5,2025-03-22,False
REC001084,ENU0151,Bihar,5,Female,Illiterate,None,Unemployed,0,0,2,2025-04-05,False
REC001085,ENU0131,Bihar,30,Female,Graduate,Sales Executive,Employed,49,9701,4,2025-09-13,False
REC001086,ENU0085,Maharashtra,25,Female,Graduate,None,Unemployed,0,0,4,2025-02-18,False
REC001087,ENU0050,Assam,22,Male,Primary,Construction Worker,Employed,53,8742,8,2025-05-05,False
REC001088,ENU0045,Kerala,39,Female,Primary,None,Unemployed,0,0,9,2025-06-25,False
REC001089,ENU0007,Andhra Pradesh,16,Female,Secondary,Shop Assistant,Employed,37,9283,5,2025-10-06,False
REC001090,ENU0063,Uttar Pradesh,36,Female,Secondary,Factory Worker,Employed,61,13498,4,2025-11-03,False
REC001091,ENU0177,Karnataka,44,Male,Secondary,Shop Assistant,Employed,40,5206,3,2025-05-25,False
REC001092,ENU0002,Tamil Nadu,29,Male,Illiterate,Construction Worker,Employed,52,10391,3,2025-01-25,False
REC001093,ENU0088,Maharashtra,35,Female,Higher Secondary,Carpenter,Employed,47,11011,3,2025-09-04,False
REC001094,ENU0138,Madhya Pradesh,23,Male,Secondary,Street Vendor,Employed,38,7433,5,2025-06-27,False
REC001095,ENU0108,Madhya Pradesh,10,Male,Primary,None,Not in Labour Force,0,0,5,2025-08-03,False
REC001096,ENU0031,Maharashtra,35,Female,Post Graduate,Engineer,Employed,42,57772,5,2025-07-09,False
REC001097,ENU0151,Karnataka,81,Male,Secondary,None,Not in Labour Force,0,0,3,2025-09-27,False
REC001098,ENU0026,Uttar Pradesh,44,Male,Higher Secondary,None,Not in Labour Force,6,0,3,2025-04-21,False
REC001099,ENU0230,Punjab,36,Male,Primary,Street Vendor,Employed,62,14039,5,2025-02-01,False
REC001100,ENU0178,Odisha,49,Female,Secondary,Carpenter,Employed,47,10919,3,2025-08-03,False
REC001101,ENU0059,Uttar Pradesh,64,Male,Graduate,None,Not in Labour Force,0,0,4,2025-10-18,False
REC001102,ENU0135,Tamil Nadu,38,Female,Secondary,Driver,Employed,44,15452,2,2025-07-31,False
REC001103,ENU0086,Andhra Pradesh,26,Female,Post Graduate,Bank Employee,Employed,45,36159,3,2025-10-20,False
REC001104,ENU0190,Uttar Pradesh,42,Female,Primary,None,Not in Labour Force,0,0,5,2025-01-05,False
REC001105,ENU0081,Telangana,26,Female,Higher Secondary,None,Unemployed,0,0,3,2025-02-25,False
REC001106,ENU0139,Gujarat,44,Female,Secondary,Shop Assistant,Employed,45,6913,6,2025-05-30,False
REC001107,ENU0161,Odisha,28,Male,Illiterate,None,Unemployed,0,0,4,2025-01-19,False
REC001108,ENU0072,Karnataka,55,Female,Secondary,Factory Worker,Employed,30,7025,2,2025-12-27,False
REC001109,ENU0147,Madhya Pradesh,60,Male,Illiterate,None,Not in Labour Force,0,0,4,2025-01-11,False
REC001110,ENU0243,Punjab,72,Female,Graduate,None,Not in Labour Force,0,0,8,2025-06-17,False
REC001111,ENU0139,Assam,26,Female,Illiterate,None,Unemployed,0,0,7,2025-03-21,False
REC001112,ENU0111,Gujarat,73,Female,Higher Secondary,None,Not in Labour Force,0,0,5,2025-08-18,False
REC001113,ENU0166,Andhra Pradesh,51,Female,Secondary,Shop Assistant,Employed,34,4756,2,2025-08-04,False
REC001114,ENU0138,Gujarat,35,Female,Secondary,Factory Worker,Employed,56,16022,5,2025-05-27,False
REC001115,ENU0079,Madhya Pradesh,20,Female,Graduate,None,Unemployed,0,0,2,2025-11-16,False
REC001116,ENU0243,Gujarat,50,Female,Graduate,None,Not in Labour Force,0,0,4,2025-08-24,False
REC001117,ENU0001,Tamil Nadu,17,Female,Higher Secondary,Driver,Employed,50,9470,8,2025-07-21,False
REC001118,ENU0200,Tamil Nadu,9,Male,Primary,None,Not in Labour Force,0,0,4,2025-12-23,False
REC001119,ENU0134,Rajasthan,31,Female,Higher Secondary,None,Not in Labour Force,0,0,4,2025-08-06,False
REC001120,ENU0199,Andhra Pradesh,42,Male,Secondary,Factory Worker,Employed,40,10121,6,2025-08-01,False
REC001121,ENU0229,Gujarat,43,Female,Primary,Construction Worker,Employed,60,11930,2,2025-07-15,False
REC001122,ENU0246,Telangana,31,Female,Secondary,None,Unemployed,0,0,2,2025-11-15,False
REC001123,ENU0113,Punjab,67,Male,Secondary,None,Not in Labour Force,0,0,3,2025-06-28,False
REC001124,ENU0156,Assam,35,Female,Higher Secondary,Clerk,Employed,50,19625,6,2025-09-10,False
REC001125,ENU0132,Madhya Pradesh,46,Female,Graduate,Sales Executive,Employed,39,22984,5,2025-10-22,False
REC001126,ENU0053,Maharashtra,29,Male,Secondary,Carpenter,Employed,45,12037,6,2025-03-12,False
REC001127,ENU0058,Telangana,9,Male,Primary,None,Not in Labour Force,0,0,1,2025-11-21,False
REC001128,ENU0073,Kerala,50,Male,Graduate,IT Professional,Employed,51,77720,9,2025-05-08,False
REC001129,ENU0236,Uttar Pradesh,38,Female,Post Graduate,None,Not in Labour Force,0,0,2,2025-03-23,False
REC001130,ENU0167,Odisha,28,Male,Graduate,Sales Executive,Employed,36,17534,5,2025-05-09,False
REC001131,ENU0016,Maharashtra,17,Female,Higher Secondary,Carpenter,Employed,42,13895,1,2025-01-16,False
REC001132,ENU0123,Odisha,65,Male,Higher Secondary,None,Not in Labour Force,2,0,5,2025-01-26,False
REC001133,ENU0079,Maharashtra,20,Female,Post Graduate,Bank Employee,Employed,59,36478,1,2025-05-01,False
REC001134,ENU0244,Odisha,39,Male,Graduate,IT Professional,Employed,50,55466,4,2025-02-12,False
REC001135,ENU0196,Odisha,16,Male,Secondary,Factory Worker,Employed,28,8315,3,2025-05-28,False
REC001136,ENU0024,Rajasthan,43,Female,Primary,None,Unemployed,0,0,5,2025-04-13,False
REC001137,ENU0038,Maharashtra,46,Male,Higher Secondary,Shop Assistant,Employed,28,7575,2,2025-02-07,False
REC001138,ENU0107,West Bengal,23,Female,Primary,None,Unemployed,0,0,6,2025-01-15,False
REC001139,ENU0122,Rajasthan,56,Male,Graduate,None,Unemployed,0,0,4,2025-06-21,False
REC001140,ENU0204,Rajasthan,64,Female,Higher Secondary,None,Not in Labour Force,0,0,8,2025-06-24,False
REC001141,ENU0126,Andhra Pradesh,26,Female,Secondary,Carpenter,Employed,64,25095,5,2025-03-15,False
REC001142,ENU0033,Telangana,28,Male,Post Graduate,Doctor,Employed,29,35264,4,2025-03-01,False
REC001143,ENU0180,Rajasthan,49,Female,Higher Secondary,Carpenter,Employed,39,16525,9,2025-07-25,False
REC001144,ENU0041,Kerala,5,Male,Illiterate,None,Not in Labour Force,2,0,4,2025-08-19,False
REC001145,ENU0204,Punjab,46,Male,Higher Secondary,Clerk,Employed,46,16476,5,2025-01-03,False
REC001146,ENU0197,Gujarat,32,Female,Primary,None,Not in Labour Force,0,0,3,2025-12-20,False
REC001147,ENU0091,Madhya Pradesh,37,Male,Secondary,Shop Assistant,Employed,33,3352,5,2025-07-01,False
REC001148,ENU0239,Uttar Pradesh,72,Male,Secondary,None,Not in Labour Force,0,0,4,2025-07-29,False
REC001149,ENU0233,Karnataka,8,Female,Primary,None,Not in Labour Force,0,0,2,2025-01-26,False
REC001150,ENU0196,Madhya Pradesh,29,Male,Graduate,None,Unemployed,0,0,5,2025-07-15,False
REC001151,ENU0188,Gujarat,27,Female,Secondary,Shop Assistant,Employed,48,11077,7,2025-10-27,False
REC001152,ENU0197,Telangana,41,Female,Primary,Street Vendor,Employed,62,12960,5,2025-09-11,False
REC001153,ENU0167,Telangana,49,Male,Secondary,Street Vendor,Employed,50,5790,1,2025-11-25,False
REC001154,ENU0221,Telangana,11,Female,Primary,None,Not in Labour Force,5,0,1,2025-03-08,False
REC001155,ENU0019,Karnataka,63,Male,Post Graduate,None,Not in Labour Force,8,0,3,2025-11-19,False
REC001156,ENU0045,Kerala,46,Female,Higher Secondary,Carpenter,Employed,40,12289,1,2025-01-11,False
REC001157,ENU0012,West Bengal,49,Male,Illiterate,Agricultural Labourer,Employed,42,5581,4,2025-11-29,False
REC001158,ENU0060,Kerala,46,Male,Graduate,None,Not in Labour Force,0,0,4,2025-10-01,False
REC001159,ENU0104,Madhya Pradesh,44,Female,Higher Secondary,None,Unemployed,0,0,4,2025-07-30,False
REC001160,ENU0016,Telangana,33,Female,Primary,Construction Worker,Employed,49,11595,2,2025-10-19,False
REC001161,ENU0092,West Bengal,14,Male,Primary,None,Not in Labour Force,6,0,5,2025-01-27,False
REC001162,ENU0076,Uttar Pradesh,70,Female,Secondary,None,Not in Labour Force,0,0,3,2025-04-09,False
REC001163,ENU0002,West Bengal,36,Female,Graduate,Teacher,Employed,68,36456,2,2025-09-08,False
REC001164,ENU0078,Odisha,25,Female,Post Graduate,IT Professional,Employed,62,78598,3,2025-08-07,False
REC001165,ENU0037,Kerala,10,Female,Primary,None,Not in Labour Force,0,0,3,2025-03-07,False
REC001166,ENU0230,Gujarat,45,Female,Primary,Construction Worker,Employed,56,10134,7,2025-02-13,False
REC001167,ENU0246,Gujarat,16,Female,Graduate,None,Not in Labour Force,0,0,1,2025-02-18,False
REC001168,ENU0229,Tamil Nadu,40,Male,Primary,None,Not in Labour Force,0,0,3,2025-06-19,False
REC001169,ENU0076,West Bengal,36,Male,Primary,None,Not in Labour Force,0,0,2,2025-08-21,False
REC001170,ENU0179,Tamil Nadu,38,Female,Illiterate,Agricultural Labourer,Employed,51,8795,4,2025-07-14,False
REC001171,ENU0151,Odisha,32,Male,Illiterate,None,Unemployed,0,0,3,2025-05-22,False
REC001172,ENU0187,Gujarat,39,Female,Higher Secondary,Technician,Employed,25,7729,6,2025-09-08,False
REC001173,ENU0130,West Bengal,44,Male,Primary,Factory Worker,Employed,41,10432,3,2025-06-28,False
REC001174,ENU0221,Assam,69,Male,Post Graduate,None,Not in Labour Force,4,0,3,2025-12-04,False
REC001175,ENU0182,Madhya Pradesh,27,Female,Primary,Street Vendor,Employed,47,10858,7,2025-05-31,False
REC001176,ENU0100,West Bengal,26,Male,Secondary,Street Vendor,Employed,35,4873,5,2025-03-27,False
REC001177,ENU0242,Uttar Pradesh,50,Female,Primary,Agricultural Labourer,Employed,47,8721,3,2025-11-26,False
REC001178,ENU0098,Gujarat,47,Male,Secondary,Shop Assistant,Employed,22,3167,3,2025-05-10,False
REC001179,ENU0103,Madhya Pradesh,50,Female,Higher Secondary,Carpenter,Employed,33,7619,5,2025-04-28,False
REC001180,ENU0127,Assam,32,Female,Illiterate,None,Unemployed,0,0,2,2025-07-16,False
REC001181,ENU0045,Uttar Pradesh,38,Male,Secondary,Factory Worker,Employed,68,19759,9,2025-01-26,False
REC001182,ENU0175,Karnataka,16,Male,Secondary,Factory Worker,Employed,40,13219,1,2025-01-03,False
REC001183,ENU0102,Tamil Nadu,26,Female,Graduate,None,Unemployed,0,0,5,2025-08-26,False
REC001184,ENU0123,Telangana,28,Male,Graduate,Teacher,Employed,56,30163,3,2025-12-22,False
REC001185,ENU0113,Maharashtra,23,Male,Secondary,None,Unemployed,0,0,4,2025-04-28,False
REC001186,ENU0033,Madhya Pradesh,29,Other,Primary,None,Not in Labour Force,0,0,4,2025-03-10,False
REC001187,ENU0144,Andhra Pradesh,21,Female,Secondary,Carpenter,Employed,40,13440,3,2025-04-25,False
REC001188,ENU0238,Maharashtra,22,Female,Illiterate,Construction Worker,Employed,41,7369,6,2025-11-11,False
REC001189,ENU0150,Assam,48,Male,Secondary,Street Vendor,Employed,27,5838,5,2025-03-04,False
REC001190,ENU0036,Karnataka,62,Female,Secondary,None,Not in Labour Force,0,0,2,2025-09-03,False
REC001191,ENU0022,Rajasthan,18,Male,Higher Secondary,None,Not in Labour Force,0,0,7,2025-01-13,False
REC001192,ENU0158,West Bengal,69,Male,Graduate,None,Not in Labour Force,0,0,4,2025-08-15,False
REC001193,ENU0005,Odisha,44,Male,Primary,Construction Worker,Employed,58,11550,1,2025-01-22,False
REC001194,ENU0191,Telangana,41,Male,Post Graduate,Doctor,Employed,54,112626,8,2025-01-24,False
REC001195,ENU0207,Bihar,43,Female,Graduate,Clerk,Employed,48,8125,3,2025-11-10,False
REC001196,ENU0116,Punjab,9,Female,Primary,None,Not in Labour Force,0,0,6,2025-09-05,False
REC001197,ENU0093,Maharashtra,16,Male,Primary,None,Unemployed,0,0,4,2025-11-05,False
REC001198,ENU0133,Assam,48,Male,Graduate,Clerk,Employed,51,18497,5,2025-10-20,False
REC001199,ENU0161,Rajasthan,57,Male,Secondary,Factory Worker,Employed,64,12611,5,2025-03-12,False
REC001200,ENU0189,Gujarat,29,Female,Secondary,Street Vendor,Employed,42,4535,6,2025-12-22,False
REC001201,ENU0110,Andhra Pradesh,43,Male,Graduate,IT Professional,Employed,19,20982,2,2025-11-02,False
REC001202,ENU0131,West Bengal,32,Male,Secondary,Shop Assistant,Employed,43,9614,5,2025-09-19,False
REC001203,ENU0208,Kerala,29,Other,Secondary,Carpenter,Employed,62,22073,4,2025-06-16,False
REC001204,ENU0044,Madhya Pradesh,49,Male,Higher Secondary,None,Not in Labour Force,0,0,1,2025-10-01,False
REC001205,ENU0122,West Bengal,28,Male,Illiterate,Agricultural Labourer,Employed,59,9080,5,2025-12-08,False
REC001206,ENU0069,Andhra Pradesh,14,Male,Primary,None,Not in Labour Force,0,0,3,2025-07-02,False
REC001207,ENU0138,Karnataka,27,Female,Secondary,None,Not in Labour Force,0,0,3,2025-05-01,False
REC001208,ENU0109,Bihar,31,Female,Graduate,Teacher,Unemployed,0,0,3,2025-05-19,False
REC001209,ENU0108,Odisha,33,Female,Secondary,Street Vendor,Employed,48,8098,5,2025-10-03,False
REC001210,ENU0240,Gujarat,19,Female,Secondary,None,Not in Labour Force,6,0,3,2025-01-18,False
REC001211,ENU0145,Bihar,54,Male,Secondary,Shop Assistant,Employed,46,3462,1,2025-12-15,False
REC001212,ENU0174,Rajasthan,72,Male,Graduate,None,Not in Labour Force,0,0,4,2025-03-28,False
REC001213,ENU0061,Kerala,37,Male,Secondary,Street Vendor,Employed,42,8810,1,2025-08-27,False
REC001214,ENU0192,West Bengal,18,Male,Secondary,None,Not in Labour Force,0,0,5,2025-04-16,False
REC001215,ENU0218,Kerala,25,Female,Graduate,Bank Employee,Employed,62,48470,2,2025-04-02,False
REC001216,ENU0218,Uttar Pradesh,29,Female,Higher Secondary,Clerk,Employed,48,19086,6,2025-11-08,False
REC001217,ENU0227,Bihar,31,Male,Secondary,Shop Assistant,Employed,32,3476,4,2025-11-13,False
REC001218,ENU0232,Madhya Pradesh,44,Female,Secondary,Street Vendor,Employed,58,11703,2,2025-03-30,False
REC001219,ENU0011,Telangana,30,Male,Secondary,Shop Assistant,Employed,55,17062,6,2025-12-06,False
REC001220,ENU0198,Odisha,34,Female,Primary,Factory Worker,Employed,46,8605,4,2025-05-16,False
REC001221,ENU0120,Madhya Pradesh,15,Female,Illiterate,None,Not in Labour Force,0,0,1,2025-03-05,False
REC001222,ENU0148,Odisha,34,Female,Secondary,None,Unemployed,0,0,7,2025-06-28,False
REC001223,ENU0140,Odisha,29,Male,Primary,Factory Worker,Employed,36,11105,8,2025-04-14,False
REC001224,ENU0179,Assam,32,Female,Primary,Street Vendor,Employed,65,8755,4,2025-03-24,False
REC001225,ENU0150,Punjab,21,Female,Graduate,Clerk,Employed,62,23609,3,2025-01-15,False
REC001226,ENU0246,Kerala,40,Male,Higher Secondary,Driver,Employed,50,11122,4,2025-06-20,False
REC001227,ENU0217,Tamil Nadu,9,Female,Primary,None,Not in Labour Force,0,0,4,2025-06-13,False
REC001228,ENU0184,Telangana,17,Male,Primary,None,Not in Labour Force,0,0,7,2025-02-04,False
REC001229,ENU0003,Telangana,28,Female,Higher Secondary,Driver,Employed,39,7824,5,2025-12-18,False
REC001230,ENU0176,Bihar,5,Female,Illiterate,None,Unemployed,0,0,6,2025-10-31,False
REC001231,ENU0114,Rajasthan,39,Female,Graduate,None,Not in Labour Force,0,0,2,2025-03-24,False
REC001232,ENU0139,Bihar,51,Female,Primary,None,Not in Labour Force,0,0,1,2025-07-25,False
REC001233,ENU0021,Madhya Pradesh,44,Female,Primary,Street Vendor,Employed,21,4677,5,2025-06-12,False
REC001234,ENU0203,Andhra Pradesh,34,Male,Primary,Construction Worker,Employed,19,3806,2,2025-05-13,False
REC001235,ENU0103,Uttar Pradesh,30,Female,Secondary,Driver,Employed,38,11823,4,2025-09-29,False
REC001236,ENU0223,Karnataka,14,Female,Primary,None,Not in Labour Force,0,0,8,2025-12-07,False
REC001237,ENU0033,Madhya Pradesh,67,Male,Post Graduate,None,Not in Labour Force,0,0,3,2025-08-07,False
REC001238,ENU0104,Uttar Pradesh,38,Female,Graduate,None,Not in Labour Force,0,0,11,2025-10-09,False
REC001239,ENU0081,Telangana,69,Male,Secondary,None,Not in Labour Force,1,0,6,2025-08-20,False
REC001240,ENU0181,Telangana,24,Male,Illiterate,Street Vendor,Employed,45,5884,3,2025-05-12,False
REC001241,ENU0012,Telangana,67,Male,Secondary,None,Not in Labour Force,0,0,4,2025-04-16,False
REC001242,ENU0057,Gujarat,25,Male,Secondary,None,Not in Labour Force,0,0,3,2025-05-12,False
REC001243,ENU0100,Rajasthan,24,Male,Secondary,None,Unemployed,0,0,6,2025-06-10,False
REC001244,ENU0247,Rajasthan,43,Female,Secondary,Carpenter,Employed,38,13069,4,2025-04-26,False
REC001245,ENU0233,Madhya Pradesh,45,Male,Primary,Agricultural Labourer,Employed,47,8386,6,2025-09-18,False
REC001246,ENU0211,Telangana,17,Female,Post Graduate,None,Not in Labour Force,6,0,4,2025-10-18,False
REC001247,ENU0142,Tamil Nadu,14,Female,Primary,None,Not in Labour Force,0,0,1,2025-05-19,False
REC001248,ENU0009,Tamil Nadu,38,Female,Primary,None,Unemployed,0,0,2,2025-12-06,False
REC001249,ENU0191,Karnataka,31,Male,Secondary,None,Not in Labour Force,0,0,4,2025-01-25,False
REC001250,ENU0067,West Bengal,49,Female,Higher Secondary,Technician,Employed,46,9348,4,2025-05-31,False
REC001251,ENU0188,Kerala,25,Female,Higher Secondary,Carpenter,Employed,41,11131,66,2025-12-31,True
REC001252,ENU0060,Odisha,8,Male,Primary,None,Not in Labour Force,0,0,7,2025-02-13,False
REC001253,ENU0098,Rajasthan,44,Female,Secondary,Driver,Employed,61,16125,4,2025-12-22,False
REC001254,ENU0077,Telangana,32,Female,Secondary,None,Unemployed,0,0,6,2025-09-17,False
REC001255,ENU0101,Kerala,61,Male,Secondary,None,Not in Labour Force,0,0,5,2025-02-01,False
REC001256,ENU0229,Andhra Pradesh,24,Male,Secondary,Driver,Employed,39,13223,4,2025-11-23,False
REC001257,ENU0040,Madhya Pradesh,28,Female,Illiterate,Agricultural Labourer,Employed,28,5079,4,2025-01-04,False
REC001258,ENU0073,Rajasthan,43,Male,Graduate,Teacher,Employed,41,20709,5,2025-01-28,False
REC001259,ENU0152,Tamil Nadu,73,Female,Post Graduate,None,Not in Labour Force,0,0,7,2025-03-05,False
REC001260,ENU0045,Uttar Pradesh,63,Male,Illiterate,None,Not in Labour Force,6,0,4,2025-01-15,False
REC001261,ENU0129,Odisha,38,Female,Secondary,Driver,Employed,29,10768,6,2025-08-17,False
REC001262,ENU0242,Andhra Pradesh,48,Female,Primary,Factory Worker,Employed,38,10802,6,2025-03-01,False
REC001263,ENU0157,Punjab,20,Male,Secondary,Carpenter,Employed,33,9641,8,2025-11-12,False
REC001264,ENU0075,Rajasthan,46,Male,Higher Secondary,Carpenter,Employed,34,12945,4,2025-10-27,False
REC001265,ENU0010,Kerala,47,Female,Secondary,Factory Worker,Employed,54,13787,2,2025-03-18,False
REC001266,ENU0122,Assam,57,Male,Secondary,Carpenter,Employed,64,18804,5,2025-09-20,False
REC001267,ENU0017,Kerala,37,Male,Post Graduate,Teacher,Employed,42,18882,1,2025-02-04,False
REC001268,ENU0182,Madhya Pradesh,40,Female,Secondary,Street Vendor,Employed,43,9173,4,2025-08-02,False
REC001269,ENU0195,Madhya Pradesh,36,Male,Graduate,None,Not in Labour Force,0,0,3,2025-01-24,False
REC001270,ENU0207,Kerala,33,Female,Secondary,None,Unemployed,0,0,5,2025-07-01,False
REC001271,ENU0129,Andhra Pradesh,48,Male,Graduate,Sales Executive,Employed,51,23585,5,2025-10-01,False
REC001272,ENU0020,Punjab,16,Female,Primary,Street Vendor,Employed,45,8543,5,2025-05-14,False
REC001273,ENU0104,Gujarat,40,Female,Post Graduate,Government Officer,Employed,45,44887,2,2025-03-12,False
REC001274,ENU0105,Telangana,75,Female,Graduate,None,Not in Labour Force,0,0,4,2025-07-05,False
REC001275,ENU0093,Assam,61,Male,Post Graduate,None,Not in Labour Force,0,0,2,2025-05-22,False
REC001276,ENU0190,Tamil Nadu,23,Female,Graduate,None,Not in Labour Force,0,0,8,2025-12-13,False
REC001277,ENU0208,West Bengal,60,Male,Higher Secondary,None,Not in Labour Force,0,0,5,2025-03-05,False
REC001278,ENU0057,Telangana,42,Male,Secondary,Shop Assistant,Employed,57,10844,5,2025-12-24,False
REC001279,ENU0074,Tamil Nadu,28,Male,Secondary,None,Unemployed,0,0,3,2025-03-02,False
REC001280,ENU0005,Madhya Pradesh,33,Female,Secondary,Factory Worker,Employed,39,11354,2,2025-12-21,False
REC001281,ENU0183,Maharashtra,10,Male,Primary,None,Not in Labour Force,0,0,2,2025-10-02,False
REC001282,ENU0162,Karnataka,20,Female,Graduate,None,Unemployed,0,0,2,2025-12-03,False
REC001283,ENU0175,Uttar Pradesh,25,Male,Illiterate,Domestic Help,Employed,60,8684,2,2025-07-13,False
REC001284,ENU0213,Karnataka,44,Female,Secondary,None,Not in Labour Force,0,0,4,2025-04-06,False
REC001285,ENU0016,Gujarat,41,Female,Secondary,Shop Assistant,Employed,47,9668,4,2025-03-22,False
REC001286,ENU0176,Telangana,45,Female,Secondary,Shop Assistant,Employed,38,9469,5,2025-01-07,False
REC001287,ENU0098,Bihar,44,Male,Secondary,None,Unemployed,0,0,3,2025-01-10,False
REC001288,ENU0211,Telangana,31,Female,Higher Secondary,Shop Assistant,Employed,49,11942,6,2025-05-23,False
REC001289,ENU0083,Tamil Nadu,39,Female,Secondary,Driver,Employed,43,11696,5,2025-12-19,False
REC001290,ENU0203,Telangana,24,Male,Graduate,Clerk,Employed,38,18144,5,2025-02-14,False
REC001291,ENU0209,Rajasthan,18,Female,Secondary,Shop Assistant,Employed,66,12799,5,2025-09-28,False
REC001292,ENU0020,West Bengal,39,Female,Graduate,Clerk,Employed,55,22116,4,2025-09-13,False
REC001293,ENU0244,Kerala,33,Female,Primary,None,Unemployed,0,0,2,2025-07-21,False
REC001294,ENU0121,Andhra Pradesh,72,Female,Graduate,None,Not in Labour Force,0,0,4,2025-04-18,False
REC001295,ENU0125,Madhya Pradesh,9,Male,Primary,None,Not in Labour Force,0,0,4,2025-10-20,False
REC001296,ENU0023,Odisha,33,Male,Higher Secondary,Clerk,Employed,54,23848,4,2025-06-06,False
REC001297,ENU0052,Maharashtra,64,Male,Post Graduate,Teacher,Employed,33,20472,3,2025-02-20,False
REC001298,ENU0095,Odisha,30,Female,Secondary,Factory Worker,Employed,51,12964,6,2025-02-17,False
REC001299,ENU0063,Telangana,28,Male,Higher Secondary,None,Not in Labour Force,0,0,3,2025-04-29,False
REC001300,ENU0182,Telangana,21,Male,Illiterate,None,Unemployed,0,0,6,2025-11-08,False
REC001301,ENU0145,Karnataka,24,Male,Graduate,None,Not in Labour Force,3,0,11,2025-11-10,False
REC001302,ENU0015,Odisha,40,Male,Primary,Street Vendor,Employed,47,10241,10,2025-08-15,False
REC001303,ENU0205,Madhya Pradesh,38,Male,Secondary,Street Vendor,Employed,46,9777,8,2025-07-27,False
REC001304,ENU0117,Kerala,47,Male,Graduate,None,Not in Labour Force,0,0,4,2025-12-31,False
REC001305,ENU0078,Rajasthan,75,Male,Secondary,None,Not in Labour Force,0,0,3,2025-03-08,False
REC001306,ENU0185,Gujarat,72,Male,Post Graduate,None,Not in Labour Force,0,0,7,2025-07-29,False
REC001307,ENU0208,Uttar Pradesh,33,Male,Post Graduate,Government Officer,Employed,47,35020,1,2025-05-14,False
REC001308,ENU0035,Madhya Pradesh,41,Female,Graduate,Sales Executive,Employed,43,19018,4,2025-02-27,False
REC001309,ENU0207,Uttar Pradesh,33,Male,Higher Secondary,Clerk,Employed,39,18840,3,2025-07-13,False
REC001310,ENU0075,Karnataka,43,Female,Primary,Domestic Help,Employed,59,8627,6,2025-12-13,False
REC001311,ENU0072,Uttar Pradesh,54,Female,Secondary,None,Not in Labour Force,0,0,9,2025-06-12,False
REC001312,ENU0240,Maharashtra,34,Male,Graduate,Sales Executive,Employed,26,13143,7,2025-10-17,False
REC001313,ENU0005,Punjab,30,Male,Primary,Street Vendor,Employed,38,7986,3,2025-05-02,False
REC001314,ENU0245,Odisha,66,Female,Graduate,None,Not in Labour Force,0,0,5,2025-02-20,False
REC001315,ENU0096,Maharashtra,38,Female,Secondary,None,Unemployed,0,0,4,2025-02-13,False
REC001316,ENU0233,West Bengal,38,Female,Secondary,Factory Worker,Employed,27,6969,4,2025-05-23,False
REC001317,ENU0204,Tamil Nadu,28,Female,Primary,Domestic Help,Employed,41,6980,3,2025-12-01,False
REC001318,ENU0219,Gujarat,13,Male,Primary,None,Not in Labour Force,0,0,7,2025-10-20,False
REC001319,ENU0132,Telangana,16,Male,Graduate,None,Not in Labour Force,0,0,2,2025-10-29,False
REC001320,ENU0057,Odisha,31,Female,Illiterate,None,Unemployed,0,0,3,2025-08-13,False
REC001321,ENU0040,Rajasthan,46,Female,Illiterate,None,Not in Labour Force,0,0,3,2025-10-03,False
REC001322,ENU0094,Karnataka,15,Female,Higher Secondary,None,Not in Labour Force,0,0,3,2025-04-07,False
REC001323,ENU0021,Maharashtra,15,Female,Primary,None,Not in Labour Force,6,0,5,2025-12-09,False
REC001324,ENU0186,Tamil Nadu,41,Male,Primary,Street Vendor,Employed,47,6816,5,2025-11-23,False
REC001325,ENU0048,Andhra Pradesh,11,Female,Primary,None,Not in Labour Force,0,0,9,2025-01-31,False
REC001326,ENU0119,Madhya Pradesh,40,Female,Secondary,Factory Worker,Employed,41,11389,6,2025-04-17,False
REC001327,ENU0166,Punjab,44,Female,Graduate,IT Professional,Employed,49,70372,3,2025-04-29,False
REC001328,ENU0130,Punjab,42,Female,Primary,Factory Worker,Employed,46,8437,2,2025-06-19,False
REC001329,ENU0070,Gujarat,47,Female,Primary,Factory Worker,Employed,63,21013,4,2025-01-12,False
REC001330,ENU0145,Punjab,25,Female,Primary,Domestic Help,Employed,39,8742,6,2025-08-13,False
REC001331,ENU0155,Gujarat,80,Male,Primary,None,Not in Labour Force,0,0,2,2025-02-06,False
REC001332,ENU0055,Gujarat,49,Female,Primary,Agricultural Labourer,Employed,58,10220,7,2025-11-24,False
REC001333,ENU0227,Madhya Pradesh,31,Female,Illiterate,None,Not in Labour Force,0,0,5,2025-10-02,False
REC001334,ENU0172,Rajasthan,62,Female,Higher Secondary,None,Not in Labour Force,0,0,3,2025-03-08,False
REC001335,ENU0083,Telangana,40,Female,Primary,Construction Worker,Employed,26,4334,4,2025-08-12,False
REC001336,ENU0147,Odisha,40,Male,Graduate,Teacher,Employed,30,22226,2,2025-02-25,False
REC001337,ENU0238,Andhra Pradesh,46,Female,Primary,Domestic Help,Employed,44,4796,4,2025-04-30,False
REC001338,ENU0178,Karnataka,32,Male,Primary,None,Unemployed,0,0,2,2025-04-29,False
REC001339,ENU0237,Uttar Pradesh,30,Male,Primary,None,Unemployed,0,0,7,2025-09-23,False
REC001340,ENU0047,Rajasthan,34,Female,Secondary,None,Not in Labour Force,0,0,7,2025-07-29,False
REC001341,ENU0222,Telangana,76,Female,Primary,None,Not in Labour Force,0,0,5,2025-05-19,False
REC001342,ENU0127,West Bengal,59,Male,Graduate,None,Not in Labour Force,0,0,5,2025-10-22,False
REC001343,ENU0080,Odisha,24,Female,Graduate,IT Professional,Employed,49,72929,1,2025-08-07,False
REC001344,ENU0119,Rajasthan,40,Male,Post Graduate,Bank Employee,Employed,38,23700,8,2025-07-11,False
REC001345,ENU0063,Madhya Pradesh,39,Female,Post Graduate,Doctor,Employed,43,88865,3,2025-03-22,False
REC001346,ENU0232,West Bengal,36,Female,Graduate,IT Professional,Employed,34,28173,2,2025-08-17,False
REC001347,ENU0239,Uttar Pradesh,43,Male,Graduate,Sales Executive,Employed,46,23802,4,2025-04-24,False
REC001348,ENU0116,Maharashtra,37,Female,Secondary,None,Unemployed,0,0,6,2025-01-28,False
REC001349,ENU0196,Tamil Nadu,27,Male,Higher Secondary,Technician,Employed,28,8331,3,2025-02-28,False
REC001350,ENU0191,Telangana,20,Male,Secondary,Driver,Employed,61,13584,6,2025-01-01,False
REC001351,ENU0114,Assam,8,Female,Primary,None,Not in Labour Force,2,0,2,2025-06-23,False
REC001352,ENU0030,West Bengal,49,Male,Graduate,Teacher,Employed,56,33399,9,2025-12-12,False
REC001353,ENU0184,Tamil Nadu,42,Female,Graduate,IT Professional,Employed,50,52485,5,2025-11-05,False
REC001354,ENU0138,Assam,27,Female,Secondary,None,Unemployed,0,0,3,2025-05-26,False
REC001355,ENU0060,Uttar Pradesh,5,Male,Illiterate,None,Not in Labour Force,0,0,5,2025-06-10,False
REC001356,ENU0138,Bihar,24,Female,Primary,Factory Worker,Unemployed,0,0,8,2025-01-27,False
REC001357,ENU0067,Bihar,8,Female,Primary,None,Unemployed,0,0,3,2025-07-05,False
REC001358,ENU0163,Rajasthan,44,Male,Post Graduate,Government Officer,Employed,50,57181,7,2025-07-18,False
REC001359,ENU0155,Madhya Pradesh,72,Male,Post Graduate,None,Not in Labour Force,8,0,8,2025-10-30,False
REC001360,ENU0138,Andhra Pradesh,30,Female,Secondary,Street Vendor,Employed,40,5793,4,2025-06-03,False
REC001361,ENU0152,Uttar Pradesh,18,Male,Secondary,Factory Worker,Employed,38,9030,5,2025-07-07,False
REC001362,ENU0240,Uttar Pradesh,55,Male,Secondary,Driver,Employed,35,9120,6,2025-08-08,False
REC001363,ENU0222,Maharashtra,32,Female,Secondary,None,Not in Labour Force,0,0,6,2025-10-27,False
REC001364,ENU0165,Andhra Pradesh,35,Female,Post Graduate,None,Unemployed,0,0,5,2025-05-21,False
REC001365,ENU0181,Kerala,33,Male,Post Graduate,Engineer,Employed,39,78890,6,2025-06-14,False
REC001366,ENU0076,Punjab,51,Male,Graduate,Clerk,Employed,32,11941,4,2025-05-03,False
REC001367,ENU0024,Andhra Pradesh,32,Male,Post Graduate,Engineer,Employed,54,64051,4,2025-08-11,False
REC001368,ENU0098,Karnataka,36,Male,Graduate,None,Unemployed,0,0,2,2025-06-10,False
REC001369,ENU0126,Uttar Pradesh,43,Male,Graduate,IT Professional,Employed,48,51425,3,2025-11-21,False
REC001370,ENU0111,Kerala,38,Female,Higher Secondary,Shop Assistant,Employed,47,14048,4,2025-10-13,False
REC001371,ENU0167,Assam,22,Male,Post Graduate,None,Unemployed,0,0,4,2025-05-20,False
REC001372,ENU0062,Kerala,42,Male,Graduate,Bank Employee,Employed,48,52499,10,2025-06-13,False
REC001373,ENU0173,Tamil Nadu,64,Male,Primary,None,Not in Labour Force,8,0,5,2025-09-12,False
REC001374,ENU0238,Telangana,74,Male,Primary,None,Not in Labour Force,3,0,2,2025-01-17,False
REC001375,ENU0203,Punjab,39,Female,Primary,Factory Worker,Employed,51,11660,5,2025-09-05,False
REC001376,ENU0044,Rajasthan,37,Male,Secondary,None,Unemployed,0,0,2,2025-01-03,False
REC001377,ENU0199,West Bengal,41,Male,Secondary,Driver,Employed,53,10996,4,2025-10-18,False
REC001378,ENU0216,West Bengal,33,Male,Primary,Construction Worker,Employed,43,12101,5,2025-04-02,False
REC001379,ENU0167,Assam,82,Female,Primary,None,Not in Labour Force,0,0,4,2025-06-02,False
REC001380,ENU0163,Odisha,13,Male,Primary,None,Not in Labour Force,0,0,3,2025-12-17,False
REC001381,ENU0114,Gujarat,43,Male,Primary,None,Not in Labour Force,0,0,1,2025-01-10,False
REC001382,ENU0183,Andhra Pradesh,44,Male,Graduate,IT Professional,Employed,44,44679,2,2025-12-04,False
REC001383,ENU0148,Telangana,33,Male,Secondary,Factory Worker,Employed,56,15537,10,2025-09-11,False
REC001384,ENU0187,Kerala,38,Female,Primary,Street Vendor,Employed,24,5174,2,2025-02-09,False
REC001385,ENU0039,Andhra Pradesh,28,Female,Post Graduate,None,Unemployed,0,0,1,2025-12-02,False
REC001386,ENU0153,Kerala,22,Male,Higher Secondary,Carpenter,Employed,32,7931,6,2025-07-19,False
REC001387,ENU0089,Madhya Pradesh,51,Female,Secondary,Street Vendor,Employed,34,6444,1,2025-08-18,False
REC001388,ENU0242,Gujarat,13,Female,Primary,None,Not in Labour Force,0,0,3,2025-12-16,False
REC001389,ENU0025,Telangana,43,Male,Higher Secondary,Clerk,Employed,31,13668,2,2025-07-01,False
REC001390,ENU0001,West Bengal,19,Male,Primary,None,Not in Labour Force,0,0,4,2025-01-21,False
REC001391,ENU0137,Karnataka,46,Female,Higher Secondary,Shop Assistant,Employed,58,10797,4,2025-01-20,False
REC001392,ENU0013,Assam,36,Male,Higher Secondary,Shop Assistant,Employed,24,5530,10,2025-12-14,False
REC001393,ENU0116,Andhra Pradesh,43,Male,Secondary,Factory Worker,Employed,60,17133,1,2025-06-13,False
REC001394,ENU0048,Madhya Pradesh,37,Female,Secondary,None,Unemployed,0,0,2,2025-10-26,False
REC001395,ENU0113,Odisha,6,Female,Primary,None,Not in Labour Force,5,0,6,2025-07-08,False
REC001396,ENU0083,Punjab,30,Female,Graduate,Sales Executive,Employed,41,17029,6,2025-11-18,False
REC001397,ENU0162,Bihar,44,Female,Secondary,Carpenter,Unemployed,0,0,3,2025-09-02,False
REC001398,ENU0049,Bihar,27,Female,Graduate,Clerk,Employed,30,3346,5,2025-02-07,False
REC001399,ENU0107,Bihar,58,Female,Post Graduate,None,Unemployed,0,0,5,2025-01-22,False
REC001400,ENU0123,Rajasthan,38,Male,Secondary,None,Not in Labour Force,0,0,10,2025-04-13,False
REC001401,ENU0078,West Bengal,44,Female,Graduate,Teacher,Employed,50,35768,7,2025-07-28,False
REC001402,ENU0162,Kerala,42,Male,Graduate,IT Professional,Employed,55,72523,2,2025-07-25,False
REC001403,ENU0151,Rajasthan,8,Female,Primary,None,Not in Labour Force,0,0,5,2025-09-28,False
REC001404,ENU0007,Gujarat,34,Female,Illiterate,Construction Worker,Employed,54,11835,3,2025-09-11,False
REC001405,ENU0078,Assam,67,Male,Higher Secondary,None,Not in Labour Force,0,0,3,2025-06-14,False
REC001406,ENU0140,Rajasthan,35,Male,Higher Secondary,None,Unemployed,0,0,3,2025-04-19,False
REC001407,ENU0147,Rajasthan,16,Female,Higher Secondary,None,Unemployed,0,0,1,2025-08-08,False
REC001408,ENU0139,Assam,-9,Male,Graduate,None,Unemployed,0,0,5,2025-03-08,True
REC001409,ENU0211,Madhya Pradesh,74,Female,Primary,None,Not in Labour Force,0,0,3,2025-06-11,False
REC001410,ENU0185,Bihar,26,Female,Higher Secondary,None,Unemployed,0,0,4,2025-03-19,False
REC001411,ENU0244,Madhya Pradesh,35,Female,Secondary,Shop Assistant,Employed,40,11342,5,2025-11-10,False
REC001412,ENU0083,Telangana,5,Male,Illiterate,None,Not in Labour Force,0,0,4,2025-03-15,False
REC001413,ENU0070,Odisha,16,Male,Secondary,Factory Worker,Employed,40,7336,5,2025-08-18,False
REC001414,ENU0008,Assam,37,Female,Primary,Domestic Help,Employed,0,141629,5,2025-01-24,True
REC001415,ENU0115,Assam,38,Female,Secondary,None,Not in Labour Force,0,0,3,2025-06-19,False
REC001416,ENU0230,Andhra Pradesh,34,Male,Primary,Agricultural Labourer,Employed,58,7588,4,2025-12-17,False
REC001417,ENU0191,Madhya Pradesh,42,Male,Secondary,None,Not in Labour Force,0,0,6,2025-07-17,False
REC001418,ENU0102,Telangana,30,Male,Secondary,Carpenter,Employed,27,6230,5,2025-12-22,False
REC001419,ENU0020,West Bengal,39,Female,Primary,Construction Worker,Employed,39,9728,4,2025-06-13,False
REC001420,ENU0002,Bihar,44,Female,Primary,Agricultural Labourer,Employed,49,2691,3,2025-02-06,False
REC001421,ENU0056,Rajasthan,65,Male,Secondary,Factory Worker,Employed,80,18293,5,2025-04-11,False
REC001422,ENU0170,Telangana,5,Male,Illiterate,None,Not in Labour Force,0,0,3,2025-03-13,False
REC001423,ENU0154,Telangana,24,Male,Primary,Factory Worker,Employed,61,14488,4,2025-11-18,False
REC001424,ENU0132,Rajasthan,33,Male,Post Graduate,Government Officer,Employed,45,51014,4,2025-05-30,False
REC001425,ENU0234,Odisha,19,Male,Graduate,Sales Executive,Employed,49,18333,6,2025-12-16,False
REC001426,ENU0069,Tamil Nadu,47,Female,Secondary,Shop Assistant,Employed,39,6070,6,2025-10-11,False
REC001427,ENU0085,Telangana,47,Female,Primary,Construction Worker,Employed,51,8750,7,2025-08-28,False
REC001428,ENU0117,Bihar,35,Male,Graduate,Bank Employee,Unemployed,0,0,2,2025-09-28,False
REC001429,ENU0144,Odisha,24,Female,Higher Secondary,None,Not in Labour Force,0,0,6,2025-11-15,False
REC001430,ENU0101,Punjab,29,Female,Graduate,None,Not in Labour Force,2,0,4,2025-06-28,False
REC001431,ENU0144,Uttar Pradesh,32,Male,Graduate,Clerk,Employed,47,13113,5,2025-12-30,False
REC001432,ENU0171,Kerala,21,Female,Graduate,Clerk,Employed,15,4360,3,2025-10-20,False
REC001433,ENU0169,Tamil Nadu,49,Male,Higher Secondary,Carpenter,Employed,34,11718,4,2025-05-30,False
REC001434,ENU0204,Madhya Pradesh,9,Male,Primary,None,Not in Labour Force,0,0,2,2025-12-22,False
REC001435,ENU0212,Karnataka,54,Female,Primary,Domestic Help,Employed,40,6581,5,2025-11-19,False
REC001436,ENU0193,Telangana,58,Female,Primary,Construction Worker,Employed,45,10684,6,2025-07-27,False
REC001437,ENU0210,Kerala,25,Female,Secondary,Shop Assistant,Employed,43,11711,7,2025-04-30,False
REC001438,ENU0106,Gujarat,18,Female,Graduate,Bank Employee,Employed,43,32474,4,2025-08-16,False
REC001439,ENU0148,Assam,5,Male,Illiterate,None,Not in Labour Force,0,0,6,2025-02-15,False
REC001440,ENU0215,Odisha,27,Male,Secondary,None,Unemployed,0,0,6,2025-05-25,False
REC001441,ENU0047,Telangana,38,Female,Post Graduate,Engineer,Employed,53,72917,2,2025-05-09,False
REC001442,ENU0008,Karnataka,24,Male,Illiterate,Street Vendor,Employed,32,5818,2,2025-01-25,False
REC001443,ENU0054,Bihar,8,Female,Primary,None,Not in Labour Force,6,0,7,2025-05-28,False
REC001444,ENU0036,Odisha,36,Female,Secondary,Shop Assistant,Employed,47,9524,5,2025-08-12,False
REC001445,ENU0133,Gujarat,37,Male,Higher Secondary,None,Not in Labour Force,0,0,2,2025-05-15,False
REC001446,ENU0027,Madhya Pradesh,20,Female,Higher Secondary,Carpenter,Employed,35,11530,6,2025-01-05,False
REC001447,ENU0120,Rajasthan,8,Male,Primary,None,Not in Labour Force,0,0,3,2025-05-02,False
REC001448,ENU0118,Gujarat,53,Male,Post Graduate,Doctor,Employed,44,106934,1,2025-02-05,False
REC001449,ENU0098,Odisha,41,Male,Higher Secondary,Clerk,Employed,15,6153,2,2025-09-12,False
REC001450,ENU0050,Rajasthan,48,Male,Higher Secondary,Technician,Employed,56,22925,2,2025-11-12,False
REC001451,ENU0120,West Bengal,9,Female,Primary,None,Not in Labour Force,0,0,3,2025-08-25,False
REC001452,ENU0035,Kerala,39,Female,Primary,Factory Worker,Employed,49,12924,1,2025-07-28,False
REC001453,ENU0195,Kerala,65,Male,Graduate,None,Not in Labour Force,0,0,9,2025-12-13,False
REC001454,ENU0205,Telangana,34,Male,Secondary,Driver,Employed,37,9429,4,2025-09-13,False
REC001455,ENU0248,West Bengal,40,Female,Primary,Construction Worker,Employed,55,10886,8,2025-12-02,False
REC001456,ENU0072,Tamil Nadu,43,Female,Secondary,None,Unemployed,0,0,4,2025-11-09,False
REC001457,ENU0041,Karnataka,33,Female,Graduate,IT Professional,Employed,45,64384,3,2025-04-15,False
REC001458,ENU0171,Maharashtra,35,Female,Secondary,Driver,Employed,26,8134,7,2025-12-26,False
REC001459,ENU0213,Karnataka,17,Female,Secondary,None,Not in Labour Force,0,0,3,2025-10-05,False
REC001460,ENU0249,Bihar,24,Female,Secondary,None,Not in Labour Force,6,0,2,2025-08-06,False
REC001461,ENU0148,Tamil Nadu,38,Male,Graduate,Sales Executive,Employed,35,11015,8,2025-03-29,False
REC001462,ENU0078,Rajasthan,42,Male,Higher Secondary,Clerk,Employed,42,19847,7,2025-09-26,False
REC001463,ENU0019,Gujarat,26,Female,Secondary,Factory Worker,Employed,60,15901,6,2025-03-08,False
REC001464,ENU0232,Kerala,43,Male,Higher Secondary,Clerk,Employed,48,22064,4,2025-05-31,False
REC001465,ENU0130,Uttar Pradesh,36,Male,Primary,Factory Worker,Employed,43,6677,6,2025-02-07,False
REC001466,ENU0227,Andhra Pradesh,11,Male,Primary,None,Not in Labour Force,0,0,6,2025-11-17,False
REC001467,ENU0175,Uttar Pradesh,60,Female,Higher Secondary,Driver,Employed,36,8475,5,2025-04-13,False
REC001468,ENU0245,Gujarat,33,Male,Graduate,None,Not in Labour Force,0,0,7,2025-02-10,False
REC001469,ENU0107,Odisha,29,Other,Graduate,Bank Employee,Employed,43,43483,5,2025-04-19,False
REC001470,ENU0039,Gujarat,16,Female,Secondary,Shop Assistant,Employed,51,10502,6,2025-06-18,False
REC001471,ENU0170,Telangana,51,Male,Secondary,None,Not in Labour Force,0,0,7,2025-12-01,False
REC001472,ENU0129,Andhra Pradesh,42,Female,Secondary,Carpenter,Employed,50,13421,4,2025-10-08,False
REC001473,ENU0153,Kerala,20,Female,Primary,Agricultural Labourer,Employed,37,6497,4,2025-08-04,False
REC001474,ENU0101,Rajasthan,13,Male,Primary,None,Not in Labour Force,0,0,1,2025-03-25,False
REC001475,ENU0244,Tamil Nadu,33,Female,Secondary,None,Unemployed,0,0,4,2025-03-23,False
REC001476,ENU0096,Gujarat,39,Female,Graduate,Bank Employee,Employed,8,5647,2,2025-10-22,False
REC001477,ENU0103,Karnataka,68,Female,Graduate,None,Not in Labour Force,0,0,2,2025-10-02,False
REC001478,ENU0199,Karnataka,53,Male,Secondary,Shop Assistant,Employed,38,10876,1,2025-11-21,False
REC001479,ENU0114,Tamil Nadu,46,Male,Illiterate,Domestic Help,Employed,50,5139,5,2025-10-01,False
REC001480,ENU0209,Gujarat,26,Male,Secondary,Street Vendor,Employed,36,8001,6,2025-10-23,False
REC001481,ENU0038,Uttar Pradesh,51,Male,Illiterate,Agricultural Labourer,Employed,54,8800,6,2025-08-23,False
REC001482,ENU0234,Kerala,14,Female,Primary,None,Not in Labour Force,0,0,2,2025-10-15,False
REC001483,ENU0212,Gujarat,47,Female,Illiterate,Construction Worker,Employed,52,12314,4,2025-10-08,False
REC001484,ENU0055,Punjab,32,Female,Primary,None,Not in Labour Force,0,0,3,2025-10-30,False
REC001485,ENU0152,Bihar,45,Male,Graduate,Clerk,Unemployed,0,0,6,2025-03-24,False
REC001486,ENU0083,Karnataka,38,Female,Graduate,None,Not in Labour Force,0,0,5,2025-09-20,False
REC001487,ENU0184,Tamil Nadu,70,Male,Post Graduate,None,Not in Labour Force,0,0,9,2025-03-09,False
REC001488,ENU0005,Odisha,43,Male,Graduate,IT Professional,Employed,41,35925,3,2025-10-14,False
REC001489,ENU0137,Rajasthan,47,Male,Primary,Street Vendor,Employed,40,5011,4,2025-12-03,False
REC001490,ENU0178,Bihar,26,Male,Graduate,None,Unemployed,0,0,5,2025-07-13,False
REC001491,ENU0170,Karnataka,38,Female,Illiterate,Construction Worker,Employed,53,9674,2,2025-08-28,False
REC001492,ENU0130,Assam,32,Female,Post Graduate,None,Unemployed,0,0,5,2025-10-18,False
REC001493,ENU0044,Tamil Nadu,50,Male,Secondary,Carpenter,Employed,40,9816,3,2025-07-18,False
REC001494,ENU0241,Telangana,18,Male,Secondary,None,Unemployed,0,0,4,2025-07-03,False
REC001495,ENU0171,Tamil Nadu,36,Male,Primary,Street Vendor,Employed,35,6564,8,2025-08-31,False
REC001496,ENU0019,Assam,44,Male,Higher Secondary,Shop Assistant,Employed,59,19091,5,2025-12-30,False
REC001497,ENU0017,Maharashtra,51,Male,Primary,Agricultural Labourer,Employed,32,6079,2,2025-12-12,False
REC001498,ENU0171,West Bengal,39,Male,Illiterate,Street Vendor,Employed,41,6413,4,2025-11-30,False
REC001499,ENU0042,Bihar,14,Female,Primary,None,Not in Labour Force,2,0,3,2025-08-20,False
REC001500,ENU0159,Karnataka,40,Female,Higher Secondary,Shop Assistant,Employed,59,14470,2,2025-08-15,False
REC001501,ENU0004,Assam,23,Male,Secondary,Carpenter,Employed,63,18449,6,2025-07-04,False
REC001502,ENU0035,Punjab,33,Male,Secondary,Factory Worker,Employed,30,5369,4,2025-11-03,False
REC001503,ENU0063,Assam,48,Female,Primary,None,Not in Labour Force,0,0,5,2025-12-28,False
REC001504,ENU0169,Rajasthan,51,Female,Primary,None,Not in Labour Force,0,0,4,2025-05-31,False
REC001505,ENU0012,Gujarat,47,Female,Primary,None,Not in Labour Force,0,0,3,2025-10-16,False
REC001506,ENU0182,West Bengal,48,Female,Primary,Agricultural Labourer,Employed,36,4840,9,2025-05-09,False
REC001507,ENU0037,Madhya Pradesh,7,Female,Primary,None,Not in Labour Force,0,0,6,2025-01-26,False
REC001508,ENU0086,Madhya Pradesh,29,Male,Higher Secondary,None,Unemployed,0,0,7,2025-11-19,False
REC001509,ENU0105,Andhra Pradesh,29,Male,Primary,None,Not in Labour Force,0,0,4,2025-01-01,False
REC001510,ENU0158,Odisha,14,Female,Primary,None,Not in Labour Force,6,0,6,2025-04-12,False
REC001511,ENU0036,Odisha,30,Female,Higher Secondary,Clerk,Employed,42,19875,4,2025-10-30,False
REC001512,ENU0050,Karnataka,58,Female,Primary,Factory Worker,Employed,51,11222,2,2025-07-18,False
REC001513,ENU0041,Madhya Pradesh,14,Female,Primary,None,Not in Labour Force,8,0,5,2025-03-17,False
REC001514,ENU0229,Maharashtra,18,Female,Secondary,None,Not in Labour Force,0,0,4,2025-07-18,False
REC001515,ENU0110,Tamil Nadu,26,Male,Primary,Factory Worker,Employed,36,11251,7,2025-05-23,False
REC001516,ENU0205,Bihar,14,Female,Primary,None,Unemployed,0,0,2,2025-12-28,False
REC001517,ENU0108,Punjab,48,Male,Higher Secondary,None,Not in Labour Force,0,0,3,2025-05-01,False
REC001518,ENU0161,Uttar Pradesh,35,Female,Secondary,Driver,Employed,31,7727,6,2025-07-26,False
REC001519,ENU0094,Bihar,36,Male,Secondary,Street Vendor,Unemployed,0,0,3,2025-10-18,False
REC001520,ENU0122,Telangana,15,Female,Post Graduate,None,Not in Labour Force,0,0,6,2025-09-15,False
REC001521,ENU0038,West Bengal,42,Male,Primary,Factory Worker,Employed,40,10534,5,2025-05-11,False
REC001522,ENU0002,Gujarat,34,Female,Primary,None,Unemployed,0,0,4,2025-06-19,False
REC001523,ENU0090,Uttar Pradesh,28,Male,Graduate,None,Unemployed,0,0,5,2025-05-30,False
REC001524,ENU0082,Madhya Pradesh,43,Female,Graduate,Teacher,Employed,51,15128,4,2025-11-26,False
REC001525,ENU0155,Kerala,72,Female,Higher Secondary,None,Not in Labour Force,0,0,2,2025-03-25,False
REC001526,ENU0015,West Bengal,29,Female,Higher Secondary,Clerk,Employed,70,25194,3,2025-02-27,False
REC001527,ENU0190,Odisha,59,Female,Illiterate,None,Not in Labour Force,0,0,6,2025-06-20,False
REC001528,ENU0057,Kerala,38,Female,Illiterate,None,Unemployed,0,0,3,2025-04-05,False
REC001529,ENU0010,Kerala,24,Female,Graduate,Bank Employee,Employed,45,50579,5,2025-07-24,False
REC001530,ENU0174,Assam,16,Female,Higher Secondary,Carpenter,Employed,30,6634,5,2025-04-26,False
REC001531,ENU0126,Assam,44,Female,Secondary,None,Not in Labour Force,0,0,5,2025-08-24,False
REC001532,ENU0172,Rajasthan,45,Male,Graduate,Sales Executive,Employed,63,37065,2,2025-11-05,False
REC001533,ENU0103,Madhya Pradesh,37,Female,Primary,Street Vendor,Employed,39,5381,8,2025-09-08,False
REC001534,ENU0121,Madhya Pradesh,21,Male,Graduate,None,Unemployed,0,0,5,2025-01-11,False
REC001535,ENU0159,Punjab,11,Female,Primary,None,Not in Labour Force,0,0,3,2025-03-09,False
REC001536,ENU0085,Tamil Nadu,31,Female,Secondary,Carpenter,Employed,45,16077,4,2025-12-03,False
REC001537,ENU0039,Karnataka,15,Female,Primary,None,Not in Labour Force,0,0,3,2025-10-14,False
REC001538,ENU0048,Odisha,66,Male,Primary,None,Not in Labour Force,0,0,4,2025-12-15,False
REC001539,ENU0190,Andhra Pradesh,44,Male,Graduate,Clerk,Employed,39,18774,3,2025-07-10,False
REC001540,ENU0031,Uttar Pradesh,75,Female,Higher Secondary,None,Not in Labour Force,1,0,2,2025-07-09,False
REC001541,ENU0244,West Bengal,35,Female,Higher Secondary,None,Not in Labour Force,0,0,5,2025-08-04,False
REC001542,ENU0036,Odisha,28,Male,Higher Secondary,Shop Assistant,Employed,51,10762,2,2025-10-25,False
REC001543,ENU0242,Bihar,33,Female,Secondary,Street Vendor,Unemployed,0,0,4,2025-07-21,False
REC001544,ENU0063,Rajasthan,42,Male,Higher Secondary,Carpenter,Employed,26,7194,3,2025-08-26,False
REC001545,ENU0084,Maharashtra,14,Male,Primary,None,Not in Labour Force,0,0,2,2025-04-27,False
REC001546,ENU0078,Tamil Nadu,34,Female,Higher Secondary,None,Not in Labour Force,1,0,3,2025-02-14,False
REC001547,ENU0150,Rajasthan,75,Female,Secondary,None,Not in Labour Force,0,0,4,2025-06-07,False
REC001548,ENU0066,Punjab,27,Male,Graduate,None,Not in Labour Force,0,0,4,2025-04-18,False
REC001549,ENU0072,Bihar,50,Female,Higher Secondary,Technician,Unemployed,0,0,5,2025-11-03,False
REC001550,ENU0215,Odisha,17,Female,Secondary,None,Not in Labour Force,0,0,6,2025-01-02,False
REC001551,ENU0189,Gujarat,17,Male,Primary,None,Not in Labour Force,0,0,6,2025-09-21,False
REC001552,ENU0010,Madhya Pradesh,19,Female,Illiterate,Construction Worker,Employed,39,9331,4,2025-07-04,False
REC001553,ENU0021,Kerala,36,Female,Primary,Street Vendor,Employed,36,6446,3,2025-07-22,False
REC001554,ENU0018,Telangana,55,Female,Secondary,Shop Assistant,Employed,42,9513,6,2025-07-25,False
REC001555,ENU0065,Telangana,32,Female,Illiterate,Agricultural Labourer,Employed,35,6201,3,2025-07-19,False
REC001556,ENU0046,Assam,38,Female,Graduate,Teacher,Employed,37,17094,5,2025-02-24,False
REC001557,ENU0173,Gujarat,18,Male,Primary,Domestic Help,Employed,50,7125,8,2025-05-29,False
REC001558,ENU0197,Bihar,76,Female,Graduate,None,Unemployed,0,0,9,2025-10-22,False
REC001559,ENU0121,Madhya Pradesh,28,Male,Primary,Domestic Help,Employed,36,4708,5,2025-07-07,False
REC001560,ENU0067,Telangana,42,Male,Higher Secondary,None,Not in Labour Force,0,0,62,2025-06-26,True
REC001561,ENU0217,Kerala,38,Male,Secondary,Factory Worker,Employed,26,6012,7,2025-10-03,False
REC001562,ENU0184,Telangana,56,Female,Graduate,None,Not in Labour Force,3,0,8,2025-03-24,False
REC001563,ENU0018,Telangana,42,Male,Secondary,Street Vendor,Employed,55,11368,10,2025-09-21,False
REC001564,ENU0178,Bihar,43,Male,Primary,Domestic Help,Unemployed,0,0,2,2025-03-04,False
REC001565,ENU0055,Andhra Pradesh,34,Female,Primary,Factory Worker,Employed,53,10076,6,2025-08-30,False
REC001566,ENU0240,Telangana,26,Female,Higher Secondary,None,Unemployed,0,0,4,2025-03-31,False
REC001567,ENU0230,Tamil Nadu,50,Female,Higher Secondary,Carpenter,Employed,66,20181,6,2025-12-14,False
REC001568,ENU0216,Gujarat,29,Male,Post Graduate,IT Professional,Employed,23,33942,1,2025-03-24,False
REC001569,ENU0148,Rajasthan,28,Male,Primary,None,Unemployed,0,0,6,2025-01-01,False
REC001570,ENU0199,West Bengal,39,Female,Primary,Agricultural Labourer,Employed,40,5859,2,2025-11-14,False
REC001571,ENU0226,Punjab,11,Female,Primary,None,Not in Labour Force,0,0,5,2025-07-26,False
REC001572,ENU0166,Madhya Pradesh,8,Male,Primary,None,Not in Labour Force,0,0,6,2025-08-23,False
REC001573,ENU0174,Assam,41,Male,Illiterate,Street Vendor,Employed,51,9325,4,2025-12-28,False
REC001574,ENU0013,Tamil Nadu,31,Female,Graduate,None,Unemployed,0,0,4,2025-11-16,False
REC001575,ENU0054,Assam,12,Female,Primary,None,Not in Labour Force,0,0,7,2025-06-17,False
REC001576,ENU0228,Bihar,44,Male,Secondary,Factory Worker,Employed,27,3564,2,2025-10-25,False
REC001577,ENU0153,Punjab,40,Female,Secondary,Carpenter,Employed,42,13021,3,2025-08-31,False
REC001578,ENU0139,Madhya Pradesh,16,Male,Secondary,None,Not in Labour Force,0,0,3,2025-06-10,False
REC001579,ENU0249,West Bengal,35,Female,Higher Secondary,None,Unemployed,0,0,1,2025-12-14,False
REC001580,ENU0024,West Bengal,42,Female,Graduate,Clerk,Employed,48,23678,2,2025-11-01,False
REC001581,ENU0159,Bihar,54,Male,Higher Secondary,Shop Assistant,Unemployed,0,0,6,2025-11-23,False
REC001582,ENU0123,Punjab,37,Female,Graduate,IT Professional,Employed,42,52201,3,2025-07-29,False
REC001583,ENU0169,Bihar,61,Female,Higher Secondary,Clerk,Unemployed,0,0,4,2025-03-07,False
REC001584,ENU0195,Punjab,45,Male,Higher Secondary,Shop Assistant,Employed,44,7645,4,2025-03-05,False
REC001585,ENU0020,Telangana,46,Male,Higher Secondary,Technician,Employed,27,6970,1,2025-12-30,False
REC001586,ENU0049,Odisha,64,Female,Higher Secondary,None,Not in Labour Force,0,0,3,2025-07-23,False
REC001587,ENU0011,Maharashtra,49,Male,Primary,Construction Worker,Employed,53,7442,7,2025-03-20,False
REC001588,ENU0119,Punjab,45,Female,Primary,Factory Worker,Employed,40,7289,3,2025-05-04,False
REC001589,ENU0056,Madhya Pradesh,29,Male,Higher Secondary,Shop Assistant,Employed,37,7116,2,2025-09-02,False
REC001590,ENU0074,Bihar,33,Male,Post Graduate,Doctor,Employed,35,37718,4,2025-06-13,False
REC001591,ENU0154,Punjab,82,Male,Post Graduate,None,Not in Labour Force,0,0,6,2025-02-05,False
REC001592,ENU0022,Tamil Nadu,66,Female,Secondary,None,Not in Labour Force,8,0,2,2025-01-03,False
REC001593,ENU0135,Assam,63,Female,Post Graduate,Bank Employee,Employed,55,44004,5,2025-11-14,False
REC001594,ENU0217,Tamil Nadu,51,Female,Higher Secondary,Clerk,Employed,32,7216,3,2025-01-11,False
REC001595,ENU0081,Telangana,16,Male,Graduate,Bank Employee,Employed,25,24041,2,2025-09-10,False
REC001596,ENU0019,West Bengal,58,Female,Graduate,None,Not in Labour Force,0,0,3,2025-11-09,False
REC001597,ENU0015,Telangana,16,Male,Secondary,None,Not in Labour Force,4,0,7,2025-05-12,False
REC001598,ENU0152,Madhya Pradesh,34,Female,Post Graduate,IT Professional,Employed,42,41256,4,2025-12-21,False
REC001599,ENU0184,Odisha,30,Female,Graduate,None,Not in Labour Force,0,0,3,2025-11-07,False
REC001600,ENU0233,Odisha,25,Male,Higher Secondary,None,Unemployed,0,0,1,2025-07-11,False
REC001601,ENU0209,Odisha,45,Female,Secondary,Carpenter,Employed,72,24462,5,2025-02-23,False
REC001602,ENU0214,Assam,17,Female,Primary,None,Not in Labour Force,0,0,2,2025-06-20,False
REC001603,ENU0242,Kerala,33,Female,Higher Secondary,Shop Assistant,Employed,55,11979,1,2025-08-18,False
REC001604,ENU0024,Telangana,25,Female,Illiterate,Agricultural Labourer,Employed,35,7279,2,2025-09-10,False
REC001605,ENU0199,Andhra Pradesh,76,Female,Graduate,None,Not in Labour Force,0,0,10,2025-11-07,False
REC001606,ENU0191,Uttar Pradesh,48,Male,Primary,Factory Worker,Employed,36,7919,4,2025-06-21,False
REC001607,ENU0153,Assam,51,Male,Post Graduate,Teacher,Employed,48,18257,6,2025-03-04,False
REC001608,ENU0160,Maharashtra,39,Male,Secondary,Street Vendor,Employed,50,5398,3,2025-09-04,False
REC001609,ENU0102,Punjab,38,Female,Illiterate,Agricultural Labourer,Employed,58,8358,4,2025-10-13,False
REC001610,ENU0027,Assam,77,Female,Higher Secondary,None,Not in Labour Force,0,0,4,2025-07-19,False
REC001611,ENU0122,Madhya Pradesh,39,Female,Primary,Street Vendor,Employed,47,9338,1,2025-03-23,False
REC001612,ENU0017,Odisha,39,Male,Illiterate,None,Unemployed,0,0,4,2025-02-15,False
REC001613,ENU0139,Gujarat,9,Female,Primary,None,Not in Labour Force,4,0,3,2025-08-05,False
REC001614,ENU0160,Madhya Pradesh,38,Female,Higher Secondary,None,Unemployed,0,0,3,2025-03-08,False
REC001615,ENU0221,Tamil Nadu,22,Female,Graduate,None,Unemployed,0,0,4,2025-01-19,False
REC001616,ENU0060,Assam,48,Female,Secondary,None,Unemployed,0,0,4,2025-06-11,False
REC001617,ENU0146,Assam,24,Female,Higher Secondary,Shop Assistant,Employed,62,17999,3,2025-01-05,False
REC001618,ENU0035,Bihar,11,Female,Primary,None,Unemployed,0,0,8,2025-04-07,False
REC001619,ENU0031,Odisha,34,Female,Higher Secondary,Driver,Employed,55,20412,2,2025-02-06,False
REC001620,ENU0130,Rajasthan,39,Female,Graduate,Bank Employee,Employed,70,57106,3,2025-04-07,False
REC001621,ENU0066,Karnataka,62,Female,Primary,None,Not in Labour Force,4,0,2,2025-01-16,False
REC001622,ENU0054,Telangana,67,Male,Graduate,None,Not in Labour Force,0,0,4,2025-11-16,False
REC001623,ENU0103,West Bengal,12,Male,Primary,None,Not in Labour Force,0,0,3,2025-10-22,False
REC001624,ENU0199,Bihar,6,Female,Primary,None,Unemployed,0,0,4,2025-06-06,False
REC001625,ENU0032,Karnataka,76,Male,Primary,None,Not in Labour Force,0,0,6,2025-12-24,False
REC001626,ENU0175,Uttar Pradesh,44,Male,Higher Secondary,Clerk,Employed,20,9083,7,2025-02-08,False
REC001627,ENU0214,Karnataka,19,Male,Secondary,Carpenter,Employed,53,15867,2,2025-01-02,False
REC001628,ENU0245,Gujarat,50,Male,Graduate,Bank Employee,Employed,24,24119,3,2025-03-03,False
REC001629,ENU0029,Kerala,150,Female,Secondary,Carpenter,Employed,36,8959,10,2025-10-18,True
REC001630,ENU0016,Rajasthan,24,Male,Post Graduate,IT Professional,Employed,49,67915,3,2025-03-01,False
REC001631,ENU0133,Karnataka,26,Female,Primary,None,Unemployed,0,0,9,2025-06-14,False
REC001632,ENU0241,Telangana,51,Female,Secondary,Carpenter,Employed,60,16750,4,2025-02-15,False
REC001633,ENU0130,Madhya Pradesh,40,Male,Graduate,None,Unemployed,0,0,3,2025-08-09,False
REC001634,ENU0048,Maharashtra,45,Male,Higher Secondary,None,Not in Labour Force,0,0,4,2025-05-28,False
REC001635,ENU0177,Telangana,42,Male,Illiterate,Domestic Help,Employed,39,4591,4,2025-02-17,False
REC001636,ENU0055,Punjab,63,Male,Higher Secondary,None,Not in Labour Force,0,0,5,2025-09-27,False
REC001637,ENU0169,Madhya Pradesh,64,Female,Secondary,None,Not in Labour Force,0,0,2,2025-05-31,False
REC001638,ENU0012,Madhya Pradesh,47,Male,Secondary,Street Vendor,Employed,45,7532,5,2025-04-15,False
REC001639,ENU0129,Telangana,41,Female,Graduate,IT Professional,Employed,52,58432,2,2025-06-02,False
REC001640,ENU0080,Karnataka,70,Female,Graduate,None,Not in Labour Force,0,0,3,2025-10-02,False
REC001641,ENU0183,Karnataka,65,Female,Graduate,None,Not in Labour Force,3,0,3,2025-02-01,False
REC001642,ENU0127,Uttar Pradesh,44,Male,Graduate,IT Professional,Employed,15,22156,5,2025-02-28,False
REC001643,ENU0200,Maharashtra,40,Male,Post Graduate,IT Professional,Employed,25,27497,3,2025-07-22,False
REC001644,ENU0232,Gujarat,65,Female,Higher Secondary,Clerk,Employed,48,16639,5,2025-02-15,False
REC001645,ENU0160,Bihar,32,Male,Secondary,Shop Assistant,Unemployed,0,0,2,2025-09-15,False
REC001646,ENU0229,Maharashtra,32,Male,Higher Secondary,Carpenter,Employed,34,11154,4,2025-11-08,False
REC001647,ENU0191,Tamil Nadu,46,Male,Graduate,IT Professional,Employed,62,86493,4,2025-02-06,False
REC001648,ENU0115,Andhra Pradesh,21,Male,Higher Secondary,None,Not in Labour Force,0,0,11,2025-06-08,False
REC001649,ENU0185,Andhra Pradesh,37,Male,Graduate,None,Not in Labour Force,0,0,1,2025-09-26,False
REC001650,ENU0189,Punjab,34,Male,Primary,Agricultural Labourer,Employed,62,10013,5,2025-01-03,False
REC001651,ENU0218,Uttar Pradesh,10,Male,Primary,None,Not in Labour Force,0,0,8,2025-04-21,False
REC001652,ENU0150,Punjab,36,Male,Graduate,Bank Employee,Employed,51,47572,8,2025-07-02,False
REC001653,ENU0148,Madhya Pradesh,43,Female,Illiterate,Construction Worker,Employed,64,16271,4,2025-12-04,False
REC001654,ENU0074,Telangana,12,Female,Primary,None,Not in Labour Force,6,0,5,2025-08-03,False
REC001655,ENU0098,Madhya Pradesh,41,Female,Secondary,None,Not in Labour Force,0,0,2,2025-02-13,False
REC001656,ENU0180,Punjab,41,Male,Higher Secondary,Carpenter,Employed,51,11853,4,2025-03-12,False
REC001657,ENU0235,Telangana,63,Male,Secondary,None,Not in Labour Force,1,0,10,2025-07-11,False
REC001658,ENU0240,Gujarat,50,Female,Illiterate,Agricultural Labourer,Employed,35,3497,3,2025-05-30,False
REC001659,ENU0147,Telangana,40,Female,Primary,Agricultural Labourer,Employed,30,3848,5,2025-01-08,False
REC001660,ENU0163,Madhya Pradesh,11,Male,Primary,None,Not in Labour Force,5,0,5,2025-11-06,False
REC001661,ENU0034,Assam,42,Male,Graduate,None,Not in Labour Force,7,0,3,2025-04-02,False
REC001662,ENU0150,West Bengal,59,Female,Graduate,None,Not in Labour Force,0,0,4,2025-03-30,False
REC001663,ENU0197,Kerala,31,Female,Higher Secondary,None,Not in Labour Force,0,0,6,2025-01-28,False
REC001664,ENU0145,Telangana,30,Male,Illiterate,None,Unemployed,0,0,1,2025-11-09,False
REC001665,ENU0118,Maharashtra,16,Female,Graduate,None,Not in Labour Force,0,0,1,2025-02-04,False
REC001666,ENU0232,West Bengal,61,Male,Illiterate,None,Not in Labour Force,0,0,1,2025-01-31,False
REC001667,ENU0035,Rajasthan,35,Female,Primary,Domestic Help,Employed,42,5812,3,2025-09-26,False
REC001668,ENU0244,Maharashtra,26,Female,Higher Secondary,Shop Assistant,Employed,53,11700,3,2025-04-29,False
REC001669,ENU0036,Tamil Nadu,33,Female,Secondary,Street Vendor,Employed,40,3562,4,2025-01-28,False
REC001670,ENU0195,Bihar,29,Male,Higher Secondary,None,Unemployed,0,0,8,2025-09-10,False
REC001671,ENU0016,Uttar Pradesh,34,Male,Higher Secondary,Shop Assistant,Employed,44,8582,6,2025-11-25,False
REC001672,ENU0213,Punjab,78,Female,Illiterate,None,Not in Labour Force,6,0,4,2025-07-23,False
REC001673,ENU0061,Bihar,37,Female,Graduate,Teacher,Employed,36,4631,3,2025-07-26,False
REC001674,ENU0011,Punjab,43,Male,Primary,None,Not in Labour Force,0,0,2,2025-07-07,False
REC001675,ENU0227,Madhya Pradesh,31,Male,Primary,Construction Worker,Employed,43,10247,5,2025-09-27,False
REC001676,ENU0141,Uttar Pradesh,43,Male,Secondary,Shop Assistant,Employed,52,12085,7,2025-09-28,False
REC001677,ENU0019,Telangana,39,Female,Primary,Street Vendor,Employed,42,6057,4,2025-01-09,False
REC001678,ENU0093,West Bengal,53,Female,Post Graduate,Bank Employee,Employed,29,31408,5,2025-08-17,False
REC001679,ENU0127,Andhra Pradesh,27,Female,Graduate,None,Not in Labour Force,0,0,1,2025-04-02,False
REC001680,ENU0091,Punjab,28,Female,Secondary,None,Unemployed,0,0,5,2025-03-08,False
REC001681,ENU0122,Kerala,26,Male,Higher Secondary,Clerk,Employed,36,10642,6,2025-04-26,False
REC001682,ENU0105,Andhra Pradesh,32,Male,Primary,None,Not in Labour Force,0,0,3,2025-05-15,False
REC001683,ENU0163,Tamil Nadu,12,Female,Primary,None,Not in Labour Force,0,0,6,2025-04-05,False
REC001684,ENU0185,Punjab,37,Male,Post Graduate,None,Not in Labour Force,8,0,4,2025-10-18,False
REC001685,ENU0097,Punjab,45,Male,Post Graduate,Doctor,Employed,26,60031,4,2025-08-31,False
REC001686,ENU0207,Andhra Pradesh,39,Female,Higher Secondary,Shop Assistant,Employed,62,14039,2,2025-09-11,False
REC001687,ENU0222,Assam,37,Male,Secondary,None,Not in Labour Force,3,0,8,2025-06-18,False
REC001688,ENU0117,Madhya Pradesh,41,Male,Graduate,None,Not in Labour Force,0,0,5,2025-03-23,False
REC001689,ENU0112,Tamil Nadu,43,Female,Graduate,None,Not in Labour Force,0,0,2,2025-02-04,False
REC001690,ENU0108,Karnataka,-7,Male,Illiterate,Construction Worker,Employed,62,11090,4,2025-12-21,True
REC001691,ENU0233,Madhya Pradesh,29,Female,Higher Secondary,None,Unemployed,0,0,6,2025-12-08,False
REC001692,ENU0181,Punjab,29,Male,Primary,Agricultural Labourer,Employed,33,4031,3,2025-08-05,False
REC001693,ENU0005,Gujarat,27,Male,Higher Secondary,Driver,Employed,37,9126,5,2025-10-19,False
REC001694,ENU0042,Maharashtra,44,Female,Graduate,None,Not in Labour Force,8,0,6,2025-10-24,False
REC001695,ENU0209,Bihar,15,Male,Secondary,None,Unemployed,0,0,5,2025-09-10,False
REC001696,ENU0022,Karnataka,19,Male,Secondary,Factory Worker,Employed,61,15080,7,2025-10-13,False
REC001697,ENU0184,Karnataka,45,Female,Secondary,Carpenter,Employed,21,4511,2,2025-09-16,False
REC001698,ENU0218,Kerala,34,Male,Higher Secondary,Driver,Employed,39,12230,6,2025-11-19,False
REC001699,ENU0125,Karnataka,45,Female,Graduate,IT Professional,Employed,33,35712,1,2025-04-03,False
REC001700,ENU0092,Rajasthan,18,Female,Graduate,None,Unemployed,0,0,5,2025-09-01,False
REC001701,ENU0146,Rajasthan,26,Female,Secondary,None,Not in Labour Force,0,0,4,2025-10-20,False
REC001702,ENU0232,Assam,55,Female,Higher Secondary,None,Not in Labour Force,8,0,2,2025-09-26,False
REC001703,ENU0137,Tamil Nadu,45,Male,Primary,None,Not in Labour Force,0,0,3,2025-11-05,False
REC001704,ENU0036,Odisha,74,Male,Illiterate,None,Not in Labour Force,0,0,3,2025-03-28,False
REC001705,ENU0038,Bihar,16,Female,Primary,None,Unemployed,0,0,7,2025-03-30,False
REC001706,ENU0069,Andhra Pradesh,29,Female,Primary,None,Not in Labour Force,0,0,1,2025-04-11,False
REC001707,ENU0176,Karnataka,32,Female,Higher Secondary,Clerk,Employed,48,16835,2,2025-01-14,False
REC001708,ENU0176,Telangana,31,Male,Higher Secondary,Shop Assistant,Employed,48,13087,3,2025-04-30,False
REC001709,ENU0122,Bihar,17,Male,Graduate,None,Unemployed,0,0,6,2025-05-25,False
REC001710,ENU0155,Madhya Pradesh,43,Male,Graduate,Clerk,Employed,51,21123,3,2025-11-05,False
REC001711,ENU0178,Karnataka,12,Female,Primary,None,Not in Labour Force,0,0,3,2025-02-01,False
REC001712,ENU0101,Punjab,27,Male,Secondary,None,Not in Labour Force,0,0,1,2025-08-02,False
REC001713,ENU0123,Karnataka,14,Female,Primary,None,Not in Labour Force,0,0,5,2025-10-06,False
REC001714,ENU0011,Bihar,19,Female,Primary,None,Not in Labour Force,1,0,6,2025-06-25,False
REC001715,ENU0174,Madhya Pradesh,44,Male,Secondary,Factory Worker,Employed,0,97192,2,2025-06-24,True
REC001716,ENU0173,Kerala,48,Female,Illiterate,Street Vendor,Employed,44,9776,6,2025-11-01,False
REC001717,ENU0150,Gujarat,74,Male,Higher Secondary,None,Not in Labour Force,0,0,1,2025-02-11,False
REC001718,ENU0169,Tamil Nadu,28,Male,Secondary,Driver,Employed,56,14003,4,2025-01-30,False
REC001719,ENU0093,Gujarat,28,Male,Higher Secondary,Driver,Employed,54,13446,4,2025-08-03,False
REC001720,ENU0053,Maharashtra,62,Female,Graduate,None,Not in Labour Force,0,0,2,2025-03-11,False
REC001721,ENU0228,Maharashtra,54,Female,Higher Secondary,Clerk,Employed,66,25526,6,2025-02-24,False
REC001722,ENU0049,Maharashtra,13,Female,Primary,None,Not in Labour Force,0,0,3,2025-04-06,False
REC001723,ENU0110,Rajasthan,73,Male,Graduate,None,Not in Labour Force,0,0,1,2025-02-12,False
REC001724,ENU0208,Maharashtra,13,Female,Primary,None,Not in Labour Force,0,0,7,2025-03-04,False
REC001725,ENU0040,West Bengal,45,Female,Secondary,Shop Assistant,Employed,32,7220,7,2025-10-19,False
REC001726,ENU0023,Andhra Pradesh,43,Male,Secondary,Factory Worker,Employed,44,6534,5,2025-11-16,False
REC001727,ENU0025,West Bengal,19,Male,Primary,Factory Worker,Employed,34,9868,1,2025-06-20,False
REC001728,ENU0231,West Bengal,28,Male,Secondary,None,Unemployed,0,0,4,2025-01-21,False
REC001729,ENU0075,Telangana,23,Male,Higher Secondary,Shop Assistant,Employed,63,15673,2,2025-08-11,False
REC001730,ENU0042,Andhra Pradesh,80,Female,Secondary,None,Not in Labour Force,0,0,11,2025-03-10,False
REC001731,ENU0132,Rajasthan,74,Female,Higher Secondary,None,Not in Labour Force,0,0,2,2025-02-10,False
REC001732,ENU0127,Bihar,45,Female,Graduate,None,Unemployed,0,0,5,2025-10-31,False
REC001733,ENU0145,Kerala,27,Female,Higher Secondary,None,Unemployed,0,0,4,2025-10-12,False
REC001734,ENU0216,Rajasthan,32,Male,Secondary,Street Vendor,Employed,61,12557,5,2025-08-07,False
REC001735,ENU0141,Madhya Pradesh,25,Male,Primary,Street Vendor,Employed,31,5529,5,2025-08-29,False
REC001736,ENU0028,Uttar Pradesh,16,Female,Illiterate,Domestic Help,Employed,32,4370,1,2025-09-07,False
REC001737,ENU0003,Punjab,40,Female,Secondary,None,Unemployed,0,0,4,2025-04-07,False
REC001738,ENU0019,West Bengal,75,Male,Post Graduate,None,Not in Labour Force,0,0,3,2025-04-04,False
REC001739,ENU0226,Telangana,42,Female,Primary,Construction Worker,Employed,49,12271,4,2025-05-10,False
REC001740,ENU0033,Karnataka,9,Female,Primary,None,Not in Labour Force,0,0,3,2025-04-23,False
REC001741,ENU0131,Rajasthan,32,Female,Graduate,Sales Executive,Employed,54,26101,2,2025-05-10,False
REC001742,ENU0013,Gujarat,35,Male,Secondary,Shop Assistant,Employed,25,8085,5,2025-09-17,False
REC001743,ENU0241,Madhya Pradesh,14,Male,Primary,None,Not in Labour Force,0,0,1,2025-12-06,False
REC001744,ENU0165,Bihar,10,Female,Primary,None,Not in Labour Force,9,0,1,2025-09-02,False
REC001745,ENU0035,Karnataka,35,Female,Higher Secondary,None,Unemployed,0,0,3,2025-05-08,False
REC001746,ENU0163,Bihar,25,Female,Primary,Factory Worker,Employed,37,3785,5,2025-10-12,False
REC001747,ENU0062,Andhra Pradesh,12,Male,Primary,None,Not in Labour Force,0,0,2,2025-04-23,False
REC001748,ENU0068,Tamil Nadu,41,Male,Secondary,Shop Assistant,Employed,25,5121,7,2025-02-09,False
REC001749,ENU0092,Punjab,14,Male,Primary,None,Not in Labour Force,0,0,5,2025-02-20,False
REC001750,ENU0206,Karnataka,44,Female,Primary,Construction Worker,Employed,49,5219,3,2025-08-30,False
REC001751,ENU0134,Telangana,37,Male,Secondary,None,Not in Labour Force,0,0,4,2025-04-17,False
REC001752,ENU0031,Assam,13,Male,Primary,None,Not in Labour Force,0,0,3,2025-06-05,False
REC001753,ENU0174,Maharashtra,16,Female,Graduate,None,Unemployed,0,0,11,2025-03-05,False
REC001754,ENU0084,Bihar,34,Female,Graduate,Clerk,Unemployed,0,0,3,2025-05-12,False
REC001755,ENU0148,Karnataka,29,Female,Primary,Street Vendor,Employed,25,5176,1,2025-11-04,False
REC001756,ENU0006,Karnataka,77,Male,Graduate,None,Not in Labour Force,0,0,4,2025-12-19,False
REC001757,ENU0072,Bihar,35,Male,Higher Secondary,Technician,Unemployed,0,0,5,2025-02-01,False
REC001758,ENU0005,Gujarat,50,Male,Primary,Construction Worker,Employed,41,9651,7,2025-08-27,False
REC001759,ENU0169,Andhra Pradesh,58,Female,Secondary,None,Not in Labour Force,2,0,3,2025-12-05,False
REC001760,ENU0166,Madhya Pradesh,31,Female,Secondary,None,Unemployed,0,0,6,2025-08-28,False
REC001761,ENU0138,Odisha,28,Female,Post Graduate,Engineer,Employed,40,54249,4,2025-07-17,False
REC001762,ENU0067,Rajasthan,28,Male,Primary,Agricultural Labourer,Employed,34,5285,4,2025-05-26,False
REC001763,ENU0246,Gujarat,40,Male,Graduate,Clerk,Employed,46,12471,3,2025-07-06,False
REC001764,ENU0065,Kerala,52,Female,Higher Secondary,Driver,Employed,29,6829,2,2025-05-20,False
REC001765,ENU0083,Kerala,32,Female,Higher Secondary,Driver,Employed,38,9406,3,2025-04-15,False
REC001766,ENU0156,Madhya Pradesh,48,Female,Higher Secondary,Driver,Employed,43,16468,3,2025-12-28,False
REC001767,ENU0112,Telangana,67,Female,Secondary,None,Not in Labour Force,5,0,6,2025-10-24,False
REC001768,ENU0177,Andhra Pradesh,28,Female,Primary,None,Not in Labour Force,0,0,4,2025-03-02,False
REC001769,ENU0003,Madhya Pradesh,34,Female,Primary,None,Unemployed,0,0,2,2025-09-26,False
REC001770,ENU0031,Karnataka,46,Female,Illiterate,Construction Worker,Employed,31,5532,7,2025-08-25,False
REC001771,ENU0198,Gujarat,32,Male,Primary,None,Not in Labour Force,0,0,4,2025-12-17,False
REC001772,ENU0080,Madhya Pradesh,33,Male,Illiterate,Construction Worker,Employed,47,9442,9,2025-10-31,False
REC001773,ENU0084,Uttar Pradesh,46,Female,Higher Secondary,Clerk,Employed,66,25186,2,2025-02-17,False
REC001774,ENU0165,Andhra Pradesh,56,Male,Graduate,None,Not in Labour Force,0,0,5,2025-02-08,False
REC001775,ENU0170,Maharashtra,42,Male,Secondary,None,Not in Labour Force,0,0,5,2025-10-25,False
REC001776,ENU0122,Karnataka,42,Male,Secondary,Shop Assistant,Employed,37,4723,8,2025-11-23,False
REC001777,ENU0143,Telangana,28,Male,Primary,Street Vendor,Employed,30,7425,5,2025-05-11,False
REC001778,ENU0058,Gujarat,51,Female,Primary,None,Not in Labour Force,0,0,1,2025-10-22,False
REC001779,ENU0010,Uttar Pradesh,30,Female,Higher Secondary,Driver,Employed,37,11398,6,2025-01-29,False
REC001780,ENU0002,Uttar Pradesh,67,Female,Primary,None,Not in Labour Force,0,0,2,2025-04-03,False
REC001781,ENU0143,Assam,37,Male,Higher Secondary,Technician,Employed,34,16263,9,2025-05-24,False
REC001782,ENU0111,Tamil Nadu,55,Female,Higher Secondary,None,Not in Labour Force,0,0,4,2025-07-13,False
REC001783,ENU0204,Odisha,44,Male,Secondary,Street Vendor,Employed,32,5046,2,2025-12-19,False
REC001784,ENU0050,Maharashtra,25,Male,Secondary,None,Not in Labour Force,0,0,1,2025-04-04,False
REC001785,ENU0058,Madhya Pradesh,46,Female,Illiterate,Construction Worker,Employed,47,9472,4,2025-12-13,False
REC001786,ENU0066,Telangana,51,Female,Primary,Domestic Help,Employed,49,6332,1,2025-12-30,False
REC001787,ENU0216,Madhya Pradesh,17,Male,Higher Secondary,None,Not in Labour Force,0,0,5,2025-08-27,False
REC001788,ENU0122,Maharashtra,39,Male,Graduate,None,Unemployed,0,0,5,2025-10-13,False
REC001789,ENU0019,Andhra Pradesh,18,Female,Higher Secondary,None,Not in Labour Force,0,0,8,2025-10-30,False
REC001790,ENU0164,Punjab,50,Female,Primary,Street Vendor,Employed,69,12966,4,2025-01-10,False
REC001791,ENU0210,Assam,26,Female,Secondary,None,Employed,0,9304740,6,2025-12-15,True
REC001792,ENU0201,Kerala,41,Male,Graduate,Bank Employee,Employed,72,56342,4,2025-03-03,False
REC001793,ENU0219,Maharashtra,29,Male,Primary,Domestic Help,Employed,45,6096,2,2025-04-17,False
REC001794,ENU0017,Kerala,12,Female,Primary,None,Not in Labour Force,0,0,4,2025-12-02,False
REC001795,ENU0084,Maharashtra,57,Male,Illiterate,Construction Worker,Employed,59,16617,4,2025-01-29,False
REC001796,ENU0100,West Bengal,44,Male,Post Graduate,Government Officer,Employed,44,49076,3,2025-08-02,False
REC001797,ENU0055,Maharashtra,39,Female,Illiterate,Agricultural Labourer,Employed,26,4138,7,2025-08-16,False
REC001798,ENU0205,Maharashtra,5,Male,Illiterate,None,Not in Labour Force,0,0,2,2025-10-02,False
REC001799,ENU0217,Punjab,35,Female,Higher Secondary,Technician,Employed,42,15998,6,2025-11-16,False
REC001800,ENU0221,Odisha,32,Female,Secondary,Shop Assistant,Employed,22,4634,4,2025-09-24,False
REC001801,ENU0070,Maharashtra,17,Female,Secondary,None,Not in Labour Force,0,0,3,2025-02-10,False
REC001802,ENU0070,Uttar Pradesh,26,Female,Higher Secondary,None,Unemployed,0,0,4,2025-04-16,False
REC001803,ENU0235,Karnataka,37,Female,Higher Secondary,Driver,Employed,38,10487,3,2025-04-08,False
REC001804,ENU0169,Bihar,40,Female,Secondary,Factory Worker,Unemployed,0,0,3,2025-01-24,False
REC001805,ENU0090,Gujarat,32,Female,Higher Secondary,None,Not in Labour Force,0,0,8,2025-12-05,False
REC001806,ENU0112,Bihar,21,Male,Illiterate,Domestic Help,Unemployed,0,0,8,2025-08-06,False
REC001807,ENU0096,Bihar,22,Male,Primary,Street Vendor,Unemployed,0,0,2,2025-12-19,False
REC001808,ENU0040,Punjab,67,Male,Primary,None,Not in Labour Force,0,0,2,2025-07-31,False
REC001809,ENU0147,Andhra Pradesh,24,Male,Higher Secondary,Driver,Employed,35,9308,6,2025-10-10,False
REC001810,ENU0238,Telangana,29,Male,Primary,None,Unemployed,0,0,10,2025-06-22,False
REC001811,ENU0075,Andhra Pradesh,7,Male,Primary,None,Not in Labour Force,0,0,6,2025-11-12,False
REC001812,ENU0166,West Bengal,34,Male,Illiterate,Construction Worker,Employed,54,9774,2,2025-07-08,False
REC001813,ENU0227,Assam,23,Male,Higher Secondary,Shop Assistant,Employed,35,6572,8,2025-12-02,False
REC001814,ENU0171,Assam,26,Female,Secondary,Driver,Employed,35,11609,3,2025-03-31,False
REC001815,ENU0105,Uttar Pradesh,15,Male,Graduate,None,Not in Labour Force,5,0,3,2025-11-10,False
REC001816,ENU0049,West Bengal,83,Female,Higher Secondary,None,Not in Labour Force,0,0,5,2025-03-08,False
REC001817,ENU0014,Maharashtra,21,Female,Illiterate,Domestic Help,Employed,19,1844,1,2025-02-15,False
REC001818,ENU0187,Maharashtra,34,Female,Secondary,Driver,Employed,36,9353,6,2025-10-29,False
REC001819,ENU0197,Odisha,30,Female,Illiterate,Street Vendor,Employed,38,4629,3,2025-07-15,False
REC001820,ENU0115,Tamil Nadu,42,Male,Graduate,Teacher,Employed,41,27336,3,2025-01-09,False
REC001821,ENU0030,West Bengal,70,Female,Primary,None,Not in Labour Force,3,0,2,2025-05-28,False
REC001822,ENU0009,Telangana,25,Male,Graduate,Clerk,Employed,43,16696,4,2025-10-20,False
REC001823,ENU0006,Gujarat,10,Male,Primary,None,Not in Labour Force,0,0,6,2025-12-24,False
REC001824,ENU0200,Uttar Pradesh,39,Female,Graduate,None,Not in Labour Force,0,0,3,2025-12-02,False
REC001825,ENU0112,Gujarat,47,Male,Graduate,None,Not in Labour Force,4,0,10,2025-03-22,False
REC001826,ENU0162,Karnataka,6,Male,Primary,None,Not in Labour Force,0,0,3,2025-05-19,False
REC001827,ENU0019,Rajasthan,45,Female,Primary,Construction Worker,Employed,56,10745,3,2025-06-09,False
REC001828,ENU0145,Tamil Nadu,-3,Female,Secondary,None,Unemployed,0,0,4,2025-12-26,True
REC001829,ENU0163,Rajasthan,40,Male,Primary,Construction Worker,Employed,48,6321,3,2025-02-04,False
REC001830,ENU0128,Gujarat,15,Female,Post Graduate,None,Not in Labour Force,0,0,5,2025-07-27,False
REC001831,ENU0243,Madhya Pradesh,50,Male,Higher Secondary,Clerk,Employed,28,12657,5,2025-06-05,False
REC001832,ENU0127,Odisha,15,Female,Higher Secondary,None,Not in Labour Force,0,0,2,2025-12-22,False
REC001833,ENU0142,Tamil Nadu,18,Male,Secondary,None,Not in Labour Force,0,0,5,2025-02-09,False
REC001834,ENU0040,Madhya Pradesh,37,Male,Higher Secondary,Carpenter,Employed,33,10767,3,2025-03-30,False
REC001835,ENU0151,Telangana,33,Male,Higher Secondary,Carpenter,Employed,32,4625,4,2025-04-27,False
REC001836,ENU0146,Assam,43,Male,Primary,Agricultural Labourer,Employed,39,5248,4,2025-04-27,False
REC001837,ENU0056,Kerala,13,Male,Primary,None,Not in Labour Force,0,0,4,2025-07-12,False
REC001838,ENU0106,Andhra Pradesh,38,Male,Graduate,Clerk,Employed,42,15038,6,2025-04-13,False
REC001839,ENU0099,Madhya Pradesh,37,Male,Post Graduate,Engineer,Employed,56,70899,3,2025-08-23,False
REC001840,ENU0047,Maharashtra,33,Male,Graduate,IT Professional,Employed,33,24678,8,2025-07-19,False
REC001841,ENU0162,Punjab,61,Female,Post Graduate,None,Not in Labour Force,0,0,7,2025-09-01,False
REC001842,ENU0187,Madhya Pradesh,19,Male,Secondary,None,Not in Labour Force,0,0,4,2025-01-22,False
REC001843,ENU0216,Tamil Nadu,34,Female,Primary,None,Unemployed,0,0,7,2025-06-20,False
REC001844,ENU0075,Kerala,39,Male,Higher Secondary,Technician,Employed,61,23316,1,2025-06-26,False
REC001845,ENU0210,Assam,41,Female,Higher Secondary,Driver,Employed,51,7793,3,2025-09-24,False
REC001846,ENU0114,Maharashtra,39,Male,Secondary,Carpenter,Employed,45,9888,6,2025-06-07,False
REC001847,ENU0214,Rajasthan,28,Male,Graduate,Sales Executive,Employed,51,16081,5,2025-08-05,False
REC001848,ENU0228,Bihar,40,Female,Primary,Construction Worker,Employed,36,3157,3,2025-09-09,False
REC001849,ENU0231,Bihar,64,Male,Higher Secondary,None,Unemployed,0,0,3,2025-05-17,False
REC001850,ENU0037,Maharashtra,47,Male,Post Graduate,Engineer,Employed,56,64309,2,2025-12-22,False
REC001851,ENU0109,Maharashtra,16,Male,Secondary,None,Unemployed,0,0,5,2025-01-26,False
REC001852,ENU0203,Maharashtra,32,Male,Graduate,Bank Employee,Employed,37,32722,7,2025-01-11,False
REC001853,ENU0008,Uttar Pradesh,23,Male,Secondary,None,Unemployed,0,0,5,2025-08-30,False
REC001854,ENU0158,Kerala,65,Male,Higher Secondary,Driver,Employed,30,9591,6,2025-01-15,False
REC001855,ENU0202,Gujarat,55,Male,Secondary,None,Not in Labour Force,0,0,1,2025-12-18,False
REC001856,ENU0155,Bihar,45,Female,Secondary,Driver,Employed,46,5266,3,2025-08-08,False
REC001857,ENU0060,Kerala,78,Female,Primary,None,Not in Labour Force,0,0,3,2025-08-27,False
REC001858,ENU0126,Gujarat,37,Male,Higher Secondary,Carpenter,Employed,58,14809,5,2025-05-13,False
REC001859,ENU0037,Tamil Nadu,14,Female,Primary,None,Not in Labour Force,0,0,3,2025-05-08,False
REC001860,ENU0216,Uttar Pradesh,72,Female,Graduate,None,Not in Labour Force,0,0,5,2025-12-15,False
REC001861,ENU0241,Bihar,37,Female,Secondary,Street Vendor,Employed,35,2096,5,2025-01-13,False
REC001862,ENU0167,West Bengal,45,Male,Primary,Street Vendor,Employed,51,9773,4,2025-09-18,False
REC001863,ENU0240,Tamil Nadu,27,Female,Post Graduate,None,Unemployed,0,0,4,2025-07-05,False
REC001864,ENU0216,Karnataka,13,Female,Primary,None,Not in Labour Force,0,0,7,2025-02-10,False
REC001865,ENU0216,Punjab,26,Female,Higher Secondary,None,Unemployed,0,0,6,2025-02-04,False
REC001866,ENU0173,Telangana,24,Female,Graduate,None,Unemployed,0,0,2,2025-03-25,False
REC001867,ENU0121,Gujarat,31,Female,Secondary,Street Vendor,Employed,41,7182,2,2025-09-04,False
REC001868,ENU0181,Madhya Pradesh,47,Male,Graduate,Sales Executive,Employed,25,12514,5,2025-06-02,False
REC001869,ENU0250,Tamil Nadu,31,Male,Post Graduate,None,Not in Labour Force,7,0,2,2025-03-20,False
REC001870,ENU0216,Tamil Nadu,40,Male,Secondary,Street Vendor,Employed,47,6820,9,2025-10-12,False
REC001871,ENU0135,Uttar Pradesh,67,Female,Higher Secondary,None,Not in Labour Force,0,0,1,2025-01-08,False
REC001872,ENU0148,Gujarat,38,Female,Graduate,Clerk,Employed,58,22659,3,2025-06-30,False
REC001873,ENU0089,Bihar,30,Male,Higher Secondary,Technician,Employed,39,4104,6,2025-11-01,False
REC001874,ENU0060,Rajasthan,38,Male,Post Graduate,None,Not in Labour Force,0,0,3,2025-07-30,False
REC001875,ENU0130,Bihar,20,Female,Illiterate,None,Unemployed,0,0,3,2025-12-04,False
REC001876,ENU0085,Bihar,58,Female,Illiterate,Construction Worker,Unemployed,0,0,6,2025-06-03,False
REC001877,ENU0069,Madhya Pradesh,37,Female,Secondary,None,Not in Labour Force,0,0,1,2025-09-13,False
REC001878,ENU0117,Maharashtra,43,Male,Graduate,Clerk,Employed,43,20369,5,2025-07-08,False
REC001879,ENU0044,Bihar,37,Male,Illiterate,Street Vendor,Unemployed,0,0,2,2025-05-25,False
REC001880,ENU0182,Uttar Pradesh,45,Male,Primary,Agricultural Labourer,Employed,45,8389,5,2025-03-09,False
REC001881,ENU0111,Maharashtra,68,Male,Secondary,None,Not in Labour Force,6,0,3,2025-11-05,False
REC001882,ENU0235,West Bengal,41,Female,Post Graduate,Doctor,Employed,68,135270,6,2025-04-15,False
REC001883,ENU0068,West Bengal,11,Female,Primary,None,Not in Labour Force,0,0,2,2025-05-31,False
REC001884,ENU0197,Bihar,21,Male,Graduate,None,Unemployed,0,0,7,2025-11-24,False
REC001885,ENU0151,Kerala,34,Male,Graduate,Teacher,Employed,63,42343,3,2025-08-22,False
REC001886,ENU0169,Odisha,17,Male,Primary,None,Not in Labour Force,0,0,4,2025-07-07,False
REC001887,ENU0150,Uttar Pradesh,29,Male,Secondary,Carpenter,Employed,50,15383,5,2025-09-29,False
REC001888,ENU0213,Madhya Pradesh,25,Female,Secondary,Carpenter,Employed,62,12557,2,2025-06-11,False
REC001889,ENU0211,Uttar Pradesh,42,Male,Higher Secondary,Clerk,Employed,44,19446,4,2025-06-12,False
REC001890,ENU0110,Rajasthan,62,Male,Graduate,None,Not in Labour Force,0,0,2,2025-05-18,False
REC001891,ENU0059,Telangana,72,Male,Primary,None,Not in Labour Force,2,0,6,2025-08-30,False
REC001892,ENU0166,West Bengal,31,Female,Post Graduate,Teacher,Employed,68,31730,4,2025-03-13,False
REC001893,ENU0201,Gujarat,40,Female,Primary,None,Not in Labour Force,0,0,5,2025-06-15,False
REC001894,ENU0035,Madhya Pradesh,17,Male,Primary,None,Unemployed,0,0,7,2025-01-02,False
REC001895,ENU0192,Gujarat,24,Female,Primary,None,Unemployed,0,0,4,2025-12-19,False
REC001896,ENU0080,Uttar Pradesh,33,Female,Secondary,Carpenter,Employed,47,12244,5,2025-07-13,False
REC001897,ENU0091,Maharashtra,71,Male,Primary,None,Not in Labour Force,0,0,5,2025-10-14,False
REC001898,ENU0248,Odisha,16,Female,Secondary,None,Unemployed,0,0,3,2025-11-18,False
REC001899,ENU0104,Andhra Pradesh,87,Male,Secondary,None,Not in Labour Force,0,0,5,2025-04-05,False
REC001900,ENU0049,Gujarat,17,Female,Post Graduate,None,Not in Labour Force,0,0,4,2025-09-10,False
REC001901,ENU0050,Karnataka,46,Female,Graduate,Bank Employee,Employed,60,52248,3,2025-03-11,False
REC001902,ENU0131,Assam,74,Male,Primary,None,Not in Labour Force,0,0,4,2025-09-19,False
REC001903,ENU0011,Kerala,33,Male,Graduate,None,Unemployed,0,0,8,2025-09-17,False
REC001904,ENU0069,Punjab,24,Male,Higher Secondary,Clerk,Employed,46,18470,9,2025-10-10,False
REC001905,ENU0087,Karnataka,5,Female,Illiterate,None,Not in Labour Force,0,0,4,2025-05-05,False
REC001906,ENU0158,Maharashtra,21,Female,Primary,None,Unemployed,0,0,1,2025-08-29,False
REC001907,ENU0018,Kerala,21,Male,Secondary,Driver,Employed,51,12417,3,2025-05-30,False
REC001908,ENU0170,Uttar Pradesh,71,Female,Higher Secondary,None,Not in Labour Force,0,0,5,2025-08-13,False
REC001909,ENU0243,Telangana,10,Female,Primary,None,Not in Labour Force,0,0,1,2025-01-31,False
REC001910,ENU0208,Madhya Pradesh,51,Male,Primary,Street Vendor,Employed,39,7778,3,2025-05-06,False
REC001911,ENU0020,Maharashtra,15,Male,Secondary,None,Not in Labour Force,5,0,4,2025-09-09,False
REC001912,ENU0083,Punjab,30,Male,Secondary,Carpenter,Employed,41,10998,2,2025-09-07,False
REC001913,ENU0021,Uttar Pradesh,41,Female,Graduate,Clerk,Employed,38,13821,4,2025-05-31,False
REC001914,ENU0153,Odisha,42,Male,Secondary,Carpenter,Employed,57,13352,1,2025-07-14,False
REC001915,ENU0113,Punjab,37,Male,Primary,Factory Worker,Employed,33,5191,3,2025-03-14,False
REC001916,ENU0049,Madhya Pradesh,65,Female,Post Graduate,None,Not in Labour Force,2,0,3,2025-12-17,False
REC001917,ENU0020,Uttar Pradesh,34,Male,Secondary,Street Vendor,Employed,39,5970,4,2025-01-21,False
REC001918,ENU0037,Karnataka,33,Male,Higher Secondary,Shop Assistant,Employed,9,1667,1,2025-06-03,False
REC001919,ENU0005,Assam,37,Male,Secondary,Driver,Employed,35,8649,10,2025-06-26,False
REC001920,ENU0249,Andhra Pradesh,63,Female,Illiterate,None,Not in Labour Force,2,0,9,2025-03-06,False
REC001921,ENU0013,Tamil Nadu,33,Female,Secondary,None,Not in Labour Force,6,0,5,2025-08-13,False
REC001922,ENU0098,Punjab,37,Male,Higher Secondary,Carpenter,Employed,57,15304,5,2025-07-31,False
REC001923,ENU0058,Maharashtra,44,Female,Illiterate,None,Not in Labour Force,0,0,5,2025-05-12,False
REC001924,ENU0187,Karnataka,23,Male,Graduate,Bank Employee,Employed,41,29314,3,2025-03-09,False
REC001925,ENU0072,Kerala,69,Female,Post Graduate,None,Not in Labour Force,1,0,4,2025-03-17,False
REC001926,ENU0093,Assam,16,Male,Higher Secondary,None,Unemployed,0,0,1,2025-12-31,False
REC001927,ENU0204,West Bengal,35,Male,Post Graduate,None,Unemployed,0,0,2,2025-12-29,False
REC001928,ENU0167,Rajasthan,77,Female,Secondary,None,Not in Labour Force,0,0,3,2025-07-04,False
REC001929,ENU0139,Bihar,26,Male,Secondary,Shop Assistant,Employed,43,4782,2,2025-04-24,False
REC001930,ENU0237,Andhra Pradesh,26,Male,Higher Secondary,Driver,Employed,58,17910,6,2025-02-18,False
REC001931,ENU0051,West Bengal,41,Female,Illiterate,Agricultural Labourer,Employed,51,8093,4,2025-12-10,False
REC001932,ENU0001,Karnataka,34,Female,Higher Secondary,None,Unemployed,0,0,5,2025-05-27,False
REC001933,ENU0207,Assam,21,Male,Primary,None,Unemployed,0,0,4,2025-12-20,False
REC001934,ENU0237,Bihar,51,Male,Primary,Domestic Help,Unemployed,0,0,3,2025-10-21,False
REC001935,ENU0078,Tamil Nadu,35,Female,Secondary,Carpenter,Employed,40,13484,1,2025-05-09,False
REC001936,ENU0088,Uttar Pradesh,16,Male,Secondary,Street Vendor,Employed,42,9101,4,2025-03-30,False
REC001937,ENU0054,Bihar,35,Female,Higher Secondary,Driver,Employed,36,5194,6,2025-06-24,False
REC001938,ENU0110,Bihar,42,Male,Primary,Factory Worker,Employed,55,6028,6,2025-02-23,False
REC001939,ENU0174,West Bengal,63,Male,Secondary,None,Not in Labour Force,0,0,7,2025-09-06,False
REC001940,ENU0155,Telangana,47,Female,Primary,Construction Worker,Employed,42,7586,2,2025-04-11,False
REC001941,ENU0049,Madhya Pradesh,34,Male,Primary,Street Vendor,Employed,34,5224,7,2025-05-29,False
REC001942,ENU0176,Uttar Pradesh,12,Male,Primary,None,Not in Labour Force,0,0,2,2025-08-31,False
REC001943,ENU0199,Gujarat,62,Female,Primary,None,Not in Labour Force,0,0,5,2025-04-29,False
REC001944,ENU0023,Karnataka,26,Male,Higher Secondary,Driver,Employed,69,20600,3,2025-11-30,False
REC001945,ENU0140,Uttar Pradesh,46,Female,Graduate,Bank Employee,Employed,36,31074,12,2025-03-07,False
REC001946,ENU0032,Gujarat,11,Male,Primary,None,Not in Labour Force,8,0,3,2025-11-12,False
REC001947,ENU0070,Madhya Pradesh,64,Male,Primary,Domestic Help,Employed,43,7090,5,2025-01-08,False
REC001948,ENU0137,Gujarat,39,Female,Primary,None,Not in Labour Force,0,0,2,2025-11-01,False
REC001949,ENU0191,Odisha,35,Male,Illiterate,None,Not in Labour Force,0,0,3,2025-01-18,False
REC001950,ENU0002,Odisha,17,Male,Secondary,None,Not in Labour Force,0,0,1,2025-07-05,False
REC001951,ENU0153,Rajasthan,57,Female,Primary,Construction Worker,Employed,45,9883,3,2025-03-12,False
REC001952,ENU0179,Andhra Pradesh,71,Male,Graduate,None,Not in Labour Force,0,0,4,2025-07-01,False
REC001953,ENU0130,Assam,53,Female,Secondary,Shop Assistant,Employed,27,5956,7,2025-12-04,False
REC001954,ENU0112,Punjab,57,Female,Graduate,IT Professional,Employed,43,41393,3,2025-06-17,False
REC001955,ENU0144,Karnataka,34,Female,Secondary,None,Not in Labour Force,0,0,3,2025-09-11,False
REC001956,ENU0013,Gujarat,37,Other,Higher Secondary,Clerk,Employed,60,23400,5,2025-09-21,False
REC001957,ENU0221,Kerala,67,Female,Secondary,None,Not in Labour Force,0,0,4,2025-06-10,False
REC001958,ENU0149,Assam,76,Female,Secondary,None,Not in Labour Force,0,0,2,2025-08-21,False
REC001959,ENU0076,Assam,65,Female,Post Graduate,None,Not in Labour Force,0,0,2,2025-06-09,False
REC001960,ENU0152,Telangana,60,Female,Post Graduate,Teacher,Employed,26,15722,2,2025-09-03,False
REC001961,ENU0182,Punjab,29,Female,Secondary,None,Unemployed,0,0,6,2025-04-10,False
REC001962,ENU0070,Odisha,65,Male,Higher Secondary,None,Not in Labour Force,0,0,3,2025-10-17,False
REC001963,ENU0198,Tamil Nadu,26,Male,Secondary,Factory Worker,Employed,44,8662,4,2025-08-09,False
REC001964,ENU0229,Gujarat,44,Female,Secondary,Driver,Employed,33,8226,7,2025-11-28,False
REC001965,ENU0138,Bihar,22,Male,Secondary,None,Unemployed,0,0,4,2025-02-05,False
REC001966,ENU0189,Punjab,31,Female,Primary,Agricultural Labourer,Employed,20,3332,1,2025-12-02,False
REC001967,ENU0051,Kerala,39,Female,Secondary,Shop Assistant,Employed,53,14149,2,2025-10-26,False
REC001968,ENU0072,West Bengal,39,Male,Illiterate,Street Vendor,Employed,37,5996,3,2025-03-23,False
REC001969,ENU0108,Andhra Pradesh,16,Female,Graduate,Bank Employee,Employed,35,38096,7,2025-04-06,False
REC001970,ENU0170,Assam,33,Male,Higher Secondary,None,Not in Labour Force,0,0,4,2025-09-27,False
REC001971,ENU0015,Telangana,23,Female,Higher Secondary,None,Unemployed,0,0,4,2025-04-28,False
REC001972,ENU0212,Odisha,34,Male,Higher Secondary,Clerk,Employed,24,9197,3,2025-11-07,False
REC001973,ENU0150,West Bengal,34,Female,Graduate,Teacher,Employed,40,25516,7,2025-05-31,False
REC001974,ENU0236,Tamil Nadu,9,Male,Primary,None,Not in Labour Force,2,0,6,2025-07-05,False
REC001975,ENU0232,Rajasthan,64,Male,Graduate,None,Not in Labour Force,0,0,4,2025-11-27,False
REC001976,ENU0194,West Bengal,45,Male,Primary,Factory Worker,Employed,22,4840,3,2025-11-22,False
REC001977,ENU0157,Tamil Nadu,10,Female,Primary,None,Not in Labour Force,1,0,3,2025-06-16,False
REC001978,ENU0174,Telangana,23,Male,Secondary,None,Unemployed,0,0,6,2025-10-29,False
REC001979,ENU0054,Maharashtra,32,Male,Illiterate,Agricultural Labourer,Employed,48,8321,2,2025-10-06,False
REC001980,ENU0052,Telangana,28,Female,Higher Secondary,Carpenter,Employed,74,23246,7,2025-03-12,False
REC001981,ENU0243,Punjab,33,Male,Primary,Domestic Help,Employed,41,3513,4,2025-03-14,False
REC001982,ENU0145,Gujarat,33,Male,Primary,Agricultural Labourer,Employed,46,5493,7,2025-12-23,False
REC001983,ENU0087,Andhra Pradesh,49,Male,Secondary,Shop Assistant,Employed,53,11969,4,2025-09-19,False
REC001984,ENU0135,Andhra Pradesh,36,Female,Post Graduate,None,Not in Labour Force,0,0,5,2025-07-12,False
REC001985,ENU0114,Maharashtra,27,Female,Primary,Construction Worker,Employed,45,10360,10,2025-10-09,False
REC001986,ENU0090,Uttar Pradesh,58,Male,Higher Secondary,None,Not in Labour Force,0,0,3,2025-04-09,False
REC001987,ENU0162,Kerala,34,Female,Primary,Agricultural Labourer,Employed,47,6276,2,2025-11-29,False
REC001988,ENU0053,Maharashtra,47,Female,Graduate,None,Not in Labour Force,2,0,3,2025-04-24,False
REC001989,ENU0201,Gujarat,150,Female,Post Graduate,Government Officer,Employed,83,78149,2,2025-12-12,True
REC001990,ENU0024,Andhra Pradesh,71,Female,Illiterate,None,Not in Labour Force,0,0,4,2025-09-22,False
REC001991,ENU0098,Odisha,10,Female,Primary,None,Not in Labour Force,1,0,3,2025-06-10,False
REC001992,ENU0138,West Bengal,14,Male,Primary,None,Not in Labour Force,0,0,2,2025-05-02,False
REC001993,ENU0141,Karnataka,59,Male,Graduate,None,Not in Labour Force,3,0,3,2025-02-19,False
REC001994,ENU0010,Andhra Pradesh,41,Female,Illiterate,Street Vendor,Employed,31,4076,7,2025-11-24,False
REC001995,ENU0157,Madhya Pradesh,72,Female,Primary,None,Not in Labour Force,0,0,3,2025-09-01,False
REC001996,ENU0187,Uttar Pradesh,7,Male,Primary,None,Not in Labour Force,0,0,5,2025-12-27,False
REC001997,ENU0132,Assam,23,Female,Primary,Agricultural Labourer,Employed,28,5195,4,2025-02-25,False
REC001998,ENU0245,Maharashtra,16,Female,Higher Secondary,None,Not in Labour Force,0,0,11,2025-06-01,False
REC001999,ENU0146,Telangana,54,Male,Primary,None,Not in Labour Force,0,0,9,2025-01-28,False
REC002000,ENU0075,Karnataka,40,Female,Secondary,None,Unemployed,0,0,2,2025-05-14,False
REC002001,ENU0104,West Bengal,68,Male,Primary,None,Not in Labour Force,0,0,2,2025-02-04,False
REC002002,ENU0086,Bihar,30,Male,Graduate,None,Not in Labour Force,8,0,5,2025-06-30,False
REC002003,ENU0114,Karnataka,68,Male,Primary,None,Not in Labour Force,0,0,5,2025-01-05,False
REC002004,ENU0242,Maharashtra,42,Female,Secondary,Driver,Employed,48,8374,4,2025-12-02,False
REC002005,ENU0150,Kerala,6,Male,Higher Secondary,Engineer,Employed,30,15228,3,2025-11-28,True
REC002006,ENU0153,Telangana,35,Male,Primary,Domestic Help,Employed,81,11216,3,2025-05-09,False
REC002007,ENU0103,Telangana,40,Male,Secondary,Carpenter,Employed,44,11706,8,2025-07-26,False
REC002008,ENU0133,West Bengal,16,Male,Higher Secondary,Technician,Employed,52,16911,9,2025-11-01,False
REC002009,ENU0210,Maharashtra,26,Female,Post Graduate,None,Not in Labour Force,0,0,7,2025-05-13,False
REC002010,ENU0189,Assam,20,Male,Illiterate,Street Vendor,Employed,38,3560,5,2025-11-29,False
REC002011,ENU0101,Karnataka,82,Female,Graduate,None,Not in Labour Force,0,0,4,2025-03-23,False
REC002012,ENU0230,Gujarat,30,Female,Post Graduate,Government Officer,Employed,47,48495,4,2025-02-05,False
REC002013,ENU0170,Odisha,12,Male,Primary,None,Not in Labour Force,0,0,4,2025-08-23,False
REC002014,ENU0219,Uttar Pradesh,7,Male,Primary,None,Not in Labour Force,0,0,3,2025-04-05,False
REC002015,ENU0060,Tamil Nadu,29,Male,Primary,None,Unemployed,0,0,3,2025-03-02,False
REC002016,ENU0190,Madhya Pradesh,51,Male,Primary,Street Vendor,Employed,43,9439,7,2025-03-11,False
REC002017,ENU0083,Telangana,48,Male,Graduate,None,Not in Labour Force,0,0,5,2025-05-14,False
REC002018,ENU0033,Uttar Pradesh,34,Male,Secondary,Street Vendor,Employed,60,10490,4,2025-09-11,False
REC002019,ENU0094,Telangana,36,Male,Higher Secondary,Technician,Employed,42,12145,2,2025-09-17,False
REC002020,ENU0228,Andhra Pradesh,30,Female,Primary,Domestic Help,Employed,53,6969,3,2025-10-13,False
REC002021,ENU0093,Punjab,71,Female,Graduate,None,Not in Labour Force,5,0,4,2025-02-12,False
REC002022,ENU0231,Madhya Pradesh,45,Male,Illiterate,Construction Worker,Employed,33,6912,1,2025-10-09,False
REC002023,ENU0240,Tamil Nadu,17,Female,Secondary,Driver,Employed,63,16124,3,2025-07-24,False
REC002024,ENU0085,Madhya Pradesh,45,Male,Primary,Factory Worker,Employed,46,9458,4,2025-12-26,False
REC002025,ENU0213,Gujarat,41,Female,Graduate,Bank Employee,Employed,45,22649,2,2025-03-27,False
REC002026,ENU0202,Karnataka,30,Male,Graduate,None,Unemployed,0,0,6,2025-08-18,False
REC002027,ENU0129,Andhra Pradesh,16,Female,Secondary,None,Not in Labour Force,0,0,2,2025-10-30,False
REC002028,ENU0136,Rajasthan,34,Male,Higher Secondary,Technician,Employed,44,19919,2,2025-02-01,False
REC002029,ENU0066,Tamil Nadu,66,Female,Graduate,None,Not in Labour Force,9,0,3,2025-05-31,False
REC002030,ENU0153,Andhra Pradesh,34,Female,Higher Secondary,None,Unemployed,0,0,6,2025-03-22,False
REC002031,ENU0151,Punjab,60,Male,Higher Secondary,None,Not in Labour Force,0,0,5,2025-01-30,False
REC002032,ENU0164,Karnataka,41,Male,Higher Secondary,Driver,Employed,35,7308,4,2025-01-17,False
REC002033,ENU0063,Andhra Pradesh,50,Female,Secondary,Street Vendor,Employed,35,5513,9,2025-03-18,False
REC002034,ENU0035,Odisha,47,Male,Higher Secondary,Driver,Employed,51,12675,2,2025-02-24,False
REC002035,ENU0011,Bihar,34,Male,Primary,Agricultural Labourer,Employed,46,3697,4,2025-05-01,False
REC002036,ENU0010,Gujarat,40,Female,Illiterate,Construction Worker,Employed,43,5423,3,2025-07-10,False
REC002037,ENU0202,Gujarat,21,Male,Secondary,Driver,Employed,33,11311,2,2025-03-15,False
REC002038,ENU0157,Andhra Pradesh,79,Female,Graduate,None,Not in Labour Force,0,0,6,2025-09-13,False
REC002039,ENU0004,Bihar,52,Male,Secondary,Shop Assistant,Employed,42,2970,2,2025-02-24,False
REC002040,ENU0022,Uttar Pradesh,46,Female,Graduate,Teacher,Employed,48,32390,5,2025-11-25,False
REC002041,ENU0210,Kerala,54,Female,Secondary,None,Not in Labour Force,0,0,2,2025-12-09,False
REC002042,ENU0208,Kerala,24,Male,Secondary,Shop Assistant,Employed,48,10724,2,2025-08-14,False
REC002043,ENU0220,Bihar,7,Female,Primary,None,Not in Labour Force,2,0,3,2025-12-25,False
REC002044,ENU0118,Tamil Nadu,32,Male,Primary,Factory Worker,Employed,41,10869,2,2025-03-24,False
REC002045,ENU0183,Assam,45,Male,Higher Secondary,Clerk,Employed,51,12980,4,2025-04-13,False
REC002046,ENU0029,Punjab,56,Male,Secondary,Driver,Employed,60,17403,3,2025-03-04,False
REC002047,ENU0039,Madhya Pradesh,28,Male,Graduate,None,Unemployed,0,0,8,2025-05-05,False
REC002048,ENU0103,West Bengal,32,Female,Graduate,Clerk,Employed,44,18915,3,2025-04-26,False
REC002049,ENU0242,Maharashtra,73,Male,Secondary,None,Not in Labour Force,0,0,12,2025-05-25,False
REC002050,ENU0190,Maharashtra,17,Male,Graduate,None,Not in Labour Force,5,0,3,2025-06-09,False
REC002051,ENU0109,Punjab,33,Male,Graduate,Sales Executive,Employed,41,14262,5,2025-11-30,False
REC002052,ENU0046,Odisha,48,Female,Secondary,Street Vendor,Employed,45,4186,5,2025-09-12,False
REC002053,ENU0095,Maharashtra,20,Male,Post Graduate,None,Unemployed,0,0,4,2025-03-08,False
REC002054,ENU0222,Tamil Nadu,18,Female,Primary,None,Not in Labour Force,7,0,2,2025-11-07,False
REC002055,ENU0088,Karnataka,26,Female,Higher Secondary,Driver,Employed,56,10570,5,2025-05-21,False
REC002056,ENU0167,Odisha,16,Female,Illiterate,Agricultural Labourer,Employed,53,8803,6,2025-06-12,False
REC002057,ENU0176,West Bengal,65,Female,Secondary,Shop Assistant,Employed,22,5842,4,2025-05-04,False
REC002058,ENU0013,Tamil Nadu,17,Female,Secondary,Factory Worker,Employed,66,24834,4,2025-03-16,False
REC002059,ENU0007,Andhra Pradesh,-2,Male,Graduate,Bank Employee,Employed,50,42169,4,2025-07-11,True
REC002060,ENU0062,Andhra Pradesh,69,Female,Primary,None,Not in Labour Force,0,0,4,2025-01-24,False
REC002061,ENU0191,Karnataka,11,Female,Primary,None,Not in Labour Force,4,0,3,2025-02-24,False
REC002062,ENU0102,Uttar Pradesh,71,Male,Higher Secondary,None,Not in Labour Force,0,0,7,2025-02-22,False
REC002063,ENU0007,West Bengal,19,Female,Higher Secondary,Technician,Employed,42,15666,3,2025-08-07,False
REC002064,ENU0237,Tamil Nadu,38,Male,Higher Secondary,Driver,Employed,44,12359,4,2025-03-25,False
REC002065,ENU0099,Telangana,19,Female,Primary,Agricultural Labourer,Employed,50,6135,4,2025-11-20,False
REC002066,ENU0186,Kerala,30,Male,Higher Secondary,Technician,Employed,59,14755,4,2025-08-02,False
REC002067,ENU0022,Tamil Nadu,46,Male,Illiterate,Street Vendor,Employed,40,5412,3,2025-03-07,False
REC002068,ENU0142,Bihar,72,Female,Secondary,None,Not in Labour Force,3,0,3,2025-02-24,False
REC002069,ENU0123,Andhra Pradesh,51,Female,Higher Secondary,Shop Assistant,Employed,59,14229,4,2025-05-06,False
REC002070,ENU0164,Odisha,150,Male,Secondary,Shop Assistant,Employed,59,11080,4,2025-11-30,True
REC002071,ENU0108,Uttar Pradesh,32,Female,Higher Secondary,None,Unemployed,0,0,6,2025-05-21,False
REC002072,ENU0096,Kerala,50,Male,Secondary,Carpenter,Employed,48,15067,3,2025-09-19,False
REC002073,ENU0199,Assam,27,Female,Primary,Street Vendor,Employed,31,7406,5,2025-11-23,False
REC002074,ENU0240,Maharashtra,24,Female,Higher Secondary,Technician,Employed,56,23592,4,2025-12-09,False
REC002075,ENU0065,West Bengal,11,Male,Primary,None,Not in Labour Force,0,0,2,2025-11-16,False
REC002076,ENU0042,Kerala,41,Male,Graduate,Teacher,Employed,63,39389,5,2025-05-01,False
REC002077,ENU0249,Tamil Nadu,27,Male,Higher Secondary,Shop Assistant,Employed,59,17353,3,2025-04-02,False
REC002078,ENU0057,Gujarat,12,Female,Primary,None,Not in Labour Force,0,0,5,2025-12-17,False
REC002079,ENU0025,Tamil Nadu,33,Female,Secondary,None,Not in Labour Force,0,0,5,2025-08-31,False
REC002080,ENU0156,Maharashtra,17,Female,Illiterate,None,Not in Labour Force,0,0,4,2025-09-25,False
REC002081,ENU0194,Madhya Pradesh,22,Female,Secondary,Street Vendor,Employed,46,7666,5,2025-07-03,False
REC002082,ENU0071,Assam,41,Male,Secondary,Driver,Employed,21,3007,3,2025-10-17,False
REC002083,ENU0230,Madhya Pradesh,38,Male,Primary,Factory Worker,Employed,55,17830,2,2025-05-01,False
REC002084,ENU0023,Rajasthan,14,Female,Primary,None,Not in Labour Force,5,0,2,2025-01-04,False
REC002085,ENU0088,Rajasthan,21,Female,Graduate,None,Not in Labour Force,0,0,4,2025-01-16,False
REC002086,ENU0143,Tamil Nadu,53,Female,Secondary,Carpenter,Employed,24,7824,2,2025-03-13,False
REC002087,ENU0059,Karnataka,31,Male,Secondary,Factory Worker,Employed,41,8950,8,2025-11-29,False
REC002088,ENU0222,Andhra Pradesh,36,Female,Secondary,Street Vendor,Employed,32,7857,6,2025-09-26,False
REC002089,ENU0026,Odisha,17,Male,Graduate,None,Not in Labour Force,0,0,5,2025-05-07,False
REC002090,ENU0085,Gujarat,53,Female,Secondary,Factory Worker,Employed,64,18832,3,2025-09-27,False
REC002091,ENU0073,Rajasthan,28,Female,Graduate,None,Unemployed,0,0,7,2025-06-17,False
REC002092,ENU0233,Uttar Pradesh,42,Male,Secondary,Street Vendor,Employed,59,8983,5,2025-11-18,False
REC002093,ENU0057,Uttar Pradesh,19,Female,Primary,Factory Worker,Employed,34,11715,8,2025-04-24,False
REC002094,ENU0063,Punjab,37,Male,Secondary,None,Not in Labour Force,0,0,5,2025-09-26,False
REC002095,ENU0236,Assam,40,Male,Illiterate,Agricultural Labourer,Employed,59,7729,4,2025-08-22,False
REC002096,ENU0019,Gujarat,150,Female,Secondary,None,Unemployed,0,0,2,2025-09-11,True
REC002097,ENU0073,West Bengal,10,Other,Primary,None,Not in Labour Force,2,0,3,2025-08-06,False
REC002098,ENU0104,Rajasthan,62,Male,Primary,None,Not in Labour Force,1,0,4,2025-01-11,False
REC002099,ENU0153,Tamil Nadu,61,Male,Secondary,Shop Assistant,Employed,49,10863,7,2025-02-04,False
REC002100,ENU0213,Madhya Pradesh,55,Female,Post Graduate,None,Not in Labour Force,5,0,10,2025-08-22,False
REC002101,ENU0149,Rajasthan,69,Female,Higher Secondary,None,Not in Labour Force,0,0,2,2025-08-25,False
REC002102,ENU0238,Andhra Pradesh,10,Female,Primary,None,Not in Labour Force,0,0,4,2025-12-26,False
REC002103,ENU0100,Rajasthan,56,Female,Graduate,IT Professional,Employed,53,75945,6,2025-06-20,False
REC002104,ENU0112,Karnataka,54,Female,Higher Secondary,Carpenter,Employed,21,7106,4,2025-08-21,False
REC002105,ENU0171,Kerala,35,Female,Secondary,Factory Worker,Employed,50,16448,5,2025-09-04,False
REC002106,ENU0063,Maharashtra,39,Male,Secondary,Street Vendor,Employed,35,10155,5,2025-08-25,False
REC002107,ENU0151,Maharashtra,32,Male,Higher Secondary,Technician,Employed,46,12416,6,2025-08-04,False
REC002108,ENU0035,Karnataka,77,Female,Secondary,None,Not in Labour Force,0,0,2,2025-04-30,False
REC002109,ENU0129,Assam,66,Male,Illiterate,None,Not in Labour Force,0,0,8,2025-02-25,False
REC002110,ENU0069,Uttar Pradesh,12,Male,Primary,None,Not in Labour Force,6,0,6,2025-04-18,False
REC002111,ENU0064,West Bengal,43,Female,Secondary,Street Vendor,Employed,20,3329,8,2025-12-10,False
REC002112,ENU0057,Maharashtra,39,Male,Illiterate,Street Vendor,Employed,23,3609,3,2025-09-07,False
REC002113,ENU0070,Maharashtra,46,Female,Illiterate,Construction Worker,Employed,51,11453,1,2025-10-27,False
REC002114,ENU0214,Rajasthan,39,Female,Graduate,None,Not in Labour Force,0,0,3,2025-02-23,False
REC002115,ENU0065,Assam,18,Female,Higher Secondary,Clerk,Employed,33,12928,8,2025-03-31,False
REC002116,ENU0198,Andhra Pradesh,50,Female,Primary,Agricultural Labourer,Employed,34,5572,5,2025-10-12,False
REC002117,ENU0134,Karnataka,30,Male,Higher Secondary,Technician,Employed,22,9055,1,2025-11-18,False
REC002118,ENU0228,Maharashtra,30,Female,Graduate,Sales Executive,Employed,52,22989,4,2025-06-08,False
REC002119,ENU0182,Bihar,29,Female,Higher Secondary,Technician,Unemployed,0,0,5,2025-09-28,False
REC002120,ENU0147,Madhya Pradesh,59,Female,Secondary,None,Not in Labour Force,0,0,7,2025-09-01,False
REC002121,ENU0155,Rajasthan,59,Female,Secondary,None,Not in Labour Force,0,0,2,2025-01-12,False
REC002122,ENU0176,Madhya Pradesh,7,Female,Primary,None,Not in Labour Force,9,0,4,2025-01-16,False
REC002123,ENU0232,Bihar,38,Female,Higher Secondary,Carpenter,Unemployed,0,0,3,2025-04-29,False
REC002124,ENU0166,Maharashtra,46,Female,Illiterate,Construction Worker,Employed,37,7868,5,2025-09-22,False
REC002125,ENU0114,Madhya Pradesh,30,Female,Post Graduate,None,Not in Labour Force,8,0,5,2025-04-30,False
REC002126,ENU0214,Telangana,18,Female,Post Graduate,None,Unemployed,0,0,4,2025-08-24,False
REC002127,ENU0019,Maharashtra,37,Male,Higher Secondary,None,Not in Labour Force,9,0,2,2025-01-07,False
REC002128,ENU0189,Bihar,32,Female,Secondary,Driver,Employed,45,3438,3,2025-06-17,False
REC002129,ENU0104,Uttar Pradesh,52,Male,Higher Secondary,None,Not in Labour Force,6,0,5,2025-09-05,False
REC002130,ENU0011,Gujarat,43,Male,Graduate,IT Professional,Employed,43,50729,1,2025-07-11,False
REC002131,ENU0216,Tamil Nadu,18,Male,Secondary,None,Not in Labour Force,0,0,3,2025-09-22,False
REC002132,ENU0196,Rajasthan,70,Male,Secondary,None,Not in Labour Force,0,0,6,2025-03-22,False
REC002133,ENU0219,West Bengal,11,Female,Primary,None,Not in Labour Force,0,0,5,2025-05-20,False
REC002134,ENU0107,Rajasthan,26,Male,Graduate,Sales Executive,Employed,52,18566,4,2025-09-25,False
REC002135,ENU0209,West Bengal,38,Male,Higher Secondary,Clerk,Employed,24,9323,10,2025-08-18,False
REC002136,ENU0022,Punjab,32,Female,Secondary,Carpenter,Employed,44,13157,4,2025-02-20,False
REC002137,ENU0190,Telangana,33,Female,Primary,Factory Worker,Employed,23,4214,5,2025-08-29,False
REC002138,ENU0113,Tamil Nadu,42,Male,Primary,Agricultural Labourer,Employed,29,5225,5,2025-03-16,False
REC002139,ENU0103,Madhya Pradesh,26,Male,Secondary,Driver,Employed,39,11001,5,2025-03-10,False
REC002140,ENU0209,Telangana,17,Female,Higher Secondary,None,Not in Labour Force,4,0,6,2025-03-02,False
REC002141,ENU0082,Telangana,43,Male,Primary,None,Not in Labour Force,4,0,9,2025-12-16,False
REC002142,ENU0202,West Bengal,33,Male,Graduate,None,Not in Labour Force,0,0,5,2025-01-14,False
REC002143,ENU0134,Gujarat,40,Female,Graduate,Clerk,Employed,55,23390,4,2025-01-12,False
REC002144,ENU0069,Gujarat,38,Female,Post Graduate,Doctor,Employed,48,74390,2,2025-05-08,False
REC002145,ENU0100,Rajasthan,25,Female,Primary,None,Unemployed,0,0,4,2025-04-24,False
REC002146,ENU0044,Rajasthan,25,Female,Illiterate,Street Vendor,Employed,59,13403,3,2025-09-15,False
REC002147,ENU0203,Uttar Pradesh,25,Male,Illiterate,Agricultural Labourer,Employed,61,12131,3,2025-12-15,False
REC002148,ENU0024,Tamil Nadu,29,Male,Higher Secondary,Driver,Employed,32,10778,5,2025-08-08,False
REC002149,ENU0097,Uttar Pradesh,11,Male,Primary,None,Not in Labour Force,0,0,1,2025-08-12,False
REC002150,ENU0031,Odisha,22,Female,Higher Secondary,Carpenter,Employed,45,15884,1,2025-05-29,False
REC002151,ENU0121,Bihar,23,Male,Higher Secondary,Clerk,Employed,58,6582,6,2025-05-30,False
REC002152,ENU0067,Maharashtra,79,Male,Primary,None,Not in Labour Force,0,0,4,2025-07-15,False
REC002153,ENU0197,Karnataka,12,Female,Primary,None,Not in Labour Force,0,0,2,2025-04-18,False
REC002154,ENU0010,Odisha,24,Female,Graduate,Teacher,Employed,72,28686,3,2025-05-03,False
REC002155,ENU0230,Maharashtra,60,Female,Graduate,Bank Employee,Employed,45,25762,4,2025-05-01,False
REC002156,ENU0042,Odisha,48,Female,Secondary,Factory Worker,Employed,33,10518,1,2025-04-26,False
REC002157,ENU0019,Odisha,38,Male,Secondary,Driver,Employed,46,16712,2,2025-10-13,False
REC002158,ENU0147,Maharashtra,25,Male,Graduate,IT Professional,Employed,41,61078,4,2025-07-10,False
REC002159,ENU0196,Kerala,72,Male,Primary,None,Not in Labour Force,0,0,2,2025-02-04,False
REC002160,ENU0113,West Bengal,20,Male,Higher Secondary,None,Unemployed,0,0,2,2025-04-01,False
REC002161,ENU0232,West Bengal,38,Female,Higher Secondary,None,Not in Labour Force,0,0,3,2025-06-18,False
REC002162,ENU0175,Punjab,51,Female,Secondary,Shop Assistant,Employed,30,8896,4,2025-04-03,False
REC002163,ENU0041,Uttar Pradesh,51,Male,Primary,None,Not in Labour Force,2,0,2,2025-06-28,False
REC002164,ENU0237,Rajasthan,21,Female,Graduate,Bank Employee,Employed,35,29059,6,2025-02-02,False
REC002165,ENU0096,Tamil Nadu,27,Female,Higher Secondary,Carpenter,Employed,27,8489,3,2025-03-31,False
REC002166,ENU0138,Kerala,16,Male,Graduate,IT Professional,Employed,13,17083,3,2025-05-27,False
REC002167,ENU0173,Bihar,39,Female,Higher Secondary,Carpenter,Employed,54,7592,3,2025-05-31,False
REC002168,ENU0013,Uttar Pradesh,26,Female,Secondary,Factory Worker,Employed,56,15543,5,2025-05-08,False
REC002169,ENU0239,Gujarat,76,Female,Higher Secondary,None,Not in Labour Force,0,0,4,2025-01-01,False
REC002170,ENU0005,Punjab,41,Male,Illiterate,Construction Worker,Employed,43,9077,5,2025-10-22,False
REC002171,ENU0033,Maharashtra,78,Male,Secondary,None,Not in Labour Force,6,0,3,2025-12-04,False
REC002172,ENU0170,Andhra Pradesh,5,Male,Illiterate,None,Not in Labour Force,0,0,3,2025-08-25,False
REC002173,ENU0079,Tamil Nadu,33,Male,Post Graduate,None,Not in Labour Force,9,0,4,2025-05-25,False
REC002174,ENU0036,Madhya Pradesh,11,Female,Primary,None,Not in Labour Force,0,0,5,2025-07-13,False
REC002175,ENU0193,Odisha,48,Female,Secondary,Carpenter,Employed,57,15100,4,2025-09-30,False
REC002176,ENU0230,Gujarat,34,Female,Post Graduate,None,Unemployed,0,0,3,2025-10-01,False
REC002177,ENU0073,Rajasthan,57,Male,Graduate,Teacher,Employed,28,16686,2,2025-11-28,False
REC002178,ENU0190,Kerala,12,Male,Primary,None,Not in Labour Force,0,0,5,2025-04-13,False
REC002179,ENU0041,Madhya Pradesh,77,Female,Graduate,None,Not in Labour Force,0,0,3,2025-01-29,False
REC002180,ENU0055,Bihar,75,Female,Secondary,None,Not in Labour Force,0,0,5,2025-09-09,False
REC002181,ENU0085,Maharashtra,36,Female,Illiterate,None,Not in Labour Force,0,0,1,2025-11-12,False
REC002182,ENU0248,Maharashtra,35,Female,Primary,Domestic Help,Employed,39,3690,1,2025-07-01,False
REC002183,ENU0069,Madhya Pradesh,34,Female,Primary,Agricultural Labourer,Employed,44,5191,1,2025-10-20,False
REC002184,ENU0133,Punjab,22,Female,Higher Secondary,None,Unemployed,0,0,3,2025-02-17,False
REC002185,ENU0098,Bihar,30,Male,Post Graduate,IT Professional,Employed,51,23530,5,2025-01-12,False
REC002186,ENU0018,Telangana,34,Female,Secondary,Factory Worker,Employed,54,9667,10,2025-05-04,False
REC002187,ENU0113,Punjab,51,Female,Higher Secondary,None,Not in Labour Force,0,0,6,2025-01-02,False
REC002188,ENU0163,Gujarat,47,Male,Secondary,Factory Worker,Employed,46,11595,6,2025-01-19,False
REC002189,ENU0144,Karnataka,14,Male,Primary,None,Not in Labour Force,1,0,5,2025-05-16,False
REC002190,ENU0026,Punjab,50,Female,Secondary,None,Not in Labour Force,0,0,3,2025-07-18,False
REC002191,ENU0171,Karnataka,40,Female,Secondary,Carpenter,Employed,44,11302,3,2025-02-20,False
REC002192,ENU0171,Madhya Pradesh,22,Female,Primary,None,Unemployed,0,0,3,2025-07-01,False
REC002193,ENU0003,Odisha,20,Female,Graduate,None,Not in Labour Force,2,0,6,2025-05-08,False
REC002194,ENU0191,Kerala,63,Other,Secondary,None,Not in Labour Force,3,0,7,2025-01-19,False
REC002195,ENU0131,Assam,23,Female,Secondary,None,Not in Labour Force,0,0,3,2025-05-24,False
REC002196,ENU0156,Gujarat,38,Male,Higher Secondary,Technician,Employed,63,24113,6,2025-04-20,False
REC002197,ENU0030,Rajasthan,28,Male,Secondary,None,Unemployed,0,0,2,2025-02-06,False
REC002198,ENU0205,Bihar,34,Female,Higher Secondary,None,Unemployed,0,0,4,2025-02-12,False
REC002199,ENU0211,Karnataka,37,Male,Primary,None,Unemployed,0,0,8,2025-12-05,False
REC002200,ENU0124,Maharashtra,42,Male,Higher Secondary,None,Not in Labour Force,0,0,5,2025-08-19,False
REC002201,ENU0097,Bihar,55,Male,Primary,Street Vendor,Employed,40,3633,3,2025-07-14,False
REC002202,ENU0169,Telangana,45,Female,Secondary,None,Unemployed,0,0,6,2025-12-07,False
REC002203,ENU0005,Karnataka,30,Female,Graduate,IT Professional,Employed,52,87211,3,2025-01-08,False
REC002204,ENU0084,Uttar Pradesh,29,Female,Secondary,Driver,Employed,35,13501,5,2025-07-30,False
REC002205,ENU0201,West Bengal,17,Male,Higher Secondary,None,Not in Labour Force,0,0,8,2025-04-25,False
REC002206,ENU0072,Madhya Pradesh,22,Female,Graduate,None,Not in Labour Force,6,0,6,2025-03-14,False
REC002207,ENU0210,Tamil Nadu,8,Male,Primary,None,Not in Labour Force,0,0,3,2025-04-25,False
REC002208,ENU0195,Kerala,30,Male,Primary,Agricultural Labourer,Employed,40,7171,2,2025-01-21,False
REC002209,ENU0115,Assam,33,Female,Secondary,Carpenter,Employed,49,20092,4,2025-10-07,False
REC002210,ENU0158,Andhra Pradesh,43,Male,Higher Secondary,Technician,Employed,41,21786,2,2025-05-09,False
REC002211,ENU0095,Odisha,10,Female,Primary,None,Not in Labour Force,0,0,6,2025-10-26,False
REC002212,ENU0003,Assam,5,Male,Illiterate,None,Not in Labour Force,5,0,4,2025-06-18,False
REC002213,ENU0116,West Bengal,55,Female,Secondary,None,Not in Labour Force,0,0,2,2025-12-28,False
REC002214,ENU0102,Uttar Pradesh,38,Female,Secondary,None,Not in Labour Force,0,0,4,2025-04-21,False
REC002215,ENU0220,Karnataka,42,Female,Graduate,Bank Employee,Employed,51,40025,9,2025-10-03,False
REC002216,ENU0062,West Bengal,41,Female,Post Graduate,IT Professional,Employed,65,93569,6,2025-05-16,False
REC002217,ENU0151,Karnataka,41,Female,Illiterate,Agricultural Labourer,Employed,22,4083,5,2025-04-23,False
REC002218,ENU0002,Uttar Pradesh,37,Female,Secondary,Factory Worker,Employed,55,13383,8,2025-03-09,False
REC002219,ENU0156,West Bengal,68,Female,Secondary,None,Not in Labour Force,6,0,7,2025-05-20,False
REC002220,ENU0224,Punjab,47,Male,Graduate,Clerk,Employed,57,18979,9,2025-03-07,False
REC002221,ENU0072,West Bengal,35,Male,Higher Secondary,Driver,Employed,38,10434,7,2025-06-29,False
REC002222,ENU0007,Telangana,19,Male,Primary,None,Unemployed,0,0,4,2025-10-31,False
REC002223,ENU0030,Uttar Pradesh,47,Female,Primary,Street Vendor,Employed,23,4290,1,2025-11-20,False
REC002224,ENU0077,Assam,19,Female,Higher Secondary,Carpenter,Employed,61,16561,5,2025-10-17,False
REC002225,ENU0050,Madhya Pradesh,32,Female,Higher Secondary,None,Not in Labour Force,0,0,7,2025-04-15,False
REC002226,ENU0123,Tamil Nadu,39,Male,Secondary,Carpenter,Employed,52,21378,6,2025-12-09,False
REC002227,ENU0233,Punjab,49,Male,Primary,Domestic Help,Employed,52,8168,1,2025-11-04,False
REC002228,ENU0093,West Bengal,56,Female,Higher Secondary,Clerk,Employed,53,20964,5,2025-02-24,False
REC002229,ENU0002,Rajasthan,29,Female,Post Graduate,IT Professional,Employed,48,68226,1,2025-09-13,False
REC002230,ENU0163,Madhya Pradesh,36,Female,Higher Secondary,None,Not in Labour Force,0,0,7,2025-01-26,False
REC002231,ENU0060,Gujarat,41,Male,Primary,Agricultural Labourer,Employed,63,10070,2,2025-10-22,False
REC002232,ENU0003,Punjab,25,Male,Graduate,Teacher,Employed,33,18479,2,2025-04-27,False
REC002233,ENU0151,Bihar,22,Male,Secondary,Driver,Unemployed,0,0,5,2025-11-20,False
REC002234,ENU0071,Tamil Nadu,7,Male,Primary,None,Not in Labour Force,2,0,2,2025-04-26,False
REC002235,ENU0248,Uttar Pradesh,35,Male,Secondary,Shop Assistant,Employed,17,3946,6,2025-04-09,False
REC002236,ENU0027,West Bengal,42,Female,Illiterate,Construction Worker,Employed,53,11339,6,2025-10-28,False
REC002237,ENU0248,Uttar Pradesh,42,Female,Secondary,None,Not in Labour Force,0,0,3,2025-10-29,False
REC002238,ENU0073,Karnataka,27,Male,Primary,Agricultural Labourer,Employed,45,7980,3,2025-03-21,False
REC002239,ENU0020,Bihar,12,Male,Primary,None,Not in Labour Force,0,0,7,2025-11-24,False
REC002240,ENU0157,Gujarat,39,Female,Primary,Agricultural Labourer,Employed,32,5778,8,2025-03-04,False
REC002241,ENU0152,Madhya Pradesh,16,Male,Post Graduate,None,Unemployed,0,0,6,2025-07-28,False
REC002242,ENU0114,Telangana,11,Male,Primary,None,Not in Labour Force,0,0,7,2025-01-02,False
REC002243,ENU0022,Tamil Nadu,30,Female,Secondary,Carpenter,Employed,28,7960,6,2025-05-07,False
REC002244,ENU0109,Telangana,31,Male,Graduate,Teacher,Employed,39,22298,4,2025-09-02,False
REC002245,ENU0173,Bihar,31,Male,Illiterate,Domestic Help,Unemployed,0,0,4,2025-02-05,False
REC002246,ENU0212,Tamil Nadu,39,Male,Secondary,Carpenter,Employed,22,6627,5,2025-04-04,False
REC002247,ENU0019,Karnataka,55,Female,Post Graduate,Engineer,Employed,44,54559,5,2025-04-16,False
REC002248,ENU0150,Andhra Pradesh,5,Male,Illiterate,None,Not in Labour Force,0,0,5,2025-05-26,False
REC002249,ENU0199,Maharashtra,47,Female,Higher Secondary,None,Not in Labour Force,1,0,3,2025-08-10,False
REC002250,ENU0199,Kerala,45,Female,Primary,None,Not in Labour Force,0,0,8,2025-09-05,False
REC002251,ENU0072,West Bengal,73,Female,Higher Secondary,None,Not in Labour Force,0,0,4,2025-04-04,False
REC002252,ENU0010,Odisha,46,Female,Graduate,Bank Employee,Employed,35,36169,3,2025-05-29,False
REC002253,ENU0012,West Bengal,11,Male,Primary,None,Not in Labour Force,0,0,1,2025-10-07,False
REC002254,ENU0119,Kerala,11,Male,Primary,None,Not in Labour Force,0,0,8,2025-04-02,False
REC002255,ENU0127,Madhya Pradesh,27,Female,Secondary,Shop Assistant,Employed,48,12422,7,2025-08-09,False
REC002256,ENU0028,Kerala,79,Male,Primary,None,Not in Labour Force,0,0,4,2025-06-13,False
REC002257,ENU0243,Karnataka,70,Female,Higher Secondary,None,Not in Labour Force,0,0,4,2025-04-06,False
REC002258,ENU0192,Uttar Pradesh,21,Female,Secondary,Factory Worker,Employed,32,7292,1,2025-04-21,False
REC002259,ENU0065,Karnataka,50,Female,Primary,Factory Worker,Employed,61,18769,1,2025-09-09,False
REC002260,ENU0110,Tamil Nadu,46,Male,Higher Secondary,Driver,Employed,32,8679,7,2025-02-09,False
REC002261,ENU0176,Punjab,56,Female,Higher Secondary,None,Not in Labour Force,0,0,3,2025-03-24,False
REC002262,ENU0044,Bihar,43,Female,Primary,Street Vendor,Unemployed,0,0,4,2025-03-23,False
REC002263,ENU0236,Madhya Pradesh,73,Female,Primary,None,Not in Labour Force,7,0,5,2025-05-21,False
REC002264,ENU0096,West Bengal,27,Male,Graduate,Bank Employee,Employed,30,20101,8,2025-10-17,False
REC002265,ENU0230,West Bengal,30,Male,Secondary,Shop Assistant,Employed,31,5505,7,2025-05-25,False
REC002266,ENU0181,West Bengal,12,Female,Primary,None,Not in Labour Force,5,0,5,2025-06-27,False
REC002267,ENU0062,Gujarat,25,Male,Higher Secondary,Shop Assistant,Employed,60,9884,4,2025-02-02,False
REC002268,ENU0239,Punjab,33,Male,Graduate,IT Professional,Employed,36,55885,2,2025-10-31,False
REC002269,ENU0057,Gujarat,36,Female,Secondary,None,Unemployed,0,0,7,2025-12-05,False
REC002270,ENU0229,Madhya Pradesh,47,Female,Higher Secondary,Shop Assistant,Employed,33,8446,1,2025-04-22,False
REC002271,ENU0032,Karnataka,14,Male,Primary,None,Not in Labour Force,0,0,4,2025-01-22,False
REC002272,ENU0070,Bihar,42,Female,Primary,Street Vendor,Unemployed,0,0,9,2025-07-06,False
REC002273,ENU0108,Odisha,42,Male,Secondary,Street Vendor,Employed,48,5614,5,2025-05-10,False
REC002274,ENU0238,Bihar,39,Male,Graduate,Clerk,Unemployed,0,0,4,2025-11-14,False
REC002275,ENU0193,Uttar Pradesh,16,Female,Graduate,IT Professional,Employed,56,66823,7,2025-02-13,False
REC002276,ENU0090,Gujarat,16,Female,Secondary,None,Not in Labour Force,0,0,3,2025-12-28,False
REC002277,ENU0101,West Bengal,8,Male,Primary,None,Not in Labour Force,0,0,7,2025-12-18,False
REC002278,ENU0122,Assam,51,Female,Primary,Construction Worker,Employed,45,10207,6,2025-09-12,False
REC002279,ENU0104,Rajasthan,16,Male,Higher Secondary,Shop Assistant,Employed,37,10017,3,2025-02-23,False
REC002280,ENU0232,Andhra Pradesh,41,Male,Higher Secondary,Technician,Employed,47,20398,4,2025-04-04,False
REC002281,ENU0018,Karnataka,29,Male,Higher Secondary,Shop Assistant,Employed,49,13480,1,2025-12-12,False
REC002282,ENU0131,Gujarat,48,Male,Higher Secondary,Shop Assistant,Employed,42,6982,2,2025-04-27,False
REC002283,ENU0162,Uttar Pradesh,48,Male,Graduate,None,Not in Labour Force,0,0,4,2025-06-03,False
REC002284,ENU0028,Bihar,50,Male,Graduate,Bank Employee,Unemployed,0,0,4,2025-06-13,False
REC002285,ENU0097,Maharashtra,33,Female,Graduate,Clerk,Employed,57,27579,2,2025-09-11,False
REC002286,ENU0177,Karnataka,6,Other,Primary,None,Not in Labour Force,8,0,1,2025-08-05,False
REC002287,ENU0200,Uttar Pradesh,23,Female,Primary,Agricultural Labourer,Employed,60,10998,6,2025-10-27,False
REC002288,ENU0012,Assam,19,Female,Primary,None,Unemployed,0,0,5,2025-11-12,False
REC002289,ENU0032,West Bengal,21,Male,Primary,None,Unemployed,0,0,5,2025-05-12,False
REC002290,ENU0124,Kerala,64,Male,Graduate,Clerk,Employed,59,31044,6,2025-09-10,False
REC002291,ENU0208,Andhra Pradesh,48,Female,Primary,None,Not in Labour Force,2,0,6,2025-12-08,False
REC002292,ENU0011,Bihar,39,Female,Post Graduate,None,Not in Labour Force,0,0,2,2025-04-23,False
REC002293,ENU0123,Rajasthan,44,Female,Higher Secondary,Technician,Employed,59,26561,7,2025-12-04,False
REC002294,ENU0240,Kerala,27,Female,Higher Secondary,Shop Assistant,Employed,23,5900,4,2025-06-20,False
REC002295,ENU0109,Tamil Nadu,42,Female,Primary,Factory Worker,Employed,37,12662,4,2025-10-20,False
REC002296,ENU0138,Andhra Pradesh,17,Female,Graduate,None,Not in Labour Force,4,0,8,2025-09-30,False
REC002297,ENU0177,Bihar,66,Male,Higher Secondary,None,Unemployed,0,0,6,2025-02-18,False
REC002298,ENU0094,Madhya Pradesh,31,Male,Primary,None,Unemployed,0,0,4,2025-12-26,False
REC002299,ENU0140,Punjab,41,Female,Higher Secondary,Driver,Employed,49,13234,2,2025-10-28,False
REC002300,ENU0021,Punjab,10,Female,Primary,None,Not in Labour Force,0,0,7,2025-02-17,False
REC002301,ENU0028,Gujarat,41,Male,Secondary,Driver,Employed,32,7697,3,2025-08-31,False
REC002302,ENU0203,Odisha,9,Female,Primary,None,Not in Labour Force,0,0,8,2025-04-16,False
REC002303,ENU0246,Odisha,61,Female,Secondary,Shop Assistant,Employed,48,11139,2,2025-10-06,False
REC002304,ENU0035,Madhya Pradesh,41,Male,Secondary,Shop Assistant,Employed,43,8243,6,2025-06-15,False
REC002305,ENU0188,Uttar Pradesh,34,Female,Secondary,None,Not in Labour Force,0,0,4,2025-04-06,False
REC002306,ENU0018,Telangana,48,Female,Higher Secondary,None,Not in Labour Force,0,0,4,2025-03-06,False
REC002307,ENU0074,Uttar Pradesh,42,Female,Primary,Factory Worker,Employed,55,11444,4,2025-06-24,False
REC002308,ENU0237,Maharashtra,27,Female,Higher Secondary,None,Unemployed,0,0,1,2025-02-24,False
REC002309,ENU0012,Madhya Pradesh,18,Male,Post Graduate,None,Not in Labour Force,8,0,5,2025-01-03,False
REC002310,ENU0111,Odisha,70,Female,Secondary,None,Not in Labour Force,5,0,5,2025-09-04,False
REC002311,ENU0032,Kerala,44,Female,Higher Secondary,None,Not in Labour Force,0,0,2,2025-12-04,False
REC002312,ENU0128,Karnataka,16,Female,Primary,Construction Worker,Employed,45,9491,4,2025-07-18,False
REC002313,ENU0212,Andhra Pradesh,36,Male,Secondary,Driver,Employed,31,6046,7,2025-10-17,False
REC002314,ENU0197,Tamil Nadu,36,Male,Graduate,Sales Executive,Employed,27,14628,6,2025-04-08,False
REC002315,ENU0074,Tamil Nadu,35,Female,Primary,Factory Worker,Employed,51,12416,3,2025-08-18,False
REC002316,ENU0176,Karnataka,27,Other,Primary,Agricultural Labourer,Employed,52,8847,4,2025-08-01,False
REC002317,ENU0186,Rajasthan,42,Female,Illiterate,None,Not in Labour Force,0,0,3,2025-03-13,False
REC002318,ENU0031,Punjab,86,Male,Secondary,None,Not in Labour Force,0,0,7,2025-10-26,False
REC002319,ENU0049,Tamil Nadu,11,Male,Primary,None,Not in Labour Force,0,0,1,2025-11-22,False
REC002320,ENU0225,Kerala,31,Male,Secondary,Shop Assistant,Employed,41,8403,7,2025-07-07,False
REC002321,ENU0042,Gujarat,41,Female,Graduate,Teacher,Employed,34,22430,8,2025-08-28,False
REC002322,ENU0004,Odisha,22,Male,Secondary,None,Unemployed,0,0,6,2025-11-26,False
REC002323,ENU0082,Maharashtra,12,Male,Primary,None,Not in Labour Force,0,0,6,2025-03-14,False
REC002324,ENU0170,Andhra Pradesh,27,Female,Higher Secondary,None,Not in Labour Force,0,0,5,2025-08-24,False
REC002325,ENU0181,Madhya Pradesh,48,Male,Secondary,Street Vendor,Employed,38,9994,7,2025-12-23,False
REC002326,ENU0125,Punjab,37,Male,Higher Secondary,Driver,Employed,34,11126,3,2025-08-19,False
REC002327,ENU0248,Telangana,48,Male,Higher Secondary,Carpenter,Employed,49,10941,6,2025-12-16,False
REC002328,ENU0184,Andhra Pradesh,10,Male,Primary,None,Not in Labour Force,0,0,3,2025-05-06,False
REC002329,ENU0033,Rajasthan,24,Male,Secondary,None,Unemployed,0,0,1,2025-05-08,False
REC002330,ENU0191,Andhra Pradesh,42,Male,Higher Secondary,Carpenter,Employed,32,10396,3,2025-02-18,False
REC002331,ENU0105,Punjab,28,Male,Primary,Agricultural Labourer,Employed,33,5657,11,2025-07-10,False
REC002332,ENU0242,Maharashtra,54,Male,Secondary,Shop Assistant,Employed,35,10582,4,2025-05-11,False
REC002333,ENU0128,Gujarat,35,Male,Secondary,Carpenter,Employed,51,15370,3,2025-08-19,False
REC002334,ENU0209,Rajasthan,50,Male,Higher Secondary,Driver,Employed,46,12461,3,2025-11-30,False
REC002335,ENU0131,Karnataka,38,Female,Primary,None,Not in Labour Force,0,0,3,2025-03-27,False
REC002336,ENU0055,Rajasthan,11,Male,Primary,None,Not in Labour Force,7,0,5,2025-11-12,False
REC002337,ENU0132,Rajasthan,33,Female,Higher Secondary,Shop Assistant,Employed,30,6058,3,2025-01-18,False
REC002338,ENU0241,Kerala,41,Male,Primary,Agricultural Labourer,Employed,53,8622,6,2025-07-18,False
REC002339,ENU0209,Bihar,61,Male,Graduate,None,Not in Labour Force,0,0,5,2025-11-01,False
REC002340,ENU0068,Maharashtra,-8,Male,Secondary,Driver,Employed,31,6383,4,2025-08-01,True
REC002341,ENU0024,Gujarat,58,Male,Post Graduate,IT Professional,Employed,67,84562,3,2025-04-12,False
REC002342,ENU0153,Bihar,46,Male,Primary,Domestic Help,Employed,50,3106,3,2025-01-16,False
REC002343,ENU0205,Tamil Nadu,39,Female,Post Graduate,Engineer,Employed,57,51620,1,2025-08-25,False
REC002344,ENU0138,Punjab,42,Male,Graduate,IT Professional,Employed,48,71324,2,2025-07-11,False
REC002345,ENU0012,Kerala,40,Male,Secondary,Shop Assistant,Employed,62,14365,5,2025-01-14,False
REC002346,ENU0060,Bihar,45,Female,Higher Secondary,Technician,Unemployed,0,0,1,2025-05-02,False
REC002347,ENU0016,Punjab,39,Female,Higher Secondary,Shop Assistant,Employed,20,4159,6,2025-04-20,False
REC002348,ENU0123,Kerala,72,Female,Graduate,None,Not in Labour Force,0,0,3,2025-09-06,False
REC002349,ENU0037,West Bengal,11,Female,Primary,None,Not in Labour Force,0,0,8,2025-02-01,False
REC002350,ENU0125,Uttar Pradesh,52,Male,Primary,Street Vendor,Employed,46,7091,7,2025-06-26,False
REC002351,ENU0194,Andhra Pradesh,39,Male,Secondary,None,Not in Labour Force,0,0,3,2025-02-12,False
REC002352,ENU0016,Karnataka,5,Female,Illiterate,None,Not in Labour Force,0,0,3,2025-09-10,False
REC002353,ENU0164,Rajasthan,23,Male,Higher Secondary,Carpenter,Employed,45,10099,4,2025-03-02,False
REC002354,ENU0176,Tamil Nadu,22,Female,Illiterate,None,Unemployed,0,0,1,2025-07-12,False
REC002355,ENU0211,Kerala,21,Female,Secondary,None,Not in Labour Force,6,0,4,2025-04-04,False
REC002356,ENU0195,Karnataka,55,Female,Illiterate,None,Not in Labour Force,0,0,5,2025-03-31,False
REC002357,ENU0028,Maharashtra,41,Male,Secondary,Shop Assistant,Employed,34,7269,1,2025-03-26,False
REC002358,ENU0095,Bihar,40,Male,Primary,None,Unemployed,0,0,7,2025-06-11,False
REC002359,ENU0241,Kerala,18,Male,Post Graduate,Engineer,Employed,67,86875,6,2025-03-23,False
REC002360,ENU0024,Tamil Nadu,30,Female,Graduate,Bank Employee,Employed,49,44678,4,2025-11-08,False
REC002361,ENU0136,Maharashtra,72,Female,Secondary,None,Not in Labour Force,4,0,1,2025-05-16,False
REC002362,ENU0226,West Bengal,40,Other,Primary,Agricultural Labourer,Employed,24,5365,3,2025-05-14,False
REC002363,ENU0138,Odisha,28,Male,Graduate,Clerk,Employed,45,9511,3,2025-09-29,False
REC002364,ENU0111,Uttar Pradesh,10,Female,Primary,None,Not in Labour Force,0,0,7,2025-02-23,False
REC002365,ENU0213,Odisha,27,Male,Graduate,None,Not in Labour Force,4,0,1,2025-02-14,False
REC002366,ENU0173,Bihar,52,Female,Graduate,None,Not in Labour Force,0,0,3,2025-01-14,False
REC002367,ENU0032,Odisha,20,Male,Graduate,Clerk,Employed,40,16757,4,2025-04-19,False
REC002368,ENU0067,Maharashtra,47,Female,Primary,Agricultural Labourer,Employed,52,8233,6,2025-12-02,False
REC002369,ENU0117,West Bengal,41,Female,Secondary,Carpenter,Employed,35,7579,2,2025-04-12,False
REC002370,ENU0018,Odisha,31,Male,Primary,None,Unemployed,0,0,2,2025-10-18,False
REC002371,ENU0004,West Bengal,27,Female,Secondary,Factory Worker,Employed,41,11681,5,2025-09-04,False
REC002372,ENU0177,Uttar Pradesh,36,Male,Higher Secondary,Carpenter,Employed,61,14720,1,2025-11-09,False
REC002373,ENU0237,Rajasthan,29,Male,Higher Secondary,None,Not in Labour Force,0,0,7,2025-10-04,False
REC002374,ENU0049,Madhya Pradesh,26,Female,Higher Secondary,Technician,Employed,54,16046,1,2025-01-02,False
REC002375,ENU0047,Andhra Pradesh,10,Female,Primary,None,Not in Labour Force,1,0,3,2025-10-23,False
REC002376,ENU0208,Odisha,16,Male,Primary,None,Unemployed,0,0,3,2025-07-26,False
REC002377,ENU0048,Madhya Pradesh,25,Male,Secondary,Carpenter,Employed,70,19602,7,2025-11-25,False
REC002378,ENU0245,Tamil Nadu,41,Female,Secondary,Shop Assistant,Employed,47,9989,2,2025-07-31,False
REC002379,ENU0130,Bihar,33,Male,Higher Secondary,Carpenter,Employed,36,5540,3,2025-10-07,False
REC002380,ENU0088,Kerala,16,Male,Higher Secondary,Clerk,Employed,44,11885,4,2025-02-08,False
REC002381,ENU0024,Maharashtra,19,Female,Primary,Street Vendor,Employed,44,9110,4,2025-02-01,False
REC002382,ENU0150,Madhya Pradesh,27,Male,Illiterate,None,Unemployed,0,0,6,2025-10-17,False
REC002383,ENU0244,Madhya Pradesh,28,Male,Secondary,None,Unemployed,0,0,4,2025-02-02,False
REC002384,ENU0008,Madhya Pradesh,31,Female,Illiterate,Agricultural Labourer,Employed,53,8296,4,2025-10-25,False
REC002385,ENU0161,Karnataka,56,Female,Secondary,Street Vendor,Employed,48,7128,6,2025-07-31,False
REC002386,ENU0035,Gujarat,36,Male,Higher Secondary,Clerk,Employed,40,10957,5,2025-12-26,False
REC002387,ENU0198,Odisha,15,Female,Secondary,None,Not in Labour Force,0,0,1,2025-12-10,False
REC002388,ENU0110,Maharashtra,12,Male,Primary,None,Not in Labour Force,0,0,6,2025-09-15,False
REC002389,ENU0204,Maharashtra,27,Female,Secondary,Factory Worker,Employed,66,19315,3,2025-12-22,False
REC002390,ENU0092,Andhra Pradesh,28,Male,Primary,Street Vendor,Employed,57,11991,7,2025-09-20,False
REC002391,ENU0210,Bihar,49,Other,Illiterate,Agricultural Labourer,Employed,63,4496,3,2025-05-13,False
REC002392,ENU0191,Madhya Pradesh,68,Male,Secondary,None,Not in Labour Force,4,0,4,2025-03-27,False
REC002393,ENU0200,Kerala,31,Female,Higher Secondary,None,Unemployed,0,0,4,2025-02-27,False
REC002394,ENU0095,Punjab,17,Female,Graduate,None,Not in Labour Force,0,0,8,2025-03-13,False
REC002395,ENU0092,Maharashtra,25,Male,Primary,Factory Worker,Employed,37,8221,5,2025-02-17,False
REC002396,ENU0090,Kerala,15,Male,Graduate,None,Not in Labour Force,0,0,4,2025-02-27,False
REC002397,ENU0147,West Bengal,46,Female,Post Graduate,IT Professional,Employed,43,61461,3,2025-06-08,False
REC002398,ENU0079,Bihar,16,Female,Illiterate,None,Unemployed,0,0,5,2025-12-22,False
REC002399,ENU0235,Telangana,36,Male,Higher Secondary,Driver,Employed,33,8082,2,2025-04-11,False
REC002400,ENU0075,Telangana,23,Male,Secondary,Street Vendor,Employed,57,11288,4,2025-09-10,False
REC002401,ENU0144,Telangana,27,Female,Primary,Domestic Help,Employed,44,3792,4,2025-08-11,False
REC002402,ENU0111,Kerala,42,Female,Primary,Street Vendor,Employed,46,7545,4,2025-06-21,False
REC002403,ENU0079,Andhra Pradesh,27,Male,Primary,Domestic Help,Employed,40,4681,5,2025-06-24,False
REC002404,ENU0090,Tamil Nadu,14,Female,Primary,None,Not in Labour Force,0,0,4,2025-11-13,False
REC002405,ENU0209,West Bengal,81,Female,Primary,None,Not in Labour Force,0,0,3,2025-06-25,False
REC002406,ENU0134,Punjab,44,Male,Graduate,None,Not in Labour Force,0,0,2,2025-06-05,False
REC002407,ENU0011,Rajasthan,14,Female,Primary,None,Not in Labour Force,6,0,6,2025-03-24,False
REC002408,ENU0221,Gujarat,27,Female,Post Graduate,Bank Employee,Employed,37,32312,4,2025-03-09,False
REC002409,ENU0111,Andhra Pradesh,30,Male,Illiterate,Construction Worker,Employed,41,7125,6,2025-01-14,False
REC002410,ENU0203,Gujarat,67,Male,Higher Secondary,None,Not in Labour Force,0,0,7,2025-11-03,False
REC002411,ENU0127,Odisha,26,Female,Primary,None,Unemployed,0,0,4,2025-03-26,False
REC002412,ENU0040,Gujarat,38,Male,Graduate,IT Professional,Employed,26,28182,4,2025-09-16,False
REC002413,ENU0078,Maharashtra,12,Female,Primary,None,Not in Labour Force,0,0,2,2025-04-12,False
REC002414,ENU0065,Gujarat,57,Male,Secondary,None,Not in Labour Force,0,0,5,2025-09-13,False
REC002415,ENU0187,Telangana,60,Female,Graduate,Bank Employee,Employed,47,25202,5,2025-01-30,False
REC002416,ENU0221,West Bengal,31,Male,Primary,Street Vendor,Employed,32,6598,6,2025-03-17,False
REC002417,ENU0083,Karnataka,80,Female,Higher Secondary,None,Not in Labour Force,0,0,8,2025-05-19,False
REC002418,ENU0236,Uttar Pradesh,40,Female,Higher Secondary,None,Not in Labour Force,0,0,5,2025-11-24,False
REC002419,ENU0161,Assam,26,Female,Graduate,Sales Executive,Employed,29,15459,5,2025-08-07,False
REC002420,ENU0023,Telangana,33,Male,Higher Secondary,Clerk,Employed,35,15714,4,2025-04-07,False
REC002421,ENU0012,Bihar,9,Female,Primary,None,Not in Labour Force,0,0,4,2025-10-08,False
REC002422,ENU0001,Telangana,31,Female,Graduate,Teacher,Employed,35,23698,4,2025-11-29,False
REC002423,ENU0116,Assam,72,Female,Graduate,None,Not in Labour Force,7,0,2,2025-03-22,False
REC002424,ENU0018,Uttar Pradesh,75,Male,Graduate,None,Not in Labour Force,0,0,2,2025-12-10,False
REC002425,ENU0063,Tamil Nadu,42,Male,Graduate,Bank Employee,Employed,59,44210,2,2025-03-25,False
REC002426,ENU0021,Assam,8,Male,Primary,None,Not in Labour Force,8,0,4,2025-10-23,False
REC002427,ENU0046,Assam,37,Female,Graduate,Bank Employee,Employed,32,35741,2,2025-02-24,False
REC002428,ENU0095,Gujarat,46,Female,Secondary,Driver,Employed,52,12018,2,2025-08-26,False
REC002429,ENU0072,Andhra Pradesh,14,Female,Primary,None,Not in Labour Force,0,0,4,2025-11-03,False
REC002430,ENU0102,Kerala,44,Female,Higher Secondary,Carpenter,Employed,23,8164,5,2025-09-20,False
REC002431,ENU0155,Gujarat,48,Male,Graduate,Teacher,Employed,33,23234,3,2025-06-25,False
REC002432,ENU0202,Andhra Pradesh,14,Male,Primary,None,Not in Labour Force,2,0,7,2025-03-10,False
REC002433,ENU0130,Karnataka,34,Female,Graduate,None,Not in Labour Force,0,0,6,2025-07-05,False
REC002434,ENU0191,Andhra Pradesh,35,Male,Higher Secondary,None,Unemployed,0,0,9,2025-01-11,False
REC002435,ENU0213,Gujarat,22,Male,Primary,Street Vendor,Employed,53,9657,5,2025-10-09,False
REC002436,ENU0104,Rajasthan,40,Male,Graduate,Clerk,Employed,29,10446,6,2025-08-09,False
REC002437,ENU0065,Odisha,9,Female,Primary,None,Not in Labour Force,0,0,3,2025-05-07,False
REC002438,ENU0010,Andhra Pradesh,30,Female,Graduate,None,Not in Labour Force,0,0,3,2025-10-26,False
REC002439,ENU0159,Uttar Pradesh,20,Male,Illiterate,None,Unemployed,0,0,3,2025-11-08,False
REC002440,ENU0232,Gujarat,12,Female,Primary,None,Not in Labour Force,0,0,2,2025-05-15,False
REC002441,ENU0155,Bihar,29,Female,Secondary,Shop Assistant,Employed,50,4186,1,2025-10-30,False
REC002442,ENU0180,West Bengal,30,Female,Primary,None,Not in Labour Force,0,0,2,2025-08-30,False
REC002443,ENU0009,Assam,41,Female,Illiterate,Agricultural Labourer,Employed,31,3770,4,2025-08-19,False
REC002444,ENU0002,West Bengal,57,Female,Primary,Street Vendor,Employed,45,9675,4,2025-08-29,False
REC002445,ENU0087,Telangana,36,Male,Secondary,Driver,Employed,62,18045,2,2025-12-14,False
REC002446,ENU0137,Telangana,40,Male,Secondary,Street Vendor,Employed,37,7594,3,2025-02-08,False
REC002447,ENU0021,Madhya Pradesh,40,Male,Higher Secondary,Clerk,Employed,53,28412,3,2025-02-09,False
REC002448,ENU0102,Madhya Pradesh,31,Female,Secondary,None,Not in Labour Force,2,0,3,2025-08-12,False
REC002449,ENU0142,Rajasthan,27,Female,Primary,Agricultural Labourer,Employed,47,7656,4,2025-07-25,False
REC002450,ENU0065,Kerala,33,Female,Graduate,Teacher,Employed,26,18091,4,2025-03-31,False
REC002451,ENU0162,Punjab,41,Male,Higher Secondary,None,Not in Labour Force,0,0,4,2025-05-18,False
REC002452,ENU0008,Uttar Pradesh,24,Male,Graduate,None,Unemployed,0,0,5,2025-07-14,False
REC002453,ENU0055,Karnataka,34,Female,Secondary,None,Unemployed,0,0,6,2025-09-05,False
REC002454,ENU0117,West Bengal,38,Male,Post Graduate,IT Professional,Employed,33,27274,5,2025-04-16,False
REC002455,ENU0147,Telangana,69,Female,Graduate,None,Not in Labour Force,1,0,4,2025-09-20,False
REC002456,ENU0243,Odisha,16,Female,Secondary,None,Not in Labour Force,8,0,4,2025-04-25,False
REC002457,ENU0128,Uttar Pradesh,65,Male,Primary,None,Not in Labour Force,0,0,3,2025-01-06,False
REC002458,ENU0005,Odisha,75,Male,Primary,None,Not in Labour Force,0,0,4,2025-07-05,False
REC002459,ENU0139,Tamil Nadu,47,Other,Secondary,None,Not in Labour Force,0,0,4,2025-12-11,False
REC002460,ENU0069,Bihar,45,Male,Illiterate,None,Unemployed,0,0,4,2025-06-20,False
REC002461,ENU0011,Telangana,42,Male,Illiterate,Domestic Help,Employed,47,7095,2,2025-04-21,False
REC002462,ENU0202,Madhya Pradesh,37,Male,Secondary,Carpenter,Employed,57,10706,3,2025-07-19,False
REC002463,ENU0246,Uttar Pradesh,20,Male,Secondary,None,Not in Labour Force,1,0,3,2025-03-04,False
REC002464,ENU0200,Andhra Pradesh,24,Female,Secondary,None,Unemployed,0,0,3,2025-01-17,False
REC002465,ENU0149,Tamil Nadu,30,Male,Secondary,None,Unemployed,0,0,3,2025-12-20,False
REC002466,ENU0082,Assam,33,Female,Secondary,None,Not in Labour Force,0,0,5,2025-12-30,False
REC002467,ENU0083,Rajasthan,52,Male,Higher Secondary,None,Not in Labour Force,0,0,3,2025-08-19,False
REC002468,ENU0226,Assam,72,Female,Higher Secondary,None,Not in Labour Force,0,0,6,2025-01-08,False
REC002469,ENU0096,Telangana,37,Male,Secondary,None,Not in Labour Force,0,0,2,2025-12-05,False
REC002470,ENU0197,Karnataka,42,Female,Higher Secondary,Technician,Employed,43,18671,3,2025-09-13,False
REC002471,ENU0225,Kerala,72,Male,Secondary,None,Not in Labour Force,0,0,6,2025-03-01,False
REC002472,ENU0060,Madhya Pradesh,65,Female,Secondary,None,Not in Labour Force,0,0,2,2025-06-23,False
REC002473,ENU0198,West Bengal,33,Male,Illiterate,Construction Worker,Employed,51,12479,8,2025-05-06,False
REC002474,ENU0048,Bihar,39,Male,Graduate,Teacher,Employed,42,7792,5,2025-10-26,False
REC002475,ENU0165,Karnataka,50,Female,Primary,Construction Worker,Employed,31,4195,7,2025-11-21,False
REC002476,ENU0039,Telangana,38,Female,Illiterate,Domestic Help,Employed,55,6753,4,2025-10-16,False
REC002477,ENU0074,Rajasthan,80,Female,Higher Secondary,None,Not in Labour Force,0,0,7,2025-06-15,False
REC002478,ENU0224,Maharashtra,55,Female,Secondary,Street Vendor,Employed,25,3715,3,2025-04-26,False
REC002479,ENU0126,Punjab,48,Female,Secondary,Street Vendor,Employed,58,10499,5,2025-06-14,False
REC002480,ENU0017,Rajasthan,16,Female,Primary,Construction Worker,Employed,23,5096,3,2025-06-24,False
REC002481,ENU0107,West Bengal,33,Male,Secondary,None,Unemployed,0,0,4,2025-05-07,False
REC002482,ENU0003,Punjab,10,Female,Primary,None,Not in Labour Force,4,0,2,2025-04-17,False
REC002483,ENU0140,Tamil Nadu,9,Male,Primary,None,Not in Labour Force,0,0,7,2025-01-06,False
REC002484,ENU0222,Tamil Nadu,34,Male,Secondary,Carpenter,Employed,37,8461,4,2025-06-11,False
REC002485,ENU0129,West Bengal,12,Male,Primary,None,Not in Labour Force,0,0,4,2025-01-01,False
REC002486,ENU0045,West Bengal,29,Male,Primary,Domestic Help,Employed,43,4882,4,2025-12-02,False
REC002487,ENU0061,Madhya Pradesh,24,Male,Secondary,None,Not in Labour Force,0,0,1,2025-06-14,False
REC002488,ENU0108,Kerala,78,Male,Illiterate,None,Not in Labour Force,0,0,5,2025-02-05,False
REC002489,ENU0190,Odisha,50,Male,Higher Secondary,Driver,Employed,48,13287,6,2025-01-22,False
REC002490,ENU0013,Uttar Pradesh,24,Male,Higher Secondary,None,Not in Labour Force,0,0,5,2025-07-10,False
REC002491,ENU0115,Assam,44,Male,Secondary,Carpenter,Employed,60,14165,3,2025-10-06,False
REC002492,ENU0182,Telangana,43,Female,Primary,Street Vendor,Employed,16,2804,1,2025-04-30,False
REC002493,ENU0090,Madhya Pradesh,33,Female,Higher Secondary,None,Not in Labour Force,0,0,4,2025-03-23,False
REC002494,ENU0247,Bihar,20,Female,Post Graduate,Bank Employee,Unemployed,0,0,3,2025-03-22,False
REC002495,ENU0112,West Bengal,69,Male,Higher Secondary,None,Not in Labour Force,0,0,3,2025-08-01,False
REC002496,ENU0106,Karnataka,65,Male,Primary,None,Not in Labour Force,0,0,4,2025-06-23,False
REC002497,ENU0147,Tamil Nadu,33,Female,Secondary,None,Unemployed,0,0,6,2025-06-02,False
REC002498,ENU0242,Karnataka,66,Female,Graduate,None,Not in Labour Force,0,0,1,2025-02-18,False
REC002499,ENU0074,Tamil Nadu,12,Male,Primary,None,Not in Labour Force,8,0,7,2025-12-07,False
REC002500,ENU0185,Andhra Pradesh,53,Male,Higher Secondary,Driver,Employed,36,9435,6,2025-11-22,False
REC002501,ENU0085,Gujarat,40,Female,Graduate,Teacher,Employed,59,32838,2,2025-12-16,False
REC002502,ENU0121,Uttar Pradesh,27,Male,Illiterate,Street Vendor,Employed,66,8563,4,2025-03-13,False
REC002503,ENU0028,Maharashtra,31,Female,Higher Secondary,Carpenter,Employed,35,6818,4,2025-12-24,False
REC002504,ENU0038,Rajasthan,60,Female,Secondary,Carpenter,Employed,13,3758,5,2025-12-15,False
REC002505,ENU0166,Telangana,31,Female,Higher Secondary,Clerk,Employed,50,26539,5,2025-06-15,False
REC002506,ENU0218,West Bengal,43,Female,Higher Secondary,Clerk,Employed,62,21012,7,2025-07-24,False
REC002507,ENU0073,Kerala,45,Male,Graduate,IT Professional,Employed,21,31259,5,2025-05-26,False
REC002508,ENU0043,Tamil Nadu,17,Female,Secondary,None,Unemployed,0,0,3,2025-07-03,False
REC002509,ENU0166,Gujarat,38,Male,Graduate,None,Unemployed,0,0,1,2025-03-24,False
REC002510,ENU0037,Uttar Pradesh,36,Female,Primary,Domestic Help,Employed,52,6238,3,2025-02-27,False
REC002511,ENU0036,Odisha,31,Male,Primary,Domestic Help,Employed,39,3621,6,2025-11-06,False
REC002512,ENU0225,Madhya Pradesh,33,Female,Primary,Street Vendor,Employed,50,9293,8,2025-04-24,False
REC002513,ENU0184,Tamil Nadu,42,Male,Secondary,Shop Assistant,Employed,39,9776,4,2025-06-01,False
REC002514,ENU0207,Rajasthan,35,Male,Higher Secondary,None,Not in Labour Force,130,0,4,2025-09-23,True
REC002515,ENU0009,Gujarat,43,Male,Graduate,IT Professional,Employed,54,74604,4,2025-03-01,False
REC002516,ENU0134,Madhya Pradesh,22,Male,Post Graduate,None,Not in Labour Force,0,0,5,2025-06-11,False
REC002517,ENU0006,Bihar,49,Female,Primary,Agricultural Labourer,Unemployed,0,0,5,2025-02-02,False
REC002518,ENU0204,Assam,40,Female,Illiterate,Agricultural Labourer,Employed,47,8306,2,2025-03-19,False
REC002519,ENU0152,Andhra Pradesh,24,Male,Secondary,Factory Worker,Employed,66,15335,6,2025-07-21,False
REC002520,ENU0052,Kerala,47,Male,Post Graduate,IT Professional,Employed,51,56444,3,2025-08-03,False
REC002521,ENU0220,Telangana,42,Female,Higher Secondary,Driver,Employed,34,8674,6,2025-08-14,False
REC002522,ENU0035,Rajasthan,35,Male,Graduate,Bank Employee,Employed,51,46238,6,2025-02-08,False
REC002523,ENU0159,West Bengal,8,Male,Primary,None,Not in Labour Force,5,0,3,2025-10-14,False
REC002524,ENU0026,Tamil Nadu,27,Female,Illiterate,Construction Worker,Employed,62,11259,1,2025-07-31,False
REC002525,ENU0150,Uttar Pradesh,27,Female,Primary,Construction Worker,Employed,48,6184,6,2025-01-07,False
REC002526,ENU0150,Odisha,18,Male,Secondary,Factory Worker,Employed,45,11500,3,2025-08-24,False
REC002527,ENU0159,Rajasthan,33,Male,Post Graduate,None,Not in Labour Force,0,0,4,2025-01-30,False
REC002528,ENU0165,Bihar,44,Male,Secondary,Street Vendor,Employed,53,2668,4,2025-10-16,False
REC002529,ENU0229,Odisha,31,Female,Primary,None,Unemployed,0,0,6,2025-12-04,False
REC002530,ENU0167,Assam,29,Male,Primary,Agricultural Labourer,Employed,49,7873,3,2025-05-07,False
REC002531,ENU0235,Bihar,18,Male,Illiterate,Construction Worker,Unemployed,0,0,3,2025-11-11,False
REC002532,ENU0181,Odisha,27,Male,Post Graduate,Teacher,Employed,35,20059,2,2025-10-21,False
REC002533,ENU0142,Andhra Pradesh,66,Female,Primary,None,Not in Labour Force,0,0,3,2025-04-06,False
REC002534,ENU0058,Rajasthan,51,Female,Secondary,None,Not in Labour Force,2,0,5,2025-07-26,False
REC002535,ENU0103,Tamil Nadu,11,Female,Primary,None,Not in Labour Force,0,0,6,2025-11-10,False
REC002536,ENU0117,Assam,26,Female,Graduate,Clerk,Employed,48,24914,1,2025-12-11,False
REC002537,ENU0102,Telangana,41,Male,Higher Secondary,Driver,Employed,40,11908,5,2025-03-29,False
REC002538,ENU0110,Gujarat,16,Female,Graduate,IT Professional,Employed,25,28910,1,2025-05-19,False
REC002539,ENU0166,Andhra Pradesh,21,Male,Secondary,Street Vendor,Employed,59,9755,1,2025-03-05,False
REC002540,ENU0030,Telangana,24,Female,Graduate,Sales Executive,Employed,23,12997,4,2025-10-31,False
REC002541,ENU0066,Assam,41,Male,Higher Secondary,None,Not in Labour Force,3,0,6,2025-01-16,False
REC002542,ENU0218,Maharashtra,35,Male,Illiterate,Agricultural Labourer,Employed,48,8557,2,2025-03-14,False
REC002543,ENU0085,Madhya Pradesh,34,Male,Higher Secondary,Carpenter,Employed,56,20280,1,2025-03-25,False
REC002544,ENU0081,Andhra Pradesh,55,Female,Post Graduate,Government Officer,Employed,41,28308,3,2025-09-07,False
REC002545,ENU0045,Rajasthan,35,Female,Graduate,Teacher,Employed,22,9343,7,2025-03-21,False
REC002546,ENU0244,Tamil Nadu,32,Female,Higher Secondary,Technician,Employed,48,20869,7,2025-05-21,False
REC002547,ENU0090,Punjab,29,Male,Higher Secondary,Shop Assistant,Employed,34,7037,1,2025-06-14,False
REC002548,ENU0063,Rajasthan,5,Male,Illiterate,None,Not in Labour Force,0,0,3,2025-03-17,False
REC002549,ENU0087,Maharashtra,43,Male,Primary,Factory Worker,Employed,66,18486,1,2025-08-09,False
REC002550,ENU0102,Andhra Pradesh,23,Male,Secondary,Driver,Employed,61,14080,6,2025-01-17,False
REC002551,ENU0020,Rajasthan,28,Female,Secondary,Shop Assistant,Employed,45,10155,1,2025-10-09,False
REC002552,ENU0248,Kerala,51,Female,Secondary,Driver,Employed,33,9800,5,2025-08-19,False
REC002553,ENU0136,Andhra Pradesh,61,Male,Graduate,IT Professional,Employed,47,38024,4,2025-11-25,False
REC002554,ENU0174,Odisha,71,Female,Higher Secondary,None,Not in Labour Force,1,0,8,2025-11-11,False
REC002555,ENU0188,Madhya Pradesh,19,Male,Graduate,Teacher,Employed,34,12535,5,2025-03-31,False
REC002556,ENU0119,Tamil Nadu,52,Female,Higher Secondary,None,Not in Labour Force,0,0,6,2025-05-30,False
REC002557,ENU0021,Gujarat,37,Male,Graduate,None,Unemployed,0,0,8,2025-10-11,False
REC002558,ENU0230,Uttar Pradesh,23,Male,Graduate,None,Unemployed,0,0,4,2025-07-20,False
REC002559,ENU0229,Rajasthan,23,Male,Secondary,Driver,Employed,48,17746,6,2025-04-04,False
REC002560,ENU0149,Madhya Pradesh,14,Male,Primary,None,Not in Labour Force,0,0,8,2025-01-07,False
REC002561,ENU0067,Andhra Pradesh,50,Female,Secondary,Street Vendor,Employed,66,9797,3,2025-02-06,False
REC002562,ENU0005,Karnataka,44,Female,Primary,Domestic Help,Employed,42,6780,4,2025-09-09,False
REC002563,ENU0247,Odisha,40,Male,Illiterate,Construction Worker,Employed,58,10607,3,2025-11-25,False
REC002564,ENU0018,Assam,35,Female,Primary,None,Not in Labour Force,0,0,3,2025-01-31,False
REC002565,ENU0191,Odisha,21,Female,Primary,Agricultural Labourer,Employed,25,4347,7,2025-05-10,False
REC002566,ENU0098,Punjab,76,Female,Graduate,None,Not in Labour Force,0,0,3,2025-12-03,False
REC002567,ENU0158,Gujarat,61,Male,Secondary,None,Not in Labour Force,1,0,5,2025-09-27,False
REC002568,ENU0173,Gujarat,19,Female,Primary,None,Unemployed,0,0,2,2025-08-07,False
REC002569,ENU0026,Maharashtra,54,Female,Secondary,Carpenter,Employed,43,11450,2,2025-02-15,False
REC002570,ENU0142,Tamil Nadu,33,Male,Graduate,None,Unemployed,0,0,2,2025-05-14,False
REC002571,ENU0103,Uttar Pradesh,44,Female,Secondary,Shop Assistant,Employed,41,9439,5,2025-09-25,False
REC002572,ENU0113,Assam,17,Female,Higher Secondary,None,Not in Labour Force,5,0,8,2025-12-28,False
REC002573,ENU0162,Punjab,78,Male,Post Graduate,None,Not in Labour Force,0,0,3,2025-05-08,False
REC002574,ENU0024,Odisha,17,Female,Secondary,Driver,Employed,34,13488,5,2025-06-04,False
REC002575,ENU0029,Maharashtra,20,Male,Graduate,IT Professional,Employed,130,53043,4,2025-02-09,True
REC002576,ENU0109,Punjab,11,Male,Primary,None,Not in Labour Force,0,0,5,2025-12-09,False
REC002577,ENU0196,Karnataka,16,Female,Higher Secondary,Shop Assistant,Employed,36,7558,4,2025-07-23,False
REC002578,ENU0239,Karnataka,31,Female,Graduate,Teacher,Employed,34,14131,3,2025-05-22,False
REC002579,ENU0221,Gujarat,36,Female,Post Graduate,IT Professional,Employed,66,89403,3,2025-09-11,False
REC002580,ENU0181,Odisha,31,Female,Illiterate,Street Vendor,Employed,43,8107,7,2025-05-20,False
REC002581,ENU0130,Madhya Pradesh,37,Female,Secondary,Driver,Employed,53,12316,10,2025-05-27,False
REC002582,ENU0164,Madhya Pradesh,37,Female,Secondary,Shop Assistant,Employed,71,18297,91,2025-04-09,True
REC002583,ENU0114,Odisha,40,Female,Graduate,Sales Executive,Employed,41,12814,6,2025-08-05,False
REC002584,ENU0129,Kerala,20,Male,Graduate,None,Not in Labour Force,9,0,2,2025-03-18,False
REC002585,ENU0246,Maharashtra,48,Male,Graduate,Teacher,Employed,53,25664,5,2025-08-18,False
REC002586,ENU0152,Uttar Pradesh,66,Female,Primary,None,Not in Labour Force,9,0,5,2025-11-05,False
REC002587,ENU0082,Assam,71,Female,Graduate,None,Not in Labour Force,0,0,5,2025-03-21,False
REC002588,ENU0147,Punjab,13,Male,Primary,None,Not in Labour Force,0,0,6,2025-01-29,False
REC002589,ENU0086,Gujarat,28,Male,Graduate,IT Professional,Employed,52,74943,2,2025-07-01,False
REC002590,ENU0191,Odisha,14,Male,Primary,None,Not in Labour Force,0,0,3,2025-09-13,False
REC002591,ENU0136,Maharashtra,56,Male,Secondary,Driver,Employed,50,10214,6,2025-11-29,False
REC002592,ENU0003,Punjab,25,Male,Primary,None,Not in Labour Force,0,0,12,2025-02-22,False
REC002593,ENU0144,Tamil Nadu,52,Male,Post Graduate,Doctor,Employed,49,96898,4,2025-11-10,False
REC002594,ENU0014,Madhya Pradesh,61,Female,Higher Secondary,None,Not in Labour Force,0,0,5,2025-06-06,False
REC002595,ENU0035,Madhya Pradesh,40,Female,Post Graduate,None,Not in Labour Force,0,0,4,2025-10-01,False
REC002596,ENU0078,Odisha,22,Male,Secondary,None,Unemployed,0,0,4,2025-04-12,False
REC002597,ENU0095,Assam,27,Male,Illiterate,Agricultural Labourer,Employed,38,4102,6,2025-09-22,False
REC002598,ENU0165,Gujarat,19,Male,Higher Secondary,None,Not in Labour Force,0,0,6,2025-09-03,False
REC002599,ENU0145,Assam,7,Female,Primary,None,Not in Labour Force,8,0,3,2025-12-02,False
REC002600,ENU0240,Gujarat,20,Male,Graduate,None,Unemployed,0,0,2,2025-07-06,False
REC002601,ENU0032,Maharashtra,46,Female,Post Graduate,None,Unemployed,0,0,2,2025-08-04,False
REC002602,ENU0120,Assam,34,Female,Secondary,Factory Worker,Employed,58,10312,3,2025-10-02,False
REC002603,ENU0138,Tamil Nadu,49,Male,Secondary,None,Not in Labour Force,8,0,4,2025-03-23,False
REC002604,ENU0216,Rajasthan,30,Female,Graduate,None,Not in Labour Force,6,0,2,2025-07-06,False
REC002605,ENU0107,Telangana,16,Male,Illiterate,Street Vendor,Employed,32,5494,5,2025-06-04,False
REC002606,ENU0024,Madhya Pradesh,53,Female,Secondary,Street Vendor,Employed,38,7024,5,2025-05-14,False
REC002607,ENU0238,Odisha,70,Male,Graduate,None,Not in Labour Force,0,0,4,2025-12-04,False
REC002608,ENU0240,Andhra Pradesh,23,Female,Primary,Agricultural Labourer,Employed,70,14818,6,2025-05-21,False
REC002609,ENU0047,West Bengal,9,Male,Primary,None,Not in Labour Force,0,0,1,2025-08-18,False
REC002610,ENU0183,West Bengal,50,Male,Primary,Factory Worker,Employed,21,4564,3,2025-03-10,False
REC002611,ENU0187,Telangana,57,Female,Secondary,Driver,Employed,48,10223,2,2025-05-24,False
REC002612,ENU0169,Maharashtra,38,Male,Secondary,Factory Worker,Employed,62,9689,3,2025-07-08,False
REC002613,ENU0198,Tamil Nadu,33,Female,Post Graduate,Doctor,Employed,29,61914,4,2025-07-23,False
REC002614,ENU0112,Rajasthan,49,Female,Primary,Factory Worker,Employed,48,8541,6,2025-03-23,False
REC002615,ENU0170,West Bengal,61,Female,Higher Secondary,None,Not in Labour Force,0,0,1,2025-09-15,False
REC002616,ENU0013,West Bengal,31,Female,Secondary,Factory Worker,Employed,18,4651,1,2025-05-08,False
REC002617,ENU0240,Madhya Pradesh,34,Male,Secondary,Carpenter,Employed,30,13446,5,2025-08-28,False
REC002618,ENU0230,Karnataka,27,Female,Primary,None,Unemployed,0,0,8,2025-03-05,False
REC002619,ENU0017,Tamil Nadu,28,Male,Illiterate,Street Vendor,Employed,54,10787,2,2025-12-14,False
REC002620,ENU0247,Madhya Pradesh,66,Male,Graduate,None,Not in Labour Force,0,0,3,2025-11-02,False
REC002621,ENU0047,Assam,35,Male,Graduate,None,Unemployed,0,0,5,2025-07-31,False
REC002622,ENU0018,Odisha,41,Male,Higher Secondary,Technician,Employed,65,34119,3,2025-05-23,False
REC002623,ENU0082,Assam,34,Male,Secondary,Street Vendor,Employed,41,5007,3,2025-12-04,False
REC002624,ENU0224,West Bengal,40,Female,Higher Secondary,Carpenter,Employed,48,14841,6,2025-03-12,False
REC002625,ENU0036,Punjab,25,Female,Graduate,None,Not in Labour Force,0,0,1,2025-03-13,False
REC002626,ENU0240,Uttar Pradesh,34,Female,Primary,None,Not in Labour Force,0,0,1,2025-01-19,False
REC002627,ENU0183,West Bengal,31,Male,Primary,Construction Worker,Employed,43,9823,4,2025-11-07,False
REC002628,ENU0248,Odisha,26,Female,Post Graduate,Engineer,Employed,53,42423,5,2025-05-19,False
REC002629,ENU0241,Odisha,40,Male,Secondary,Driver,Employed,44,11829,6,2025-09-16,False
REC002630,ENU0183,Bihar,6,Female,Primary,None,Not in Labour Force,5,0,2,2025-03-11,False
REC002631,ENU0222,Maharashtra,34,Male,Graduate,None,Not in Labour Force,9,0,4,2025-03-11,False
REC002632,ENU0075,Madhya Pradesh,34,Male,Graduate,Clerk,Employed,40,18574,4,2025-06-22,False
REC002633,ENU0038,Gujarat,9,Male,Primary,None,Not in Labour Force,0,0,10,2025-05-22,False
REC002634,ENU0087,Gujarat,16,Male,Secondary,None,Not in Labour Force,0,0,6,2025-09-22,False
REC002635,ENU0123,Madhya Pradesh,14,Female,Primary,None,Not in Labour Force,0,0,4,2025-07-24,False
REC002636,ENU0032,Tamil Nadu,37,Male,Higher Secondary,Driver,Employed,33,7605,7,2025-01-09,False
REC002637,ENU0145,Maharashtra,27,Male,Secondary,Street Vendor,Employed,64,10053,6,2025-01-16,False
REC002638,ENU0120,West Bengal,47,Male,Higher Secondary,Carpenter,Employed,35,10118,4,2025-09-14,False
REC002639,ENU0030,Uttar Pradesh,19,Female,Secondary,None,Unemployed,0,0,2,2025-01-01,False
REC002640,ENU0036,West Bengal,16,Female,Higher Secondary,None,Not in Labour Force,0,0,2,2025-10-01,False
REC002641,ENU0028,Kerala,25,Male,Primary,Agricultural Labourer,Employed,63,9491,5,2025-03-14,False
REC002642,ENU0083,West Bengal,57,Male,Secondary,Carpenter,Employed,50,13448,4,2025-08-28,False
REC002643,ENU0040,Assam,21,Male,Higher Secondary,Carpenter,Employed,39,17323,5,2025-04-25,False
REC002644,ENU0149,Telangana,-10,Male,Primary,Factory Worker,Employed,57,13048,3,2025-10-23,True
REC002645,ENU0209,Madhya Pradesh,26,Male,Secondary,Street Vendor,Employed,40,6158,6,2025-05-23,False
REC002646,ENU0051,Maharashtra,58,Male,Primary,Domestic Help,Employed,39,4877,4,2025-11-19,False
REC002647,ENU0075,Andhra Pradesh,20,Male,Higher Secondary,None,Unemployed,0,0,4,2025-01-22,False
REC002648,ENU0127,Tamil Nadu,7,Other,Primary,None,Not in Labour Force,9,0,3,2025-09-03,False
REC002649,ENU0075,Telangana,51,Female,Primary,Factory Worker,Employed,39,10905,4,2025-05-14,False
REC002650,ENU0240,Uttar Pradesh,52,Male,Secondary,Driver,Employed,50,14143,5,2025-03-26,False
REC002651,ENU0191,Assam,79,Female,Higher Secondary,None,Not in Labour Force,0,0,2,2025-04-26,False
REC002652,ENU0049,Punjab,39,Female,Primary,Street Vendor,Employed,51,10370,4,2025-04-18,False
REC002653,ENU0207,Karnataka,54,Male,Higher Secondary,Driver,Employed,44,9395,5,2025-06-03,False
REC002654,ENU0138,Odisha,17,Female,Secondary,None,Not in Labour Force,0,0,3,2025-03-18,False
REC002655,ENU0168,Rajasthan,37,Male,Higher Secondary,Driver,Employed,57,10625,5,2025-09-05,False
REC002656,ENU0043,Maharashtra,48,Male,Graduate,Sales Executive,Employed,48,25322,1,2025-01-31,False
REC002657,ENU0151,Kerala,6,Female,Primary,None,Not in Labour Force,0,0,7,2025-08-11,False
REC002658,ENU0079,Bihar,35,Male,Secondary,Factory Worker,Employed,42,4528,4,2025-02-26,False
REC002659,ENU0077,Assam,23,Male,Secondary,Street Vendor,Employed,32,6975,8,2025-08-17,False
REC002660,ENU0102,Maharashtra,9,Male,Primary,None,Not in Labour Force,0,0,3,2025-03-05,False
REC002661,ENU0216,Telangana,33,Female,Graduate,None,Unemployed,0,0,4,2025-09-14,False
REC002662,ENU0206,Punjab,50,Female,Primary,Agricultural Labourer,Employed,40,4551,5,2025-02-13,False
REC002663,ENU0246,Odisha,44,Female,Graduate,Bank Employee,Employed,45,51389,6,2025-02-03,False
REC002664,ENU0125,Karnataka,29,Male,Illiterate,Street Vendor,Employed,29,6192,1,2025-10-20,False
REC002665,ENU0241,Madhya Pradesh,77,Male,Higher Secondary,None,Not in Labour Force,6,0,3,2025-07-14,False
REC002666,ENU0003,Punjab,79,Female,Higher Secondary,None,Not in Labour Force,0,0,1,2025-11-08,False
REC002667,ENU0158,Telangana,37,Male,Primary,None,Unemployed,0,0,1,2025-03-29,False
REC002668,ENU0198,Gujarat,24,Male,Graduate,Teacher,Employed,58,34305,2,2025-10-06,False
REC002669,ENU0032,Odisha,13,Female,Primary,None,Not in Labour Force,0,0,3,2025-05-10,False
REC002670,ENU0191,Tamil Nadu,23,Female,Primary,None,Unemployed,0,0,1,2025-12-26,False
REC002671,ENU0146,Andhra Pradesh,17,Male,Primary,None,Not in Labour Force,0,0,1,2025-01-31,False
REC002672,ENU0032,Punjab,58,Male,Higher Secondary,Driver,Employed,35,7577,2,2025-03-17,False
REC002673,ENU0249,Andhra Pradesh,14,Male,Primary,None,Not in Labour Force,6,0,4,2025-03-25,False
REC002674,ENU0176,Maharashtra,30,Female,Higher Secondary,None,Not in Labour Force,0,0,4,2025-10-26,False
REC002675,ENU0203,Tamil Nadu,59,Male,Secondary,None,Not in Labour Force,0,0,7,2025-07-21,False
REC002676,ENU0003,Gujarat,34,Female,Illiterate,Agricultural Labourer,Employed,38,7107,1,2025-08-19,False
REC002677,ENU0136,Kerala,28,Male,Primary,Factory Worker,Employed,46,10429,7,2025-06-26,False
REC002678,ENU0245,Madhya Pradesh,38,Male,Higher Secondary,Driver,Employed,54,14918,4,2025-04-03,False
REC002679,ENU0164,Maharashtra,39,Female,Secondary,Street Vendor,Employed,38,4858714,4,2025-11-20,True
REC002680,ENU0070,Telangana,53,Female,Primary,Domestic Help,Employed,44,5991,4,2025-06-26,False
REC002681,ENU0139,Punjab,39,Male,Post Graduate,Engineer,Employed,51,79188,5,2025-01-11,False
REC002682,ENU0082,Tamil Nadu,48,Male,Primary,Construction Worker,Employed,44,6798,5,2025-04-29,False
REC002683,ENU0003,Punjab,58,Female,Graduate,Teacher,Employed,24,10991,9,2025-03-27,False
REC002684,ENU0103,Gujarat,32,Female,Graduate,Sales Executive,Employed,47,3349726,6,2025-10-14,True
REC002685,ENU0020,Telangana,79,Male,Secondary,None,Not in Labour Force,7,0,3,2025-11-30,False
REC002686,ENU0174,Karnataka,69,Female,Secondary,None,Not in Labour Force,9,0,6,2025-02-04,False
REC002687,ENU0215,Odisha,32,Male,Post Graduate,Teacher,Employed,42,21834,3,2025-03-07,False
REC002688,ENU0194,Tamil Nadu,7,Female,Primary,None,Not in Labour Force,0,0,4,2025-02-04,False
REC002689,ENU0225,Andhra Pradesh,55,Female,Higher Secondary,None,Not in Labour Force,0,0,6,2025-02-13,False
REC002690,ENU0112,Madhya Pradesh,32,Female,Primary,Street Vendor,Employed,58,11544,7,2025-11-27,False
REC002691,ENU0226,Telangana,73,Female,Higher Secondary,None,Not in Labour Force,0,0,2,2025-09-25,False
REC002692,ENU0017,Rajasthan,37,Female,Higher Secondary,None,Unemployed,0,0,3,2025-06-10,False
REC002693,ENU0224,Assam,81,Male,Higher Secondary,None,Not in Labour Force,0,0,6,2025-09-21,False
REC002694,ENU0011,Uttar Pradesh,32,Male,Higher Secondary,None,Not in Labour Force,0,0,5,2025-05-11,False
REC002695,ENU0061,Bihar,46,Male,Higher Secondary,Clerk,Employed,45,8143,5,2025-09-28,False
REC002696,ENU0197,Andhra Pradesh,32,Female,Higher Secondary,None,Unemployed,0,0,2,2025-12-04,False
REC002697,ENU0146,Madhya Pradesh,37,Male,Secondary,Shop Assistant,Employed,29,6679,9,2025-07-21,False
REC002698,ENU0067,Tamil Nadu,11,Male,Primary,None,Not in Labour Force,0,0,5,2025-07-03,False
REC002699,ENU0209,Telangana,29,Female,Graduate,Teacher,Employed,42,25361,4,2025-02-24,False
REC002700,ENU0077,Punjab,67,Male,Primary,None,Not in Labour Force,6,0,1,2025-02-12,False
REC002701,ENU0137,Telangana,54,Male,Primary,Factory Worker,Employed,58,10153,5,2025-11-07,False
REC002702,ENU0192,Telangana,63,Female,Secondary,None,Not in Labour Force,0,0,5,2025-04-23,False
REC002703,ENU0165,Punjab,8,Female,Primary,None,Not in Labour Force,0,0,5,2025-12-05,False
REC002704,ENU0202,Maharashtra,20,Female,Graduate,IT Professional,Employed,47,80124,7,2025-10-27,False
REC002705,ENU0219,Andhra Pradesh,40,Male,Post Graduate,Teacher,Employed,46,29288,3,2025-04-17,False
REC002706,ENU0193,Bihar,11,Female,Primary,None,Unemployed,0,0,2,2025-05-07,False
REC002707,ENU0064,West Bengal,65,Male,Primary,Agricultural Labourer,Employed,36,5159,3,2025-12-08,False
REC002708,ENU0156,Odisha,40,Female,Secondary,None,Not in Labour Force,0,0,4,2025-08-26,False
REC002709,ENU0242,Madhya Pradesh,42,Male,Secondary,Shop Assistant,Employed,32,4569,3,2025-12-17,False
REC002710,ENU0166,Karnataka,30,Female,Graduate,Bank Employee,Employed,45,32191,7,2025-09-27,False
REC002711,ENU0068,Madhya Pradesh,36,Female,Secondary,Street Vendor,Employed,49,6345,5,2025-07-27,False
REC002712,ENU0025,Tamil Nadu,37,Male,Higher Secondary,Shop Assistant,Employed,44,10679,2,2025-05-11,False
REC002713,ENU0088,Rajasthan,9,Female,Primary,None,Not in Labour Force,0,0,4,2025-11-17,False
REC002714,ENU0132,Telangana,14,Male,Primary,None,Not in Labour Force,0,0,5,2025-08-06,False
REC002715,ENU0053,Assam,37,Male,Secondary,Driver,Employed,24,5056,4,2025-08-14,False
REC002716,ENU0134,Uttar Pradesh,40,Female,Higher Secondary,Shop Assistant,Employed,37,9559,2,2025-06-05,False
REC002717,ENU0021,Bihar,9,Male,Primary,None,Not in Labour Force,0,0,3,2025-03-14,False
REC002718,ENU0032,Rajasthan,10,Male,Primary,None,Not in Labour Force,0,0,5,2025-10-18,False
REC002719,ENU0236,Tamil Nadu,37,Female,Graduate,Clerk,Employed,42,20354,6,2025-08-15,False
REC002720,ENU0081,Maharashtra,33,Male,Graduate,Clerk,Employed,41,15846,5,2025-07-02,False
REC002721,ENU0110,Odisha,13,Male,Primary,None,Not in Labour Force,0,0,3,2025-06-02,False
REC002722,ENU0212,Andhra Pradesh,46,Male,Secondary,Street Vendor,Employed,38,6802,7,2025-04-06,False
REC002723,ENU0128,Odisha,60,Female,Graduate,None,Not in Labour Force,0,0,6,2025-11-20,False
REC002724,ENU0192,Uttar Pradesh,27,Male,Primary,Domestic Help,Employed,26,2728,5,2025-09-18,False
REC002725,ENU0032,Madhya Pradesh,30,Female,Graduate,None,Not in Labour Force,0,0,2,2025-01-09,False
REC002726,ENU0031,Odisha,34,Male,Secondary,None,Not in Labour Force,0,0,2,2025-02-23,False
REC002727,ENU0199,Bihar,35,Female,Primary,Construction Worker,Employed,29,1516,1,2025-04-21,False
REC002728,ENU0008,Kerala,26,Female,Graduate,None,Unemployed,0,0,5,2025-02-16,False
REC002729,ENU0156,West Bengal,48,Male,Higher Secondary,Driver,Employed,34,9831,1,2025-07-04,False
REC002730,ENU0019,Maharashtra,11,Male,Primary,None,Not in Labour Force,3,0,6,2025-10-20,False
REC002731,ENU0201,Madhya Pradesh,41,Male,Higher Secondary,None,Not in Labour Force,0,0,6,2025-01-14,False
REC002732,ENU0112,Karnataka,36,Female,Primary,Construction Worker,Employed,39,8866,7,2025-11-11,False
REC002733,ENU0153,Gujarat,30,Female,Graduate,None,Not in Labour Force,0,0,2,2025-09-17,False
REC002734,ENU0177,Karnataka,41,Male,Higher Secondary,Clerk,Employed,61,30024,2,2025-02-10,False
REC002735,ENU0205,Maharashtra,40,Female,Illiterate,None,Not in Labour Force,0,0,3,2025-12-07,False
REC002736,ENU0022,Madhya Pradesh,24,Male,Secondary,Shop Assistant,Employed,65,14703,4,2025-11-03,False
REC002737,ENU0194,Odisha,14,Male,Primary,None,Not in Labour Force,0,0,6,2025-07-08,False
REC002738,ENU0007,Tamil Nadu,19,Female,Secondary,Shop Assistant,Employed,39,7618,3,2025-11-14,False
REC002739,ENU0187,Bihar,12,Male,Primary,None,Not in Labour Force,0,0,3,2025-10-20,False
REC002740,ENU0227,Kerala,58,Male,Secondary,Street Vendor,Employed,42,7288,7,2025-03-27,False
REC002741,ENU0128,Odisha,10,Male,Primary,None,Not in Labour Force,0,0,5,2025-08-17,False
REC002742,ENU0126,Gujarat,32,Female,Secondary,Shop Assistant,Employed,57,13890,5,2025-03-18,False
REC002743,ENU0051,Bihar,66,Male,Higher Secondary,None,Not in Labour Force,0,0,6,2025-08-15,False
REC002744,ENU0107,Karnataka,6,Female,Primary,None,Not in Labour Force,0,0,2,2025-04-14,False
REC002745,ENU0146,Karnataka,41,Male,Primary,Construction Worker,Employed,60,14578,8,2025-06-28,False
REC002746,ENU0145,Maharashtra,24,Male,Primary,None,Unemployed,0,0,3,2025-04-22,False
REC002747,ENU0212,Odisha,29,Female,Secondary,Carpenter,Employed,22,7333,6,2025-04-17,False
REC002748,ENU0178,West Bengal,77,Male,Higher Secondary,None,Not in Labour Force,0,0,5,2025-05-26,False
REC002749,ENU0199,Punjab,40,Female,Illiterate,Street Vendor,Employed,34,3989,6,2025-11-16,False
REC002750,ENU0169,Kerala,32,Male,Post Graduate,None,Unemployed,0,0,3,2025-06-08,False
REC002751,ENU0179,Andhra Pradesh,47,Other,Secondary,Street Vendor,Employed,40,8700,2,2025-10-03,False
REC002752,ENU0058,Assam,10,Male,Primary,None,Not in Labour Force,0,0,3,2025-10-17,False
REC002753,ENU0111,Odisha,51,Male,Secondary,Factory Worker,Employed,40,12658,8,2025-03-20,False
REC002754,ENU0050,Rajasthan,35,Female,Illiterate,None,Not in Labour Force,0,0,5,2025-02-18,False
REC002755,ENU0236,Andhra Pradesh,38,Male,Secondary,Factory Worker,Employed,42,7951,6,2025-01-21,False
REC002756,ENU0095,Telangana,64,Male,Illiterate,None,Not in Labour Force,0,0,2,2025-12-25,False
REC002757,ENU0054,Gujarat,30,Female,Graduate,Teacher,Employed,47,23664,5,2025-02-05,False
REC002758,ENU0096,Uttar Pradesh,64,Female,Secondary,None,Not in Labour Force,0,0,6,2025-10-25,False
REC002759,ENU0228,Andhra Pradesh,56,Female,Primary,None,Not in Labour Force,5,0,6,2025-10-18,False
REC002760,ENU0027,Telangana,33,Female,Illiterate,None,Unemployed,0,0,3,2025-08-13,False
REC002761,ENU0096,Maharashtra,62,Female,Primary,None,Not in Labour Force,5,0,3,2025-05-15,False
REC002762,ENU0100,Uttar Pradesh,27,Male,Illiterate,Domestic Help,Employed,46,7110,9,2025-07-23,False
REC002763,ENU0073,Uttar Pradesh,78,Male,Illiterate,None,Not in Labour Force,0,0,2,2025-01-23,False
REC002764,ENU0208,Assam,74,Female,Higher Secondary,None,Not in Labour Force,3,0,4,2025-12-15,False
REC002765,ENU0079,West Bengal,11,Male,Primary,None,Not in Labour Force,0,0,4,2025-08-20,False
REC002766,ENU0220,Tamil Nadu,59,Male,Graduate,Bank Employee,Employed,34,26468,6,2025-12-14,False
REC002767,ENU0168,Odisha,17,Male,Post Graduate,None,Not in Labour Force,0,0,2,2025-01-01,False
REC002768,ENU0136,Andhra Pradesh,39,Male,Post Graduate,IT Professional,Employed,47,70380,7,2025-12-17,False
REC002769,ENU0077,Maharashtra,26,Male,Graduate,Teacher,Employed,42,18902,5,2025-11-01,False
REC002770,ENU0248,Punjab,9,Female,Primary,None,Not in Labour Force,0,0,6,2025-03-28,False
REC002771,ENU0120,Assam,27,Male,Secondary,Driver,Employed,14,5342,6,2025-09-27,False
REC002772,ENU0133,Telangana,20,Male,Higher Secondary,Shop Assistant,Employed,57,13280,3,2025-01-24,False
REC002773,ENU0171,Kerala,42,Female,Higher Secondary,Carpenter,Employed,57,15401,7,2025-10-25,False
REC002774,ENU0182,Tamil Nadu,44,Male,Graduate,Bank Employee,Employed,50,63095,6,2025-01-04,False
REC002775,ENU0243,Maharashtra,18,Male,Graduate,Teacher,Employed,41,22567,2,2025-02-19,False
REC002776,ENU0080,West Bengal,34,Female,Post Graduate,Bank Employee,Employed,57,56608,9,2025-03-29,False
REC002777,ENU0107,Odisha,31,Female,Graduate,None,Unemployed,0,0,2,2025-06-25,False
REC002778,ENU0160,Andhra Pradesh,39,Male,Illiterate,Construction Worker,Employed,60,16473,5,2025-09-02,False
REC002779,ENU0194,Assam,44,Female,Graduate,IT Professional,Employed,51,53833,5,2025-06-23,False
REC002780,ENU0064,Gujarat,38,Female,Higher Secondary,Driver,Employed,37,10305,3,2025-04-11,False
REC002781,ENU0198,Telangana,42,Male,Secondary,Shop Assistant,Employed,36,5605,6,2025-07-18,False
REC002782,ENU0009,Bihar,65,Male,Secondary,None,Unemployed,0,0,4,2025-01-07,False
REC002783,ENU0198,Assam,16,Male,Post Graduate,Engineer,Employed,47,75561,4,2025-04-12,False
REC002784,ENU0212,Telangana,45,Female,Secondary,Driver,Employed,28,8703,4,2025-01-24,False
REC002785,ENU0108,Andhra Pradesh,79,Female,Post Graduate,None,Not in Labour Force,6,0,5,2025-02-05,False
REC002786,ENU0149,Rajasthan,29,Female,Secondary,None,Unemployed,0,0,4,2025-06-20,False
REC002787,ENU0085,Bihar,31,Female,Primary,Agricultural Labourer,Unemployed,0,0,2,2025-01-14,False
REC002788,ENU0248,Telangana,32,Male,Secondary,Factory Worker,Employed,39,8195,4,2025-05-27,False
REC002789,ENU0069,Andhra Pradesh,65,Male,Higher Secondary,Clerk,Employed,50,18596,2,2025-01-16,False
REC002790,ENU0163,Rajasthan,40,Male,Graduate,None,Not in Labour Force,0,0,7,2025-10-31,False
REC002791,ENU0029,Uttar Pradesh,150,Female,Graduate,Sales Executive,Employed,40,26822,3,2025-04-17,True
REC002792,ENU0107,Andhra Pradesh,44,Female,Secondary,None,Not in Labour Force,0,0,6,2025-02-20,False
REC002793,ENU0063,Andhra Pradesh,30,Male,Illiterate,Agricultural Labourer,Employed,42,5669,6,2025-06-07,False
REC002794,ENU0179,Assam,57,Male,Higher Secondary,None,Not in Labour Force,0,0,4,2025-12-27,False
REC002795,ENU0084,Telangana,13,Male,Primary,None,Not in Labour Force,8,0,6,2025-07-29,False
REC002796,ENU0053,Tamil Nadu,34,Female,Secondary,Carpenter,Employed,48,14829,4,2025-07-17,False
REC002797,ENU0249,Gujarat,17,Male,Secondary,None,Not in Labour Force,0,0,4,2025-06-19,False
REC002798,ENU0078,Bihar,54,Male,Primary,Agricultural Labourer,Unemployed,0,0,1,2025-09-01,False
REC002799,ENU0178,Gujarat,27,Male,Primary,Construction Worker,Employed,33,6010,1,2025-10-12,False
REC002800,ENU0224,Telangana,34,Male,Secondary,Driver,Employed,53,13090,2,2025-06-10,False
REC002801,ENU0021,Telangana,32,Male,Secondary,None,Not in Labour Force,8,0,3,2025-08-21,False
REC002802,ENU0225,West Bengal,47,Male,Secondary,Carpenter,Employed,50,16642,5,2025-11-13,False
REC002803,ENU0085,Rajasthan,35,Male,Graduate,None,Unemployed,0,0,2,2025-04-21,False
REC002804,ENU0129,Andhra Pradesh,22,Female,Higher Secondary,None,Unemployed,0,0,5,2025-11-15,False
REC002805,ENU0167,Punjab,30,Female,Primary,Construction Worker,Employed,18,3595,5,2025-06-22,False
REC002806,ENU0213,Gujarat,34,Female,Higher Secondary,Driver,Employed,50,15121,1,2025-06-22,False
REC002807,ENU0162,Punjab,72,Female,Graduate,None,Not in Labour Force,1,0,4,2025-08-21,False
REC002808,ENU0050,Gujarat,32,Female,Illiterate,Agricultural Labourer,Employed,40,6177,6,2025-05-28,False
REC002809,ENU0023,Karnataka,69,Male,Higher Secondary,None,Not in Labour Force,0,0,6,2025-02-21,False
REC002810,ENU0006,Odisha,29,Male,Graduate,IT Professional,Employed,67,90818,3,2025-05-25,False
REC002811,ENU0060,Andhra Pradesh,64,Male,Higher Secondary,None,Not in Labour Force,0,0,1,2025-04-30,False
REC002812,ENU0134,Uttar Pradesh,13,Female,Primary,None,Not in Labour Force,0,0,2,2025-10-04,False
REC002813,ENU0053,Bihar,47,Female,Primary,Domestic Help,Employed,52,3219,10,2025-02-14,False
REC002814,ENU0146,Karnataka,46,Female,Higher Secondary,None,Not in Labour Force,0,0,4,2025-09-11,False
REC002815,ENU0213,Bihar,42,Male,Higher Secondary,Technician,Employed,37,4236,4,2025-09-28,False
REC002816,ENU0129,Assam,5,Female,Illiterate,None,Not in Labour Force,0,0,3,2025-12-24,False
REC002817,ENU0107,Kerala,39,Male,Secondary,Factory Worker,Employed,32,7848,5,2025-08-22,False
REC002818,ENU0070,Andhra Pradesh,10,Male,Primary,None,Not in Labour Force,0,0,3,2025-08-04,False
REC002819,ENU0204,West Bengal,40,Male,Secondary,Carpenter,Employed,40,8580,6,2025-04-19,False
REC002820,ENU0073,West Bengal,35,Male,Primary,Factory Worker,Employed,26,6797,4,2025-03-26,False
REC002821,ENU0238,West Bengal,56,Male,Illiterate,None,Not in Labour Force,0,0,4,2025-03-11,False
REC002822,ENU0089,Gujarat,51,Male,Primary,Street Vendor,Employed,41,8968,5,2025-08-08,False
REC002823,ENU0058,Andhra Pradesh,54,Female,Graduate,Teacher,Employed,68,38245,3,2025-03-13,False
REC002824,ENU0164,Madhya Pradesh,40,Male,Higher Secondary,Shop Assistant,Employed,50,2300877,3,2025-05-15,True
REC002825,ENU0153,Andhra Pradesh,51,Male,Primary,None,Not in Labour Force,0,0,1,2025-09-15,False
REC002826,ENU0232,Gujarat,61,Female,Secondary,None,Not in Labour Force,2,0,2,2025-03-21,False
REC002827,ENU0079,Karnataka,34,Female,Secondary,None,Unemployed,0,0,1,2025-12-15,False
REC002828,ENU0051,Odisha,29,Male,Higher Secondary,None,Not in Labour Force,0,0,4,2025-12-10,False
REC002829,ENU0039,West Bengal,48,Female,Secondary,None,Not in Labour Force,0,0,9,2025-02-18,False
REC002830,ENU0045,Maharashtra,80,Male,Graduate,None,Not in Labour Force,8,0,2,2025-03-31,False
REC002831,ENU0065,Bihar,50,Female,Primary,Factory Worker,Unemployed,0,0,7,2025-01-23,False
REC002832,ENU0110,Madhya Pradesh,31,Male,Higher Secondary,Technician,Employed,61,25532,7,2025-03-30,False
REC002833,ENU0035,West Bengal,31,Male,Graduate,Bank Employee,Employed,55,49076,3,2025-12-14,False
REC002834,ENU0188,Madhya Pradesh,43,Female,Illiterate,Street Vendor,Employed,48,7191,1,2025-01-18,False
REC002835,ENU0106,West Bengal,38,Female,Graduate,IT Professional,Employed,51,68919,5,2025-09-11,False
REC002836,ENU0025,Assam,32,Female,Primary,Domestic Help,Employed,50,9750,4,2025-02-26,False
REC002837,ENU0034,Gujarat,35,Female,Higher Secondary,None,Not in Labour Force,0,0,2,2025-09-24,False
REC002838,ENU0065,Rajasthan,43,Male,Graduate,Bank Employee,Employed,28,28027,7,2025-01-09,False
REC002839,ENU0027,Punjab,22,Male,Higher Secondary,None,Unemployed,0,0,3,2025-05-31,False
REC002840,ENU0065,Karnataka,73,Male,Higher Secondary,None,Not in Labour Force,0,0,3,2025-03-08,False
REC002841,ENU0030,Kerala,38,Male,Primary,None,Not in Labour Force,0,0,2,2025-08-18,False
REC002842,ENU0120,Telangana,39,Male,Higher Secondary,Shop Assistant,Employed,35,5381,3,2025-12-17,False
REC002843,ENU0111,Rajasthan,26,Female,Primary,None,Unemployed,0,0,3,2025-09-12,False
REC002844,ENU0200,Andhra Pradesh,47,Female,Secondary,Shop Assistant,Employed,35,8920,5,2025-10-16,False
REC002845,ENU0199,Uttar Pradesh,30,Male,Higher Secondary,Technician,Employed,41,12951,2,2025-08-25,False
REC002846,ENU0121,Punjab,63,Male,Post Graduate,None,Not in Labour Force,0,0,5,2025-05-17,False
REC002847,ENU0059,Tamil Nadu,11,Male,Primary,None,Not in Labour Force,0,0,6,2025-09-07,False
REC002848,ENU0067,Assam,46,Male,Secondary,Street Vendor,Employed,20,3521,5,2025-03-23,False
REC002849,ENU0108,Rajasthan,23,Male,Graduate,None,Unemployed,0,0,3,2025-11-08,False
REC002850,ENU0227,Maharashtra,29,Male,Higher Secondary,Clerk,Employed,56,20833,2,2025-01-01,False
REC002851,ENU0070,Tamil Nadu,22,Male,Post Graduate,None,Not in Labour Force,4,0,1,2025-08-14,False
REC002852,ENU0244,Odisha,16,Male,Primary,Construction Worker,Employed,27,5763,3,2025-06-04,False
REC002853,ENU0227,Assam,30,Female,Graduate,Bank Employee,Employed,39,38152,2,2025-07-19,False
REC002854,ENU0122,Karnataka,43,Male,Graduate,Teacher,Employed,51,30008,5,2025-11-09,False
REC002855,ENU0143,Punjab,56,Male,Secondary,Shop Assistant,Employed,55,10578,6,2025-02-02,False
REC002856,ENU0083,Telangana,65,Male,Graduate,None,Not in Labour Force,0,0,3,2025-03-09,False
REC002857,ENU0129,Bihar,57,Female,Graduate,None,Not in Labour Force,0,0,4,2025-06-23,False
REC002858,ENU0007,Karnataka,41,Female,Secondary,None,Unemployed,0,0,2,2025-04-13,False
REC002859,ENU0129,West Bengal,10,Male,Primary,None,Not in Labour Force,0,0,4,2025-07-24,False
REC002860,ENU0036,Andhra Pradesh,21,Male,Illiterate,Street Vendor,Employed,58,12890,2,2025-03-24,False
REC002861,ENU0131,Gujarat,16,Male,Primary,None,Not in Labour Force,0,0,4,2025-06-08,False
REC002862,ENU0095,Karnataka,42,Female,Primary,Street Vendor,Employed,72,13292,2,2025-12-14,False
REC002863,ENU0021,Madhya Pradesh,76,Male,Secondary,None,Not in Labour Force,7,0,3,2025-03-18,False
REC002864,ENU0033,Maharashtra,31,Female,Secondary,Factory Worker,Employed,54,12299,3,2025-01-12,False
REC002865,ENU0205,Maharashtra,28,Male,Secondary,None,Not in Labour Force,0,0,3,2025-09-17,False
REC002866,ENU0078,Bihar,72,Male,Graduate,None,Unemployed,0,0,5,2025-05-04,False
REC002867,ENU0102,Assam,78,Male,Illiterate,None,Not in Labour Force,8,0,9,2025-03-12,False
REC002868,ENU0013,West Bengal,34,Male,Graduate,Bank Employee,Employed,51,48934,5,2025-06-15,False
REC002869,ENU0200,Uttar Pradesh,37,Female,Higher Secondary,Shop Assistant,Employed,26,4268,3,2025-01-18,False
REC002870,ENU0242,Bihar,37,Female,Illiterate,None,Not in Labour Force,0,0,6,2025-09-30,False
REC002871,ENU0003,Assam,35,Female,Secondary,Factory Worker,Employed,38,9718,5,2025-10-21,False
REC002872,ENU0028,Telangana,23,Male,Graduate,None,Unemployed,0,0,9,2025-10-05,False
REC002873,ENU0238,Madhya Pradesh,68,Male,Graduate,None,Not in Labour Force,0,0,4,2025-07-28,False
REC002874,ENU0011,Maharashtra,63,Male,Graduate,None,Not in Labour Force,0,0,2,2025-07-18,False
REC002875,ENU0228,Gujarat,55,Male,Primary,Agricultural Labourer,Employed,46,7184,5,2025-09-05,False
REC002876,ENU0030,Kerala,31,Female,Secondary,None,Not in Labour Force,0,0,1,2025-07-17,False
REC002877,ENU0027,Uttar Pradesh,88,Female,Secondary,None,Not in Labour Force,0,0,2,2025-04-22,False
REC002878,ENU0138,Maharashtra,16,Other,Higher Secondary,Carpenter,Employed,40,9199,3,2025-04-20,False
REC002879,ENU0023,Maharashtra,46,Female,Higher Secondary,None,Not in Labour Force,0,0,4,2025-11-06,False
REC002880,ENU0119,Telangana,19,Male,Primary,Agricultural Labourer,Employed,37,6632,1,2025-12-08,False
REC002881,ENU0214,Maharashtra,37,Male,Higher Secondary,Carpenter,Employed,27,9252,1,2025-06-05,False
REC002882,ENU0201,Punjab,39,Female,Primary,Factory Worker,Employed,37,6955,2,2025-05-23,False
REC002883,ENU0119,Rajasthan,47,Male,Primary,Domestic Help,Employed,49,8202,1,2025-07-18,False
REC002884,ENU0042,Uttar Pradesh,53,Female,Graduate,Teacher,Employed,41,19943,5,2025-08-01,False
REC002885,ENU0109,Punjab,31,Male,Secondary,Driver,Employed,50,17463,4,2025-08-18,False
REC002886,ENU0074,Assam,36,Male,Primary,Construction Worker,Employed,35,8497,3,2025-01-09,False
REC002887,ENU0107,Andhra Pradesh,23,Male,Primary,Construction Worker,Employed,28,4608,3,2025-04-18,False
REC002888,ENU0103,Karnataka,46,Female,Secondary,Driver,Employed,44,9527,5,2025-02-13,False
REC002889,ENU0229,Gujarat,35,Female,Higher Secondary,Clerk,Employed,39,12483,5,2025-06-03,False
REC002890,ENU0250,Karnataka,38,Female,Secondary,None,Not in Labour Force,0,0,2,2025-02-28,False
REC002891,ENU0134,Andhra Pradesh,5,Male,Illiterate,None,Not in Labour Force,0,0,2,2025-11-01,False
REC002892,ENU0110,Punjab,47,Female,Secondary,Factory Worker,Employed,38,10513,3,2025-10-21,False
REC002893,ENU0124,Madhya Pradesh,28,Female,Secondary,None,Unemployed,0,0,5,2025-03-08,False
REC002894,ENU0076,Bihar,52,Female,Post Graduate,Engineer,Unemployed,0,0,4,2025-04-22,False
REC002895,ENU0179,Odisha,7,Female,Primary,None,Not in Labour Force,6,0,3,2025-10-22,False
REC002896,ENU0125,Odisha,26,Male,Secondary,Factory Worker,Employed,49,13370,5,2025-01-11,False
REC002897,ENU0115,Punjab,13,Male,Primary,None,Not in Labour Force,0,0,3,2025-10-09,False
REC002898,ENU0185,Rajasthan,16,Male,Higher Secondary,None,Not in Labour Force,7,0,5,2025-06-22,False
REC002899,ENU0066,Karnataka,40,Male,Secondary,Carpenter,Employed,40,11560,7,2025-01-12,False
REC002900,ENU0176,Telangana,71,Female,Graduate,None,Not in Labour Force,0,0,5,2025-04-26,False
REC002901,ENU0153,Tamil Nadu,39,Female,Higher Secondary,Carpenter,Employed,43,12689,5,2025-03-28,False
REC002902,ENU0211,Andhra Pradesh,37,Female,Secondary,None,Not in Labour Force,3,0,6,2025-06-05,False
REC002903,ENU0083,Telangana,56,Male,Post Graduate,Bank Employee,Employed,41,51642,8,2025-08-20,False
REC002904,ENU0188,Tamil Nadu,31,Male,Post Graduate,Doctor,Employed,39,79699,5,2025-12-10,False
REC002905,ENU0226,Tamil Nadu,41,Other,Primary,Domestic Help,Employed,34,3849,12,2025-07-28,False
REC002906,ENU0088,Rajasthan,11,Female,Primary,None,Not in Labour Force,0,0,7,2025-07-24,False
REC002907,ENU0035,Madhya Pradesh,34,Male,Secondary,Carpenter,Employed,53,13200,5,2025-08-03,False
REC002908,ENU0204,Andhra Pradesh,12,Male,Primary,None,Not in Labour Force,0,0,10,2025-07-28,False
REC002909,ENU0106,Assam,78,Female,Post Graduate,None,Not in Labour Force,0,0,7,2025-01-13,False
REC002910,ENU0079,Rajasthan,54,Female,Secondary,Shop Assistant,Employed,36,7090,2,2025-05-21,False
REC002911,ENU0098,Tamil Nadu,31,Male,Illiterate,Street Vendor,Employed,46,9833,3,2025-09-28,False
REC002912,ENU0028,Rajasthan,16,Female,Higher Secondary,None,Not in Labour Force,1,0,3,2025-10-18,False
REC002913,ENU0040,Gujarat,16,Female,Post Graduate,Engineer,Employed,58,83571,3,2025-04-11,False
REC002914,ENU0190,Punjab,38,Male,Higher Secondary,Clerk,Employed,18,6869,8,2025-06-03,False
REC002915,ENU0096,Rajasthan,18,Female,Post Graduate,None,Unemployed,0,0,4,2025-04-02,False
REC002916,ENU0119,Madhya Pradesh,39,Female,Post Graduate,Engineer,Employed,43,59308,5,2025-10-19,False
REC002917,ENU0176,Madhya Pradesh,82,Male,Illiterate,None,Not in Labour Force,0,0,4,2025-05-28,False
REC002918,ENU0124,Telangana,25,Male,Secondary,Factory Worker,Employed,37,9483,3,2025-02-20,False
REC002919,ENU0158,Telangana,42,Female,Illiterate,Domestic Help,Employed,36,4506,5,2025-07-10,False
REC002920,ENU0029,Telangana,51,Female,Higher Secondary,None,Employed,0,3262843,4,2025-12-31,True
REC002921,ENU0198,Tamil Nadu,18,Female,Secondary,Shop Assistant,Employed,40,8685,5,2025-02-24,False
REC002922,ENU0135,Assam,8,Female,Primary,None,Not in Labour Force,0,0,2,2025-11-05,False
REC002923,ENU0128,Uttar Pradesh,40,Female,Post Graduate,Government Officer,Employed,47,37450,5,2025-03-18,False
REC002924,ENU0130,Maharashtra,42,Male,Graduate,IT Professional,Employed,43,77385,6,2025-10-02,False
REC002925,ENU0108,Kerala,19,Female,Higher Secondary,Clerk,Employed,29,9449,5,2025-04-27,False
REC002926,ENU0088,Uttar Pradesh,19,Female,Primary,None,Not in Labour Force,0,0,4,2025-10-23,False
REC002927,ENU0025,Maharashtra,56,Female,Graduate,None,Not in Labour Force,0,0,3,2025-12-31,False
REC002928,ENU0064,Andhra Pradesh,42,Female,Secondary,Factory Worker,Employed,58,7103,6,2025-12-08,False
REC002929,ENU0215,Odisha,42,Female,Graduate,Sales Executive,Employed,40,12294,6,2025-08-16,False
REC002930,ENU0243,Punjab,35,Male,Secondary,Street Vendor,Employed,58,6717,2,2025-10-17,False
REC002931,ENU0046,Rajasthan,16,Male,Graduate,IT Professional,Employed,69,82506,1,2025-12-01,False
REC002932,ENU0196,Odisha,44,Male,Primary,None,Not in Labour Force,1,0,3,2025-05-19,False
REC002933,ENU0131,Karnataka,8,Female,Primary,None,Not in Labour Force,0,0,3,2025-12-23,False
REC002934,ENU0032,Assam,51,Male,Secondary,Carpenter,Employed,60,16806,3,2025-12-05,False
REC002935,ENU0164,Maharashtra,37,Female,Secondary,Driver,Employed,70,21927,4,2025-04-04,False
REC002936,ENU0029,Andhra Pradesh,25,Male,Primary,None,Employed,0,4125778,5,2025-10-28,True
REC002937,ENU0208,Punjab,43,Male,Graduate,Teacher,Employed,30,15717,4,2025-05-15,False
REC002938,ENU0107,Telangana,30,Male,Secondary,Shop Assistant,Employed,27,6488,4,2025-03-11,False
REC002939,ENU0024,West Bengal,40,Female,Primary,Factory Worker,Employed,53,18971,1,2025-07-24,False
REC002940,ENU0057,Telangana,16,Female,Higher Secondary,None,Unemployed,0,0,1,2025-12-25,False
REC002941,ENU0165,Bihar,24,Female,Secondary,None,Unemployed,0,0,4,2025-03-04,False
REC002942,ENU0026,Bihar,50,Female,Higher Secondary,Shop Assistant,Unemployed,0,0,5,2025-03-29,False
REC002943,ENU0007,Telangana,37,Female,Higher Secondary,Carpenter,Employed,45,11951,3,2025-10-24,False
REC002944,ENU0056,Tamil Nadu,52,Female,Secondary,Carpenter,Employed,39,10950,3,2025-07-18,False
REC002945,ENU0114,Tamil Nadu,38,Female,Primary,Street Vendor,Employed,40,5897,3,2025-06-02,False
REC002946,ENU0116,Kerala,39,Female,Higher Secondary,Carpenter,Employed,25,8543,2,2025-01-02,False
REC002947,ENU0159,Odisha,16,Female,Primary,None,Unemployed,0,0,5,2025-07-09,False
REC002948,ENU0054,Uttar Pradesh,11,Female,Primary,None,Not in Labour Force,0,0,6,2025-09-03,False
REC002949,ENU0117,Kerala,32,Male,Graduate,IT Professional,Employed,74,77261,6,2025-10-10,False
REC002950,ENU0169,Odisha,65,Male,Graduate,None,Not in Labour Force,0,0,6,2025-03-26,False
REC002951,ENU0194,Kerala,43,Female,Higher Secondary,None,Not in Labour Force,0,0,5,2025-09-04,False
REC002952,ENU0118,Karnataka,52,Male,Primary,None,Not in Labour Force,0,0,4,2025-07-05,False
REC002953,ENU0022,Uttar Pradesh,35,Male,Post Graduate,Teacher,Employed,47,31610,2,2025-12-02,False
REC002954,ENU0060,Tamil Nadu,79,Female,Secondary,None,Not in Labour Force,0,0,7,2025-06-06,False
REC002955,ENU0003,Tamil Nadu,16,Other,Post Graduate,Bank Employee,Employed,45,36772,2,2025-05-31,False
REC002956,ENU0222,West Bengal,25,Female,Higher Secondary,Carpenter,Employed,48,13708,5,2025-07-17,False
REC002957,ENU0103,Assam,39,Female,Secondary,Street Vendor,Employed,43,8330,5,2025-07-11,False
REC002958,ENU0143,Madhya Pradesh,51,Male,Secondary,Shop Assistant,Employed,38,6296,3,2025-02-15,False
REC002959,ENU0054,Andhra Pradesh,75,Male,Higher Secondary,None,Not in Labour Force,0,0,3,2025-01-30,False
REC002960,ENU0226,Kerala,24,Male,Secondary,Carpenter,Employed,55,15506,8,2025-07-05,False
REC002961,ENU0093,Rajasthan,73,Male,Primary,None,Not in Labour Force,7,0,2,2025-10-10,False
REC002962,ENU0197,Andhra Pradesh,29,Male,Graduate,Bank Employee,Employed,25,28086,5,2025-10-25,False
REC002963,ENU0005,Gujarat,47,Female,Graduate,Clerk,Employed,23,8313,5,2025-05-30,False
REC002964,ENU0246,Kerala,30,Male,Primary,Street Vendor,Employed,43,9064,2,2025-01-29,False
REC002965,ENU0247,Andhra Pradesh,17,Male,Higher Secondary,None,Unemployed,0,0,5,2025-08-31,False
REC002966,ENU0018,Punjab,26,Female,Illiterate,None,Not in Labour Force,0,0,5,2025-03-10,False
REC002967,ENU0109,Rajasthan,38,Male,Higher Secondary,None,Not in Labour Force,8,0,1,2025-04-02,False
REC002968,ENU0221,Uttar Pradesh,29,Female,Secondary,Street Vendor,Employed,66,9558,6,2025-04-06,False
REC002969,ENU0172,Andhra Pradesh,37,Female,Post Graduate,Government Officer,Employed,56,77973,3,2025-12-24,False
REC002970,ENU0163,Assam,85,Male,Graduate,None,Not in Labour Force,2,0,5,2025-09-03,False
REC002971,ENU0237,Karnataka,74,Male,Secondary,None,Not in Labour Force,0,0,4,2025-07-19,False
REC002972,ENU0024,Maharashtra,47,Female,Post Graduate,Bank Employee,Employed,43,39054,3,2025-02-04,False
REC002973,ENU0232,Kerala,35,Female,Secondary,Factory Worker,Employed,55,15331,6,2025-05-05,False
REC002974,ENU0048,Tamil Nadu,75,Female,Secondary,None,Not in Labour Force,0,0,5,2025-12-18,False
REC002975,ENU0179,Tamil Nadu,55,Male,Secondary,Street Vendor,Employed,33,5660,1,2025-04-03,False
REC002976,ENU0125,Assam,14,Male,Primary,None,Not in Labour Force,0,0,6,2025-04-12,False
REC002977,ENU0028,Gujarat,13,Male,Primary,None,Not in Labour Force,0,0,2,2025-10-24,False
REC002978,ENU0158,Odisha,29,Male,Primary,Factory Worker,Employed,37,8576,4,2025-11-27,False
REC002979,ENU0014,Karnataka,29,Female,Secondary,Factory Worker,Employed,44,10791,2,2025-12-14,False
REC002980,ENU0042,Punjab,29,Male,Illiterate,Agricultural Labourer,Employed,49,6977,3,2025-04-10,False
REC002981,ENU0113,West Bengal,16,Male,Secondary,Shop Assistant,Employed,70,23944,2,2025-12-14,False
REC002982,ENU0208,Odisha,64,Male,Graduate,None,Not in Labour Force,0,0,7,2025-08-31,False
REC002983,ENU0063,Uttar Pradesh,45,Male,Higher Secondary,Shop Assistant,Employed,49,9291,8,2025-05-18,False
REC002984,ENU0226,Gujarat,39,Female,Primary,None,Not in Labour Force,0,0,3,2025-11-26,False
REC002985,ENU0029,Assam,78,Female,Primary,None,Not in Labour Force,0,0,7,2025-06-23,False
REC002986,ENU0109,Telangana,35,Female,Secondary,None,Not in Labour Force,3,0,7,2025-01-27,False
REC002987,ENU0241,West Bengal,51,Female,Graduate,Bank Employee,Employed,52,44605,7,2025-02-28,False
REC002988,ENU0027,Telangana,35,Female,Primary,Factory Worker,Employed,50,14395,5,2025-01-12,False
REC002989,ENU0231,Karnataka,18,Male,Higher Secondary,None,Not in Labour Force,1,0,5,2025-09-24,False
REC002990,ENU0137,Uttar Pradesh,25,Male,Secondary,Shop Assistant,Employed,64,14933,4,2025-02-24,False
REC002991,ENU0035,Uttar Pradesh,48,Female,Primary,Construction Worker,Employed,66,16822,2,2025-05-16,False
REC002992,ENU0113,Punjab,68,Female,Post Graduate,None,Not in Labour Force,0,0,4,2025-02-18,False
REC002993,ENU0091,Bihar,37,Male,Secondary,Shop Assistant,Employed,4,426,3,2025-08-03,False
REC002994,ENU0019,Punjab,24,Female,Primary,None,Unemployed,0,0,10,2025-12-22,False
REC002995,ENU0242,Odisha,39,Male,Graduate,Teacher,Employed,28,14856,5,2025-09-04,False
REC002996,ENU0205,West Bengal,39,Male,Secondary,None,Not in Labour Force,0,0,3,2025-02-02,False
REC002997,ENU0080,Tamil Nadu,35,Male,Post Graduate,None,Unemployed,0,0,5,2025-01-12,False
REC002998,ENU0095,Assam,9,Female,Primary,None,Not in Labour Force,9,0,4,2025-02-05,False
REC002999,ENU0115,Rajasthan,38,Female,Higher Secondary,None,Not in Labour Force,0,0,5,2025-08-08,False
REC003000,ENU0240,Rajasthan,43,Male,Secondary,Shop Assistant,Employed,54,9895,6,2025-07-03,False
REC003001,ENU0105,Odisha,21,Female,Higher Secondary,Technician,Employed,39,10096,4,2025-12-08,False
REC003002,ENU0022,Madhya Pradesh,36,Female,Graduate,Sales Executive,Employed,42,22253,3,2025-08-17,False
REC003003,ENU0248,Tamil Nadu,37,Female,Primary,Construction Worker,Employed,44,10332,5,2025-08-27,False
REC003004,ENU0061,Tamil Nadu,38,Male,Graduate,Sales Executive,Employed,58,17641,3,2025-04-24,False
REC003005,ENU0057,Punjab,42,Male,Secondary,Street Vendor,Employed,52,12346,4,2025-07-15,False
REC003006,ENU0189,Andhra Pradesh,83,Female,Secondary,None,Not in Labour Force,0,0,6,2025-12-10,False
REC003007,ENU0248,Karnataka,42,Male,Graduate,Teacher,Employed,54,27512,3,2025-07-02,False
REC003008,ENU0146,Maharashtra,48,Male,Secondary,Street Vendor,Employed,40,9582,4,2025-12-12,False
REC003009,ENU0203,Punjab,71,Male,Secondary,None,Not in Labour Force,0,0,7,2025-11-30,False
REC003010,ENU0014,Bihar,23,Female,Secondary,Factory Worker,Employed,70,7526,3,2025-05-11,False
REC003011,ENU0025,Gujarat,17,Female,Illiterate,Domestic Help,Employed,58,8769,1,2025-02-19,False
REC003012,ENU0182,West Bengal,57,Male,Post Graduate,None,Not in Labour Force,6,0,1,2025-07-26,False
REC003013,ENU0104,West Bengal,22,Female,Higher Secondary,Carpenter,Employed,42,15150,8,2025-11-17,False
REC003014,ENU0090,West Bengal,13,Female,Primary,None,Not in Labour Force,0,0,6,2025-07-23,False
REC003015,ENU0184,Tamil Nadu,45,Female,Graduate,None,Not in Labour Force,0,0,2,2025-10-03,False
REC003016,ENU0189,Kerala,35,Male,Primary,Domestic Help,Employed,32,3499,6,2025-09-27,False
REC003017,ENU0064,Assam,15,Male,Graduate,None,Not in Labour Force,0,0,3,2025-12-03,False
REC003018,ENU0124,Karnataka,76,Male,Post Graduate,None,Not in Labour Force,0,0,2,2025-09-16,False
REC003019,ENU0054,Assam,16,Male,Primary,Agricultural Labourer,Employed,59,10771,4,2025-12-02,False
REC003020,ENU0129,Rajasthan,44,Female,Secondary,Driver,Employed,41,12616,4,2025-01-13,False
REC003021,ENU0086,Telangana,29,Male,Higher Secondary,None,Unemployed,0,0,7,2025-05-05,False
REC003022,ENU0112,Madhya Pradesh,43,Female,Primary,Agricultural Labourer,Employed,70,9588,5,2025-11-11,False
REC003023,ENU0032,West Bengal,22,Male,Primary,Street Vendor,Employed,37,3642,4,2025-03-02,False
REC003024,ENU0040,Bihar,59,Female,Graduate,Teacher,Employed,60,16638,4,2025-04-04,False
REC003025,ENU0188,Punjab,82,Female,Secondary,None,Not in Labour Force,7,0,8,2025-03-09,False
REC003026,ENU0140,Gujarat,11,Male,Primary,None,Not in Labour Force,7,0,3,2025-02-17,False
REC003027,ENU0074,Punjab,58,Male,Higher Secondary,Driver,Employed,49,11419,2,2025-12-10,False
REC003028,ENU0156,West Bengal,57,Female,Graduate,Bank Employee,Employed,58,45535,6,2025-04-01,False
REC003029,ENU0199,Karnataka,43,Female,Primary,Factory Worker,Employed,21,5074,5,2025-04-06,False
REC003030,ENU0107,Telangana,64,Female,Higher Secondary,None,Not in Labour Force,7,0,4,2025-05-11,False
REC003031,ENU0222,Odisha,69,Female,Secondary,None,Not in Labour Force,6,0,6,2025-12-23,False
REC003032,ENU0225,Maharashtra,61,Female,Secondary,None,Not in Labour Force,0,0,5,2025-03-23,False
REC003033,ENU0075,Kerala,40,Female,Graduate,Teacher,Employed,25,13644,2,2025-01-10,False
REC003034,ENU0231,Rajasthan,44,Male,Higher Secondary,Carpenter,Employed,75,25316,2,2025-04-30,False
REC003035,ENU0193,Assam,67,Female,Higher Secondary,None,Not in Labour Force,0,0,4,2025-11-10,False
REC003036,ENU0051,Punjab,7,Female,Primary,None,Not in Labour Force,0,0,5,2025-08-11,False
REC003037,ENU0059,Rajasthan,34,Female,Post Graduate,None,Not in Labour Force,0,0,5,2025-04-11,False
REC003038,ENU0112,Kerala,35,Male,Illiterate,Construction Worker,Employed,50,10973,3,2025-03-06,False
REC003039,ENU0145,West Bengal,74,Male,Secondary,None,Not in Labour Force,0,0,4,2025-08-30,False
REC003040,ENU0171,Bihar,32,Female,Primary,Agricultural Labourer,Employed,57,2820,5,2025-06-04,False
REC003041,ENU0170,Maharashtra,31,Female,Secondary,None,Not in Labour Force,0,0,6,2025-10-19,False
REC003042,ENU0217,Uttar Pradesh,11,Male,Primary,None,Not in Labour Force,5,0,4,2025-05-03,False
REC003043,ENU0058,Karnataka,49,Female,Primary,Factory Worker,Employed,30,7811,3,2025-01-12,False
REC003044,ENU0102,Karnataka,74,Female,Secondary,None,Not in Labour Force,0,0,6,2025-10-06,False
REC003045,ENU0248,West Bengal,29,Female,Graduate,None,Unemployed,0,0,2,2025-03-29,False
REC003046,ENU0015,Karnataka,27,Male,Higher Secondary,Driver,Employed,41,11446,2,2025-03-09,False
REC003047,ENU0014,Madhya Pradesh,35,Male,Graduate,Clerk,Employed,70,26634,5,2025-08-04,False
REC003048,ENU0169,Assam,22,Male,Higher Secondary,None,Unemployed,0,0,5,2025-12-22,False
REC003049,ENU0200,Gujarat,31,Male,Secondary,None,Not in Labour Force,0,0,2,2025-01-31,False
REC003050,ENU0237,Karnataka,46,Female,Graduate,Teacher,Employed,30,16210,2,2025-05-21,False
REC003051,ENU0168,Andhra Pradesh,53,Male,Secondary,Driver,Employed,38,12409,2,2025-07-23,False
REC003052,ENU0225,Telangana,57,Female,Illiterate,Agricultural Labourer,Employed,47,6739,5,2025-05-24,False
REC003053,ENU0113,Telangana,69,Female,Higher Secondary,None,Not in Labour Force,0,0,1,2025-05-08,False
REC003054,ENU0024,Gujarat,13,Female,Primary,None,Not in Labour Force,0,0,3,2025-05-01,False
REC003055,ENU0005,West Bengal,17,Female,Illiterate,None,Unemployed,0,0,1,2025-04-17,False
REC003056,ENU0013,Maharashtra,61,Female,Secondary,None,Not in Labour Force,0,0,1,2025-03-17,False
REC003057,ENU0118,Bihar,47,Female,Secondary,Driver,Employed,33,3851,1,2025-04-08,False
REC003058,ENU0021,Andhra Pradesh,35,Female,Secondary,Carpenter,Employed,37,12285,6,2025-02-23,False
REC003059,ENU0111,West Bengal,62,Male,Secondary,None,Not in Labour Force,6,0,4,2025-02-10,False
REC003060,ENU0084,Telangana,46,Female,Illiterate,None,Not in Labour Force,0,0,3,2025-03-28,False
REC003061,ENU0019,Karnataka,80,Female,Higher Secondary,None,Not in Labour Force,0,0,7,2025-02-26,False
REC003062,ENU0171,Gujarat,23,Male,Primary,Construction Worker,Employed,52,10691,6,2025-05-15,False
REC003063,ENU0025,West Bengal,73,Female,Primary,None,Not in Labour Force,0,0,3,2025-10-01,False
REC003064,ENU0109,Madhya Pradesh,11,Male,Primary,None,Not in Labour Force,0,0,5,2025-09-18,False
REC003065,ENU0104,Maharashtra,68,Female,Graduate,None,Not in Labour Force,8,0,4,2025-07-14,False
REC003066,ENU0162,Kerala,29,Female,Primary,Factory Worker,Employed,46,11982,5,2025-09-20,False
REC003067,ENU0011,Gujarat,29,Female,Illiterate,Construction Worker,Employed,44,10168,2,2025-12-09,False
REC003068,ENU0220,Rajasthan,13,Female,Primary,None,Not in Labour Force,0,0,6,2025-03-04,False
REC003069,ENU0093,Uttar Pradesh,30,Female,Primary,Factory Worker,Employed,47,10652,3,2025-05-01,False
REC003070,ENU0250,Rajasthan,41,Female,Higher Secondary,Shop Assistant,Employed,48,13313,5,2025-04-25,False
REC003071,ENU0053,Kerala,23,Female,Secondary,Factory Worker,Employed,39,9470,3,2025-03-14,False
REC003072,ENU0073,Maharashtra,37,Female,Graduate,Sales Executive,Employed,70,37979,2,2025-02-28,False
REC003073,ENU0235,Assam,16,Other,Post Graduate,Teacher,Employed,50,34843,2,2025-03-02,False
REC003074,ENU0185,Punjab,37,Female,Secondary,None,Not in Labour Force,0,0,5,2025-03-28,False
REC003075,ENU0135,Assam,6,Male,Primary,None,Not in Labour Force,0,0,5,2025-01-02,False
REC003076,ENU0221,Rajasthan,27,Male,Primary,Street Vendor,Employed,50,12279,6,2025-04-03,False
REC003077,ENU0026,Assam,38,Female,Illiterate,Domestic Help,Employed,54,9549,8,2025-02-13,False
REC003078,ENU0172,Gujarat,36,Female,Secondary,Carpenter,Employed,41,14348,1,2025-11-29,False
REC003079,ENU0157,Gujarat,38,Female,Secondary,Driver,Employed,33,10192,3,2025-08-15,False
REC003080,ENU0208,Punjab,74,Female,Primary,None,Not in Labour Force,0,0,6,2025-12-18,False
REC003081,ENU0049,Andhra Pradesh,47,Male,Primary,Factory Worker,Employed,60,18202,5,2025-09-04,False
REC003082,ENU0164,Telangana,54,Male,Primary,Factory Worker,Employed,0,105657,6,2025-01-05,True
REC003083,ENU0033,Maharashtra,38,Female,Secondary,Carpenter,Employed,12,3789,4,2025-02-19,False
REC003084,ENU0116,Rajasthan,51,Female,Post Graduate,Government Officer,Employed,41,39302,5,2025-06-28,False
REC003085,ENU0089,Rajasthan,69,Male,Primary,None,Not in Labour Force,8,0,1,2025-05-29,False
REC003086,ENU0067,Maharashtra,37,Female,Primary,None,Unemployed,0,0,5,2025-04-16,False
REC003087,ENU0037,Uttar Pradesh,46,Female,Secondary,Driver,Employed,47,12868,9,2025-05-29,False
REC003088,ENU0127,Assam,29,Female,Higher Secondary,Driver,Employed,52,12087,4,2025-06-26,False
REC003089,ENU0053,Kerala,66,Female,Graduate,None,Not in Labour Force,2,0,4,2025-06-13,False
REC003090,ENU0117,Uttar Pradesh,34,Male,Secondary,None,Not in Labour Force,0,0,3,2025-07-09,False
REC003091,ENU0099,Tamil Nadu,53,Male,Graduate,Clerk,Employed,59,18764,2,2025-12-24,False
REC003092,ENU0147,Madhya Pradesh,34,Female,Higher Secondary,Clerk,Employed,38,14622,4,2025-12-24,False
REC003093,ENU0100,Maharashtra,82,Female,Graduate,None,Not in Labour Force,0,0,5,2025-01-08,False
REC003094,ENU0175,Madhya Pradesh,69,Male,Graduate,None,Not in Labour Force,0,0,5,2025-03-04,False
REC003095,ENU0137,Tamil Nadu,43,Male,Primary,Factory Worker,Employed,22,5365,5,2025-03-26,False
REC003096,ENU0190,Karnataka,25,Female,Higher Secondary,Carpenter,Employed,34,9096,7,2025-07-30,False
REC003097,ENU0047,Odisha,11,Male,Primary,None,Not in Labour Force,8,0,7,2025-03-05,False
REC003098,ENU0145,Assam,21,Male,Secondary,None,Unemployed,0,0,4,2025-05-05,False
REC003099,ENU0092,Bihar,49,Male,Post Graduate,None,Not in Labour Force,0,0,4,2025-07-15,False
REC003100,ENU0119,Bihar,24,Male,Primary,Domestic Help,Unemployed,0,0,2,2025-10-03,False
REC003101,ENU0036,Rajasthan,61,Female,Graduate,None,Not in Labour Force,0,0,3,2025-05-13,False
REC003102,ENU0063,Kerala,16,Female,Secondary,Factory Worker,Employed,43,10217,2,2025-08-01,False
REC003103,ENU0211,Assam,51,Female,Graduate,Clerk,Employed,41,11156,3,2025-10-29,False
REC003104,ENU0012,Bihar,45,Female,Graduate,Bank Employee,Employed,31,8198,3,2025-10-21,False
REC003105,ENU0064,Odisha,46,Female,Secondary,Driver,Employed,43,7949,9,2025-02-18,False
REC003106,ENU0192,Andhra Pradesh,6,Male,Primary,None,Not in Labour Force,0,0,4,2025-09-24,False
REC003107,ENU0246,Rajasthan,9,Male,Primary,None,Not in Labour Force,0,0,3,2025-01-27,False
REC003108,ENU0101,Tamil Nadu,72,Male,Higher Secondary,None,Not in Labour Force,0,0,3,2025-02-23,False
REC003109,ENU0008,Uttar Pradesh,28,Female,Higher Secondary,Shop Assistant,Employed,37,8895,7,2025-02-11,False
REC003110,ENU0127,Maharashtra,24,Male,Secondary,Driver,Employed,54,13272,3,2025-05-05,False
REC003111,ENU0108,Punjab,52,Male,Secondary,Shop Assistant,Employed,34,5783,3,2025-01-25,False
REC003112,ENU0074,Punjab,49,Male,Illiterate,Construction Worker,Employed,31,7227,4,2025-10-04,False
REC003113,ENU0244,Bihar,31,Male,Primary,Factory Worker,Employed,36,2882,7,2025-06-19,False
REC003114,ENU0020,Assam,35,Male,Graduate,None,Unemployed,0,0,10,2025-03-03,False
REC003115,ENU0109,Andhra Pradesh,35,Female,Secondary,Factory Worker,Employed,21,4966,3,2025-04-21,False
REC003116,ENU0242,Maharashtra,39,Male,Secondary,None,Unemployed,0,0,7,2025-12-20,False
REC003117,ENU0038,Punjab,36,Female,Primary,Construction Worker,Employed,60,12340,5,2025-04-02,False
REC003118,ENU0066,Telangana,38,Female,Primary,Street Vendor,Employed,67,14574,5,2025-07-15,False
REC003119,ENU0206,Bihar,32,Female,Primary,Domestic Help,Employed,60,3351,4,2025-04-29,False
REC003120,ENU0220,Andhra Pradesh,57,Female,Higher Secondary,Clerk,Employed,28,6053,3,2025-04-16,False
REC003121,ENU0172,Madhya Pradesh,22,Female,Higher Secondary,Carpenter,Employed,26,5873,1,2025-10-10,False
REC003122,ENU0150,Maharashtra,22,Female,Graduate,IT Professional,Employed,41,38273,6,2025-10-31,False
REC003123,ENU0113,Rajasthan,45,Male,Primary,Factory Worker,Employed,33,9626,7,2025-12-15,False
REC003124,ENU0130,Punjab,34,Male,Primary,None,Not in Labour Force,0,0,3,2025-03-17,False
REC003125,ENU0085,Maharashtra,8,Female,Primary,None,Not in Labour Force,0,0,7,2025-07-28,False
REC003126,ENU0201,Andhra Pradesh,37,Male,Graduate,Bank Employee,Employed,47,43954,10,2025-05-25,False
REC003127,ENU0226,Odisha,42,Male,Primary,Factory Worker,Employed,69,19483,3,2025-09-01,False
REC003128,ENU0162,Rajasthan,42,Female,Secondary,Factory Worker,Employed,37,5462,3,2025-09-26,False
REC003129,ENU0003,Uttar Pradesh,34,Male,Primary,Agricultural Labourer,Employed,49,7944,1,2025-11-17,False
REC003130,ENU0125,Punjab,30,Male,Primary,None,Not in Labour Force,9,0,1,2025-06-19,False
REC003131,ENU0060,Kerala,30,Male,Primary,Street Vendor,Employed,25,5104,5,2025-06-13,False
REC003132,ENU0199,Punjab,16,Male,Illiterate,Construction Worker,Employed,28,5154,6,2025-05-23,False
REC003133,ENU0091,Odisha,71,Female,Secondary,None,Not in Labour Force,0,0,2,2025-08-19,False
REC003134,ENU0026,Punjab,23,Female,Higher Secondary,Driver,Employed,52,9401,5,2025-01-25,False
REC003135,ENU0012,Tamil Nadu,82,Female,Primary,None,Not in Labour Force,0,0,3,2025-01-07,False
REC003136,ENU0073,Rajasthan,41,Male,Graduate,Clerk,Employed,23,10096,11,2025-10-23,False
REC003137,ENU0159,Rajasthan,31,Male,Illiterate,Street Vendor,Employed,42,7474,7,2025-10-16,False
REC003138,ENU0128,Bihar,38,Male,Secondary,Street Vendor,Employed,54,4426,7,2025-05-11,False
REC003139,ENU0071,Tamil Nadu,41,Female,Graduate,Bank Employee,Employed,50,41172,3,2025-10-29,False
REC003140,ENU0136,Madhya Pradesh,12,Female,Primary,None,Not in Labour Force,0,0,5,2025-10-28,False
REC003141,ENU0077,Rajasthan,39,Male,Primary,Construction Worker,Employed,52,11003,2,2025-09-05,False
REC003142,ENU0069,Odisha,7,Female,Secondary,IT Professional,Employed,33,0,3,2025-10-31,True
REC003143,ENU0148,Telangana,81,Female,Graduate,None,Not in Labour Force,0,0,4,2025-07-01,False
REC003144,ENU0043,Gujarat,10,Female,Primary,None,Not in Labour Force,0,0,3,2025-03-24,False
REC003145,ENU0130,Andhra Pradesh,25,Female,Graduate,None,Not in Labour Force,0,0,2,2025-01-17,False
REC003146,ENU0226,Karnataka,69,Female,Illiterate,None,Not in Labour Force,0,0,6,2025-12-11,False
REC003147,ENU0184,Odisha,10,Male,Primary,None,Not in Labour Force,8,0,7,2025-06-18,False
REC003148,ENU0075,Bihar,44,Female,Graduate,Teacher,Employed,34,7955,8,2025-01-02,False
REC003149,ENU0038,Andhra Pradesh,32,Female,Secondary,Carpenter,Employed,33,9139,4,2025-01-09,False
REC003150,ENU0155,Karnataka,16,Female,Graduate,Bank Employee,Employed,40,35417,1,2025-12-08,False
REC003151,ENU0208,Maharashtra,13,Female,Primary,None,Not in Labour Force,0,0,4,2025-12-02,False
REC003152,ENU0060,Andhra Pradesh,37,Male,Primary,Factory Worker,Employed,64,20396,4,2025-09-30,False
REC003153,ENU0069,Uttar Pradesh,26,Male,Primary,None,Unemployed,0,0,4,2025-06-04,False
REC003154,ENU0101,Tamil Nadu,24,Female,Post Graduate,Government Officer,Employed,40,21233,4,2025-09-15,False
REC003155,ENU0219,Kerala,30,Female,Illiterate,Construction Worker,Employed,24,3835,5,2025-02-09,False
REC003156,ENU0245,Telangana,18,Female,Secondary,None,Not in Labour Force,0,0,3,2025-11-05,False
REC003157,ENU0040,Tamil Nadu,30,Female,Graduate,Teacher,Employed,19,6898,9,2025-11-12,False
REC003158,ENU0118,Rajasthan,23,Male,Higher Secondary,Driver,Employed,33,9877,2,2025-02-18,False
REC003159,ENU0160,Assam,18,Female,Secondary,Carpenter,Employed,58,18663,4,2025-09-22,False
REC003160,ENU0092,Rajasthan,35,Male,Secondary,Driver,Employed,36,10254,8,2025-01-29,False
REC003161,ENU0079,Gujarat,50,Male,Secondary,Factory Worker,Employed,51,12089,4,2025-08-17,False
REC003162,ENU0179,Assam,36,Male,Secondary,Street Vendor,Employed,29,6573,4,2025-10-05,False
REC003163,ENU0068,Kerala,21,Male,Secondary,None,Unemployed,0,0,3,2025-11-09,False
REC003164,ENU0193,Punjab,33,Female,Primary,Construction Worker,Employed,56,10338,1,2025-05-17,False
REC003165,ENU0107,West Bengal,31,Male,Graduate,None,Unemployed,0,0,7,2025-04-06,False
REC003166,ENU0027,Rajasthan,17,Female,Graduate,Bank Employee,Employed,44,44121,2,2025-12-01,False
REC003167,ENU0244,Tamil Nadu,27,Male,Secondary,Factory Worker,Employed,56,16172,1,2025-03-14,False
REC003168,ENU0205,Andhra Pradesh,24,Female,Secondary,Driver,Employed,51,16407,2,2025-07-11,False
REC003169,ENU0168,Madhya Pradesh,32,Female,Graduate,Clerk,Employed,47,20908,6,2025-03-22,False
REC003170,ENU0092,Odisha,32,Male,Graduate,None,Not in Labour Force,0,0,3,2025-09-08,False
REC003171,ENU0188,Punjab,73,Male,Higher Secondary,None,Not in Labour Force,2,0,3,2025-02-13,False
REC003172,ENU0057,Uttar Pradesh,9,Male,Primary,None,Not in Labour Force,0,0,2,2025-11-12,False
REC003173,ENU0006,Madhya Pradesh,34,Female,Secondary,Shop Assistant,Employed,40,6553,6,2025-11-30,False
REC003174,ENU0049,Uttar Pradesh,16,Female,Primary,Agricultural Labourer,Employed,33,4045,5,2025-02-23,False
REC003175,ENU0082,Bihar,28,Female,Secondary,Shop Assistant,Unemployed,0,0,4,2025-05-14,False
REC003176,ENU0098,Punjab,29,Female,Secondary,Carpenter,Employed,46,18395,2,2025-12-13,False
REC003177,ENU0229,Telangana,45,Female,Graduate,None,Not in Labour Force,6,0,7,2025-12-31,False
REC003178,ENU0238,Odisha,29,Male,Secondary,None,Not in Labour Force,0,0,3,2025-11-05,False
REC003179,ENU0229,Gujarat,27,Female,Illiterate,None,Unemployed,0,0,6,2025-02-20,False
REC003180,ENU0245,Rajasthan,8,Female,Primary,None,Not in Labour Force,0,0,5,2025-10-26,False
REC003181,ENU0058,Madhya Pradesh,32,Male,Secondary,Shop Assistant,Employed,37,8024,6,2025-12-28,False
REC003182,ENU0003,West Bengal,31,Male,Higher Secondary,Clerk,Employed,21,8554,6,2025-02-24,False
REC003183,ENU0066,Odisha,43,Male,Primary,Factory Worker,Employed,45,7766,6,2025-11-18,False
REC003184,ENU0070,Rajasthan,52,Female,Secondary,Carpenter,Employed,27,8349,7,2025-12-24,False
REC003185,ENU0019,Uttar Pradesh,9,Male,Primary,None,Not in Labour Force,8,0,2,2025-03-09,False
REC003186,ENU0170,Uttar Pradesh,68,Female,Illiterate,None,Not in Labour Force,0,0,3,2025-12-20,False
REC003187,ENU0075,Maharashtra,76,Female,Secondary,None,Not in Labour Force,0,0,3,2025-02-17,False
REC003188,ENU0039,Kerala,13,Female,Primary,None,Not in Labour Force,0,0,6,2025-07-11,False
REC003189,ENU0218,Madhya Pradesh,14,Female,Primary,None,Not in Labour Force,0,0,6,2025-06-20,False
REC003190,ENU0117,Odisha,47,Male,Post Graduate,Teacher,Employed,43,24977,5,2025-07-28,False
REC003191,ENU0118,Telangana,13,Female,Primary,None,Not in Labour Force,0,0,9,2025-12-15,False
REC003192,ENU0095,Rajasthan,34,Male,Graduate,Teacher,Employed,47,20780,5,2025-12-25,False
REC003193,ENU0124,Andhra Pradesh,59,Female,Higher Secondary,None,Not in Labour Force,0,0,3,2025-04-01,False
REC003194,ENU0145,Punjab,31,Female,Higher Secondary,Carpenter,Employed,45,7934,5,2025-03-31,False
REC003195,ENU0044,Madhya Pradesh,17,Female,Higher Secondary,None,Not in Labour Force,0,0,4,2025-05-05,False
REC003196,ENU0001,Rajasthan,61,Male,Primary,None,Not in Labour Force,0,0,5,2025-09-24,False
REC003197,ENU0127,Odisha,51,Male,Secondary,Shop Assistant,Employed,34,5920,5,2025-12-03,False
REC003198,ENU0140,Andhra Pradesh,28,Female,Secondary,None,Not in Labour Force,0,0,4,2025-06-02,False
REC003199,ENU0166,Punjab,63,Male,Primary,None,Not in Labour Force,5,0,1,2025-12-16,False
REC003200,ENU0066,Uttar Pradesh,44,Female,Secondary,Shop Assistant,Employed,0,90399,7,2025-06-14,True
REC003201,ENU0122,Madhya Pradesh,71,Male,Secondary,None,Not in Labour Force,0,0,5,2025-06-28,False
REC003202,ENU0221,Bihar,64,Female,Secondary,None,Unemployed,0,0,1,2025-08-08,False
REC003203,ENU0142,Andhra Pradesh,23,Male,Higher Secondary,None,Unemployed,0,0,5,2025-05-08,False
REC003204,ENU0207,Karnataka,41,Male,Illiterate,Agricultural Labourer,Employed,27,4710,1,2025-12-01,False
REC003205,ENU0237,Gujarat,30,Female,Illiterate,None,Unemployed,0,0,7,2025-11-02,False
REC003206,ENU0146,Madhya Pradesh,28,Female,Graduate,Teacher,Employed,47,22841,4,2025-06-24,False
REC003207,ENU0092,Uttar Pradesh,40,Male,Secondary,None,Not in Labour Force,0,0,2,2025-11-06,False
REC003208,ENU0064,Punjab,10,Male,Primary,None,Not in Labour Force,0,0,6,2025-09-09,False
REC003209,ENU0224,Bihar,78,Male,Graduate,None,Unemployed,0,0,3,2025-12-19,False
REC003210,ENU0075,Madhya Pradesh,32,Male,Higher Secondary,Shop Assistant,Employed,21,5359,3,2025-12-14,False
REC003211,ENU0038,West Bengal,21,Female,Secondary,Carpenter,Employed,62,16230,2,2025-06-01,False
REC003212,ENU0232,Rajasthan,25,Male,Secondary,None,Not in Labour Force,6,0,3,2025-10-27,False
REC003213,ENU0185,Kerala,25,Female,Secondary,Shop Assistant,Employed,54,13290,2,2025-11-03,False
REC003214,ENU0239,West Bengal,31,Male,Higher Secondary,None,Not in Labour Force,0,0,4,2025-12-24,False
REC003215,ENU0005,Bihar,7,Female,Primary,None,Not in Labour Force,0,0,2,2025-01-04,False
REC003216,ENU0048,Punjab,44,Female,Higher Secondary,Driver,Employed,56,13560,1,2025-08-26,False
REC003217,ENU0214,Gujarat,21,Male,Graduate,None,Not in Labour Force,0,0,3,2025-10-22,False
REC003218,ENU0142,Maharashtra,34,Male,Secondary,Factory Worker,Employed,63,15641,3,2025-08-09,False
REC003219,ENU0247,Telangana,15,Male,Higher Secondary,None,Not in Labour Force,0,0,10,2025-03-12,False
REC003220,ENU0199,Gujarat,52,Female,Graduate,Bank Employee,Employed,32,30900,3,2025-04-03,False
REC003221,ENU0093,Gujarat,36,Female,Illiterate,Agricultural Labourer,Employed,57,7028,4,2025-09-29,False
REC003222,ENU0138,Gujarat,35,Female,Secondary,Factory Worker,Employed,54,10196,4,2025-10-07,False
REC003223,ENU0116,Tamil Nadu,12,Male,Primary,None,Not in Labour Force,0,0,4,2025-05-15,False
REC003224,ENU0187,Uttar Pradesh,42,Female,Higher Secondary,Clerk,Employed,41,21609,4,2025-05-30,False
REC003225,ENU0155,Odisha,41,Male,Secondary,Carpenter,Employed,46,13934,4,2025-11-23,False
REC003226,ENU0077,Assam,49,Male,Higher Secondary,None,Not in Labour Force,0,0,4,2025-07-15,False
REC003227,ENU0066,Maharashtra,35,Male,Secondary,Carpenter,Employed,31,6709,3,2025-01-01,False
REC003228,ENU0056,Tamil Nadu,26,Female,Higher Secondary,None,Unemployed,0,0,6,2025-04-07,False
REC003229,ENU0190,Assam,38,Female,Secondary,Shop Assistant,Employed,19,5583,6,2025-03-22,False
REC003230,ENU0131,Kerala,40,Male,Graduate,IT Professional,Employed,59,61669,3,2025-02-16,False
REC003231,ENU0153,Rajasthan,16,Female,Secondary,Street Vendor,Employed,52,7851,5,2025-07-04,False
REC003232,ENU0062,Telangana,75,Male,Illiterate,None,Not in Labour Force,0,0,2,2025-11-14,False
REC003233,ENU0065,Madhya Pradesh,25,Male,Primary,Construction Worker,Employed,51,13372,4,2025-10-22,False
REC003234,ENU0218,Telangana,50,Female,Secondary,Street Vendor,Employed,49,10512,1,2025-01-29,False
REC003235,ENU0228,Maharashtra,28,Female,Primary,None,Unemployed,0,0,5,2025-07-26,False
REC003236,ENU0032,Tamil Nadu,150,Male,Primary,None,Not in Labour Force,0,0,4,2025-02-11,True
REC003237,ENU0088,Bihar,9,Male,Primary,None,Not in Labour Force,0,0,5,2025-08-03,False
REC003238,ENU0229,Kerala,32,Female,Graduate,IT Professional,Employed,46,53047,9,2025-09-17,False
REC003239,ENU0056,Tamil Nadu,70,Male,Post Graduate,None,Not in Labour Force,0,0,3,2025-03-16,False
REC003240,ENU0178,Kerala,29,Male,Secondary,None,Unemployed,0,0,2,2025-11-27,False
REC003241,ENU0002,Gujarat,10,Male,Primary,None,Not in Labour Force,0,0,4,2025-03-28,False
REC003242,ENU0054,Kerala,76,Female,Secondary,None,Not in Labour Force,9,0,4,2025-04-13,False
REC003243,ENU0104,Andhra Pradesh,45,Male,Primary,Factory Worker,Employed,21,5757,6,2025-01-27,False
REC003244,ENU0021,Karnataka,40,Female,Secondary,Factory Worker,Employed,37,5932,4,2025-12-17,False
REC003245,ENU0206,Bihar,50,Other,Graduate,Sales Executive,Employed,37,5611,4,2025-08-14,False
REC003246,ENU0069,Kerala,20,Male,Graduate,None,Unemployed,0,0,3,2025-07-30,False
REC003247,ENU0159,Andhra Pradesh,24,Male,Secondary,Carpenter,Employed,45,8495,1,2025-02-15,False
REC003248,ENU0239,Bihar,30,Male,Secondary,Carpenter,Unemployed,0,0,2,2025-08-06,False
REC003249,ENU0113,Andhra Pradesh,33,Male,Secondary,Carpenter,Employed,32,11105,5,2025-01-15,False
REC003250,ENU0215,Bihar,28,Female,Higher Secondary,None,Unemployed,0,0,9,2025-01-28,False
REC003251,ENU0238,Maharashtra,28,Female,Secondary,None,Not in Labour Force,3,0,2,2025-02-28,False
REC003252,ENU0235,Telangana,28,Male,Primary,Domestic Help,Employed,62,5445,2,2025-02-26,False
REC003253,ENU0129,Kerala,33,Female,Higher Secondary,Shop Assistant,Employed,45,12069,8,2025-03-02,False
REC003254,ENU0240,Telangana,34,Female,Secondary,Shop Assistant,Employed,41,7216,4,2025-01-15,False
REC003255,ENU0181,Karnataka,24,Female,Secondary,None,Unemployed,0,0,7,2025-05-14,False
REC003256,ENU0124,Tamil Nadu,30,Male,Primary,None,Unemployed,0,0,3,2025-06-10,False
REC003257,ENU0161,Uttar Pradesh,17,Male,Primary,Agricultural Labourer,Employed,54,10667,3,2025-02-06,False
REC003258,ENU0023,Telangana,32,Female,Primary,None,Unemployed,0,0,3,2025-03-08,False
REC003259,ENU0221,Punjab,18,Female,Secondary,None,Unemployed,0,0,3,2025-10-29,False
REC003260,ENU0053,Maharashtra,23,Male,Graduate,Bank Employee,Employed,38,35248,4,2025-02-16,False
REC003261,ENU0067,Kerala,48,Male,Secondary,Driver,Employed,53,12920,2,2025-08-20,False
REC003262,ENU0150,West Bengal,16,Male,Secondary,Driver,Employed,30,9949,2,2025-01-19,False
REC003263,ENU0127,Odisha,13,Female,Primary,None,Not in Labour Force,0,0,5,2025-05-16,False
REC003264,ENU0105,Telangana,31,Male,Graduate,Bank Employee,Employed,37,33274,7,2025-06-19,False
REC003265,ENU0009,Kerala,50,Female,Illiterate,Street Vendor,Employed,39,8685,7,2025-08-06,False
REC003266,ENU0168,Uttar Pradesh,21,Male,Higher Secondary,None,Not in Labour Force,0,0,3,2025-04-24,False
REC003267,ENU0042,Bihar,69,Female,Higher Secondary,None,Unemployed,0,0,4,2025-03-13,False
REC003268,ENU0235,Tamil Nadu,16,Male,Higher Secondary,None,Unemployed,0,0,4,2025-01-18,False
REC003269,ENU0089,Karnataka,50,Male,Graduate,Teacher,Employed,44,24351,5,2025-01-23,False
REC003270,ENU0007,Maharashtra,10,Female,Secondary,Doctor,Employed,24,0,4,2025-05-11,True
REC003271,ENU0171,Gujarat,71,Male,Illiterate,None,Not in Labour Force,0,0,4,2025-01-30,False
REC003272,ENU0173,Assam,78,Female,Secondary,None,Not in Labour Force,0,0,5,2025-09-12,False
REC003273,ENU0084,Gujarat,66,Female,Primary,None,Not in Labour Force,0,0,10,2025-03-25,False
REC003274,ENU0006,Odisha,9,Female,Primary,None,Not in Labour Force,0,0,4,2025-08-17,False
REC003275,ENU0054,Rajasthan,13,Female,Primary,None,Not in Labour Force,0,0,7,2025-10-01,False
REC003276,ENU0132,Odisha,20,Female,Graduate,Bank Employee,Employed,49,44981,3,2025-02-08,False
REC003277,ENU0135,Rajasthan,40,Male,Post Graduate,Doctor,Employed,54,132479,2,2025-03-24,False
REC003278,ENU0091,Karnataka,34,Female,Graduate,None,Not in Labour Force,0,0,1,2025-04-25,False
REC003279,ENU0159,Punjab,5,Male,Illiterate,None,Not in Labour Force,0,0,2,2025-06-29,False
REC003280,ENU0096,Madhya Pradesh,21,Female,Secondary,None,Unemployed,0,0,5,2025-08-31,False
REC003281,ENU0003,Odisha,29,Male,Primary,Street Vendor,Employed,60,9759,5,2025-05-02,False
REC003282,ENU0022,West Bengal,16,Female,Higher Secondary,None,Not in Labour Force,1,0,2,2025-04-17,False
REC003283,ENU0150,Gujarat,46,Female,Secondary,Driver,Employed,28,8417,8,2025-10-21,False
REC003284,ENU0065,Madhya Pradesh,72,Female,Higher Secondary,None,Not in Labour Force,0,0,3,2025-05-07,False
REC003285,ENU0212,Uttar Pradesh,47,Male,Primary,Domestic Help,Employed,53,6758,11,2025-04-02,False
REC003286,ENU0064,Gujarat,84,Female,Illiterate,None,Not in Labour Force,0,0,3,2025-06-24,False
REC003287,ENU0159,Assam,34,Male,Secondary,Shop Assistant,Employed,43,8617,3,2025-01-07,False
REC003288,ENU0118,Odisha,27,Male,Higher Secondary,Clerk,Employed,55,25043,4,2025-01-30,False
REC003289,ENU0152,Rajasthan,38,Male,Graduate,Bank Employee,Employed,51,29496,5,2025-04-20,False
REC003290,ENU0075,Telangana,39,Female,Secondary,Street Vendor,Employed,48,10913,5,2025-11-13,False
REC003291,ENU0147,Karnataka,27,Female,Secondary,None,Unemployed,0,0,2,2025-05-09,False
REC003292,ENU0187,Telangana,29,Male,Secondary,Factory Worker,Employed,41,11168,6,2025-12-20,False
REC003293,ENU0250,Tamil Nadu,8,Male,Primary,None,Not in Labour Force,0,0,4,2025-05-02,False
REC003294,ENU0153,Assam,33,Female,Higher Secondary,Clerk,Employed,55,14138,3,2025-09-25,False
REC003295,ENU0130,Madhya Pradesh,45,Female,Secondary,Driver,Employed,30,6762,5,2025-07-28,False
REC003296,ENU0206,Andhra Pradesh,51,Male,Secondary,Driver,Employed,20,4398,1,2025-08-08,False
REC003297,ENU0170,Andhra Pradesh,33,Male,Graduate,Bank Employee,Employed,47,39438,3,2025-02-15,False
REC003298,ENU0138,Assam,35,Male,Secondary,Carpenter,Employed,31,10240,8,2025-12-01,False
REC003299,ENU0212,Punjab,31,Male,Secondary,None,Unemployed,0,0,4,2025-03-06,False
REC003300,ENU0243,Assam,16,Male,Primary,None,Not in Labour Force,8,0,1,2025-12-30,False
REC003301,ENU0007,Andhra Pradesh,40,Female,Higher Secondary,Carpenter,Employed,56,14105,5,2025-05-25,False
REC003302,ENU0034,Gujarat,45,Male,Primary,Construction Worker,Employed,34,4249,6,2025-08-30,False
REC003303,ENU0128,Odisha,46,Female,Secondary,None,Not in Labour Force,0,0,3,2025-07-23,False
REC003304,ENU0178,Odisha,21,Male,Primary,Street Vendor,Employed,28,4359,3,2025-10-31,False
REC003305,ENU0062,Tamil Nadu,10,Male,Primary,None,Not in Labour Force,4,0,4,2025-12-10,False
REC003306,ENU0068,Andhra Pradesh,40,Female,Graduate,IT Professional,Employed,36,43538,6,2025-10-25,False
REC003307,ENU0111,West Bengal,7,Male,Primary,None,Not in Labour Force,0,0,5,2025-07-28,False
REC003308,ENU0197,Rajasthan,24,Female,Higher Secondary,None,Unemployed,0,0,6,2025-05-24,False
REC003309,ENU0025,Odisha,36,Female,Higher Secondary,Clerk,Employed,26,8957,4,2025-10-28,False
REC003310,ENU0066,Bihar,33,Female,Higher Secondary,Clerk,Employed,22,4457,4,2025-04-17,False
REC003311,ENU0077,Assam,44,Female,Primary,None,Unemployed,0,0,4,2025-03-27,False
REC003312,ENU0127,Kerala,31,Female,Secondary,None,Unemployed,0,0,8,2025-05-17,False
REC003313,ENU0032,Kerala,56,Male,Secondary,None,Not in Labour Force,0,0,7,2025-01-30,False
REC003314,ENU0069,Karnataka,26,Female,Graduate,Teacher,Employed,52,33097,5,2025-08-30,False
REC003315,ENU0029,Maharashtra,46,Male,Secondary,Factory Worker,Employed,56,11779,2,2025-04-28,False
REC003316,ENU0065,Assam,14,Male,Primary,None,Not in Labour Force,0,0,4,2025-02-15,False
REC003317,ENU0117,Odisha,150,Male,Secondary,Street Vendor,Employed,61,14268,2,2025-05-23,True
REC003318,ENU0221,Telangana,35,Male,Primary,Factory Worker,Employed,39,9476,5,2025-09-02,False
REC003319,ENU0156,Assam,54,Male,Higher Secondary,Carpenter,Employed,59,25810,6,2025-04-02,False
REC003320,ENU0182,Maharashtra,48,Male,Secondary,None,Not in Labour Force,0,0,6,2025-03-06,False
REC003321,ENU0119,Tamil Nadu,24,Male,Illiterate,Street Vendor,Employed,65,14799,3,2025-12-31,False
REC003322,ENU0105,Odisha,69,Female,Primary,None,Not in Labour Force,0,0,3,2025-03-15,False
REC003323,ENU0139,Assam,71,Male,Secondary,None,Not in Labour Force,0,0,3,2025-09-18,False
REC003324,ENU0137,Gujarat,40,Female,Graduate,None,Not in Labour Force,6,0,1,2025-03-12,False
REC003325,ENU0075,Odisha,65,Female,Primary,None,Not in Labour Force,0,0,2,2025-08-18,False
REC003326,ENU0222,Gujarat,37,Male,Secondary,Carpenter,Employed,36,9966,4,2025-10-26,False
REC003327,ENU0046,West Bengal,33,Male,Primary,Construction Worker,Employed,34,5862,3,2025-06-04,False
REC003328,ENU0024,Uttar Pradesh,44,Male,Secondary,Carpenter,Employed,36,10269,4,2025-06-01,False
REC003329,ENU0065,West Bengal,32,Female,Secondary,Carpenter,Employed,62,19014,1,2025-02-26,False
REC003330,ENU0125,Madhya Pradesh,30,Male,Secondary,Factory Worker,Employed,54,16410,4,2025-10-08,False
REC003331,ENU0217,Telangana,31,Male,Higher Secondary,Technician,Employed,37,12345,7,2025-05-01,False
REC003332,ENU0146,Bihar,36,Male,Secondary,Street Vendor,Employed,45,2355,5,2025-10-26,False
REC003333,ENU0050,Bihar,28,Male,Graduate,Clerk,Employed,45,5542,2,2025-09-03,False
REC003334,ENU0229,Madhya Pradesh,23,Male,Secondary,Street Vendor,Employed,32,5090,3,2025-05-28,False
REC003335,ENU0020,Madhya Pradesh,37,Female,Primary,Construction Worker,Employed,46,8336,5,2025-04-01,False
REC003336,ENU0151,Madhya Pradesh,43,Male,Secondary,None,Not in Labour Force,0,0,2,2025-02-06,False
REC003337,ENU0129,Gujarat,23,Female,Secondary,Factory Worker,Employed,49,13915,6,2025-10-17,False
REC003338,ENU0081,Bihar,22,Female,Primary,Domestic Help,Unemployed,0,0,3,2025-04-25,False
REC003339,ENU0250,Telangana,36,Female,Higher Secondary,Shop Assistant,Employed,64,12936,6,2025-11-20,False
REC003340,ENU0099,Madhya Pradesh,59,Female,Secondary,Driver,Employed,45,17555,3,2025-08-06,False
REC003341,ENU0083,Rajasthan,78,Male,Secondary,None,Not in Labour Force,7,0,6,2025-03-22,False
REC003342,ENU0005,West Bengal,37,Female,Illiterate,Construction Worker,Employed,60,9375,8,2025-01-07,False
REC003343,ENU0104,Tamil Nadu,36,Female,Primary,Domestic Help,Employed,50,8605,4,2025-07-29,False
REC003344,ENU0133,Kerala,40,Female,Secondary,Street Vendor,Employed,44,8029,6,2025-11-12,False
REC003345,ENU0044,Odisha,53,Female,Secondary,Factory Worker,Employed,49,12311,3,2025-03-16,False
REC003346,ENU0216,Kerala,16,Female,Secondary,None,Not in Labour Force,0,0,5,2025-09-29,False
REC003347,ENU0121,West Bengal,25,Male,Higher Secondary,Shop Assistant,Employed,51,14410,6,2025-10-16,False
REC003348,ENU0045,Madhya Pradesh,52,Female,Secondary,Driver,Employed,52,14238,7,2025-12-16,False
REC003349,ENU0083,Gujarat,43,Male,Higher Secondary,Clerk,Employed,72,40618,2,2025-03-06,False
REC003350,ENU0033,Punjab,34,Female,Graduate,Teacher,Employed,21,13161,7,2025-02-19,False
REC003351,ENU0226,Telangana,43,Male,Post Graduate,IT Professional,Employed,49,49658,5,2025-04-02,False
REC003352,ENU0054,Tamil Nadu,24,Female,Secondary,None,Unemployed,0,0,5,2025-12-07,False
REC003353,ENU0131,Telangana,36,Male,Graduate,None,Not in Labour Force,0,0,1,2025-02-24,False
REC003354,ENU0062,Karnataka,54,Female,Graduate,Sales Executive,Employed,59,26839,3,2025-08-18,False
REC003355,ENU0099,West Bengal,53,Male,Illiterate,Domestic Help,Employed,33,4831,6,2025-12-01,False
REC003356,ENU0184,Kerala,33,Female,Post Graduate,None,Unemployed,0,0,7,2025-12-17,False
REC003357,ENU0185,Gujarat,29,Male,Secondary,Shop Assistant,Employed,52,16474,6,2025-08-06,False
REC003358,ENU0070,Karnataka,51,Female,Secondary,Shop Assistant,Employed,39,8559,3,2025-02-13,False
REC003359,ENU0064,Punjab,16,Male,Secondary,Driver,Employed,46,12111,6,2025-11-20,False
REC003360,ENU0085,Madhya Pradesh,16,Male,Secondary,None,Unemployed,130,0,3,2025-08-11,True
REC003361,ENU0059,Madhya Pradesh,43,Male,Higher Secondary,None,Not in Labour Force,6,0,6,2025-05-22,False
REC003362,ENU0245,Punjab,9,Male,Primary,None,Not in Labour Force,0,0,6,2025-05-17,False
REC003363,ENU0235,Bihar,15,Male,Graduate,None,Not in Labour Force,0,0,5,2025-07-09,False
REC003364,ENU0142,Punjab,59,Male,Secondary,Driver,Employed,52,16654,5,2025-01-17,False
REC003365,ENU0235,West Bengal,51,Male,Higher Secondary,None,Not in Labour Force,4,0,1,2025-05-08,False
REC003366,ENU0095,Maharashtra,16,Female,Graduate,None,Unemployed,0,0,1,2025-12-04,False
REC003367,ENU0129,Assam,75,Female,Graduate,None,Not in Labour Force,0,0,8,2025-09-03,False
REC003368,ENU0178,Tamil Nadu,21,Male,Higher Secondary,None,Not in Labour Force,0,0,1,2025-06-21,False
REC003369,ENU0027,Kerala,51,Female,Graduate,IT Professional,Employed,43,62013,6,2025-01-28,False
REC003370,ENU0201,Rajasthan,40,Female,Post Graduate,Engineer,Employed,42,56025,3,2025-07-03,False
REC003371,ENU0114,Rajasthan,11,Female,Primary,None,Not in Labour Force,0,0,5,2025-12-23,False
REC003372,ENU0136,Gujarat,37,Male,Post Graduate,None,Unemployed,0,0,4,2025-11-24,False
REC003373,ENU0237,Tamil Nadu,19,Female,Higher Secondary,Clerk,Employed,57,21119,4,2025-04-02,False
REC003374,ENU0076,Uttar Pradesh,36,Female,Secondary,Factory Worker,Employed,39,12246,6,2025-08-30,False
REC003375,ENU0101,Karnataka,41,Male,Secondary,Street Vendor,Employed,58,8103,5,2025-07-31,False
REC003376,ENU0222,Kerala,81,Male,Graduate,None,Not in Labour Force,0,0,5,2025-12-13,False
REC003377,ENU0239,Gujarat,45,Female,Post Graduate,Government Officer,Employed,50,41622,5,2025-04-13,False
REC003378,ENU0042,Punjab,45,Female,Graduate,IT Professional,Employed,37,38800,3,2025-07-30,False
REC003379,ENU0167,Karnataka,44,Female,Higher Secondary,Carpenter,Employed,42,13282,2,2025-03-12,False
REC003380,ENU0106,Kerala,41,Female,Illiterate,Agricultural Labourer,Employed,43,6610,9,2025-09-27,False
REC003381,ENU0188,Rajasthan,37,Male,Secondary,Shop Assistant,Employed,43,11947,3,2025-07-02,False
REC003382,ENU0114,Madhya Pradesh,34,Male,Secondary,Street Vendor,Employed,47,7755,5,2025-07-08,False
REC003383,ENU0133,Gujarat,21,Male,Primary,None,Not in Labour Force,0,0,1,2025-05-12,False
REC003384,ENU0229,Gujarat,61,Female,Higher Secondary,None,Not in Labour Force,0,0,3,2025-06-03,False
REC003385,ENU0139,Tamil Nadu,32,Female,Post Graduate,None,Unemployed,0,0,2,2025-12-31,False
REC003386,ENU0005,West Bengal,48,Female,Primary,Factory Worker,Employed,30,9082,1,2025-02-23,False
REC003387,ENU0201,Kerala,29,Male,Secondary,Factory Worker,Employed,56,15174,4,2025-01-01,False
REC003388,ENU0229,West Bengal,56,Female,Primary,Agricultural Labourer,Employed,32,4980,4,2025-06-09,False
REC003389,ENU0239,Uttar Pradesh,64,Female,Graduate,None,Not in Labour Force,0,0,5,2025-03-03,False
REC003390,ENU0056,Uttar Pradesh,49,Male,Secondary,Factory Worker,Employed,55,12214,3,2025-12-18,False
REC003391,ENU0088,Rajasthan,74,Male,Secondary,None,Not in Labour Force,0,0,3,2025-01-30,False
REC003392,ENU0188,Karnataka,11,Male,Primary,None,Not in Labour Force,0,0,4,2025-02-25,False
REC003393,ENU0205,West Bengal,33,Female,Graduate,Bank Employee,Employed,25,26138,3,2025-01-01,False
REC003394,ENU0011,Telangana,82,Female,Secondary,None,Not in Labour Force,0,0,5,2025-11-25,False
REC003395,ENU0135,Telangana,35,Male,Primary,Street Vendor,Employed,42,7311,4,2025-08-16,False
REC003396,ENU0242,Uttar Pradesh,40,Male,Primary,Street Vendor,Employed,47,7766,2,2025-10-14,False
REC003397,ENU0157,Punjab,22,Male,Secondary,Street Vendor,Employed,54,12114,4,2025-02-02,False
REC003398,ENU0068,Assam,29,Male,Graduate,Sales Executive,Employed,50,29273,2,2025-12-01,False
REC003399,ENU0245,Madhya Pradesh,18,Male,Primary,None,Not in Labour Force,0,0,5,2025-07-04,False
REC003400,ENU0222,Andhra Pradesh,51,Male,Post Graduate,Government Officer,Employed,62,65985,2,2025-03-26,False
REC003401,ENU0226,Telangana,24,Male,Secondary,None,Unemployed,0,0,5,2025-02-17,False
REC003402,ENU0106,Uttar Pradesh,61,Female,Secondary,Driver,Employed,50,6518,5,2025-03-09,False
REC003403,ENU0040,Gujarat,61,Female,Illiterate,Construction Worker,Employed,43,6738,3,2025-04-19,False
REC003404,ENU0020,Tamil Nadu,35,Male,Primary,Domestic Help,Employed,36,4701,2,2025-11-05,False
REC003405,ENU0112,Assam,20,Female,Primary,None,Unemployed,0,0,5,2025-11-03,False
REC003406,ENU0226,Tamil Nadu,30,Male,Primary,None,Unemployed,0,0,3,2025-10-25,False
REC003407,ENU0232,Madhya Pradesh,49,Female,Primary,Factory Worker,Employed,40,11134,3,2025-03-23,False
REC003408,ENU0206,Bihar,27,Female,Primary,None,Unemployed,0,0,3,2025-09-18,False
REC003409,ENU0012,Telangana,42,Male,Illiterate,Street Vendor,Employed,55,7465,5,2025-08-13,False
REC003410,ENU0086,Kerala,49,Female,Primary,Street Vendor,Employed,34,5318,6,2025-02-03,False
REC003411,ENU0021,Maharashtra,40,Female,Higher Secondary,Clerk,Employed,43,14674,2,2025-05-28,False
REC003412,ENU0090,Maharashtra,40,Female,Graduate,IT Professional,Employed,48,64799,2,2025-12-02,False
REC003413,ENU0088,Assam,77,Female,Primary,None,Not in Labour Force,0,0,5,2025-05-26,False
REC003414,ENU0164,Bihar,150,Female,Illiterate,None,Not in Labour Force,8,0,4,2025-03-23,True
REC003415,ENU0108,Punjab,42,Male,Secondary,Driver,Employed,46,17901,3,2025-05-25,False
REC003416,ENU0207,West Bengal,14,Female,Primary,None,Not in Labour Force,0,0,3,2025-07-06,False
REC003417,ENU0135,Maharashtra,40,Male,Secondary,Carpenter,Employed,44,12379,8,2025-03-18,False
REC003418,ENU0228,Kerala,5,Male,Illiterate,None,Not in Labour Force,0,0,3,2025-03-09,False
REC003419,ENU0150,Gujarat,31,Male,Higher Secondary,Shop Assistant,Employed,45,9132,3,2025-02-05,False
REC003420,ENU0198,Odisha,43,Female,Graduate,Sales Executive,Employed,38,23212,6,2025-10-28,False
REC003421,ENU0228,Uttar Pradesh,41,Female,Graduate,Sales Executive,Employed,49,32055,5,2025-04-22,False
REC003422,ENU0177,Rajasthan,32,Male,Secondary,Street Vendor,Employed,39,6789,7,2025-09-02,False
REC003423,ENU0163,Maharashtra,47,Female,Higher Secondary,Technician,Employed,46,15143,5,2025-08-02,False
REC003424,ENU0064,Assam,50,Male,Higher Secondary,Clerk,Employed,26,9784,3,2025-05-20,False
REC003425,ENU0139,West Bengal,8,Male,Primary,None,Not in Labour Force,0,0,5,2025-01-22,False
REC003426,ENU0010,Bihar,30,Male,Higher Secondary,None,Unemployed,0,0,2,2025-10-01,False
REC003427,ENU0236,West Bengal,59,Female,Graduate,None,Not in Labour Force,2,0,3,2025-12-25,False
REC003428,ENU0091,Telangana,11,Male,Primary,None,Not in Labour Force,0,0,6,2025-04-23,False
REC003429,ENU0020,Madhya Pradesh,23,Male,Primary,None,Not in Labour Force,0,0,2,2025-03-07,False
REC003430,ENU0164,Andhra Pradesh,-6,Male,Higher Secondary,Driver,Employed,32,7512,5,2025-11-23,True
REC003431,ENU0207,Telangana,51,Male,Post Graduate,Engineer,Employed,34,47804,7,2025-08-11,False
REC003432,ENU0179,Punjab,25,Female,Secondary,Driver,Employed,57,12082,5,2025-12-17,False
REC003433,ENU0077,Uttar Pradesh,40,Male,Secondary,Carpenter,Employed,61,15518,2,2025-11-19,False
REC003434,ENU0146,Tamil Nadu,42,Male,Higher Secondary,Driver,Employed,58,24304,5,2025-11-15,False
REC003435,ENU0056,Rajasthan,32,Male,Higher Secondary,Driver,Employed,56,14337,7,2025-01-09,False
REC003436,ENU0236,Odisha,29,Male,Primary,Domestic Help,Employed,70,9295,3,2025-12-25,False
REC003437,ENU0028,Maharashtra,53,Female,Higher Secondary,Driver,Employed,55,11988,2,2025-11-03,False
REC003438,ENU0007,West Bengal,40,Male,Secondary,Carpenter,Employed,32,9148,7,2025-06-25,False
REC003439,ENU0153,Uttar Pradesh,40,Female,Higher Secondary,Clerk,Employed,38,13512,6,2025-11-12,False
REC003440,ENU0100,Rajasthan,30,Male,Secondary,Factory Worker,Employed,38,7597,4,2025-10-27,False
REC003441,ENU0069,Andhra Pradesh,37,Male,Secondary,Driver,Employed,46,11527,3,2025-09-20,False
REC003442,ENU0200,Assam,16,Male,Primary,None,Unemployed,0,0,4,2025-09-22,False
REC003443,ENU0010,Bihar,41,Female,Higher Secondary,Clerk,Employed,31,5470,6,2025-12-11,False
REC003444,ENU0204,Madhya Pradesh,48,Female,Higher Secondary,Driver,Employed,61,12085,3,2025-08-09,False
REC003445,ENU0081,Kerala,41,Female,Post Graduate,Bank Employee,Employed,55,48775,4,2025-02-02,False
REC003446,ENU0048,Maharashtra,11,Female,Primary,None,Not in Labour Force,0,0,3,2025-04-25,False
REC003447,ENU0145,Gujarat,39,Male,Higher Secondary,Shop Assistant,Employed,22,5554,6,2025-06-05,False
REC003448,ENU0109,Tamil Nadu,33,Female,Secondary,Street Vendor,Employed,44,7662,3,2025-10-07,False
REC003449,ENU0215,Madhya Pradesh,28,Female,Primary,Factory Worker,Employed,53,13656,4,2025-12-20,False
REC003450,ENU0167,Assam,44,Male,Secondary,Street Vendor,Employed,44,10291,5,2025-08-31,False
REC003451,ENU0121,Tamil Nadu,18,Male,Graduate,Bank Employee,Employed,23,20970,2,2025-12-20,False
REC003452,ENU0116,Odisha,33,Male,Graduate,None,Not in Labour Force,0,0,4,2025-05-14,False
REC003453,ENU0016,Assam,35,Female,Primary,Agricultural Labourer,Employed,41,6812,8,2025-03-20,False
REC003454,ENU0186,Maharashtra,65,Female,Post Graduate,IT Professional,Employed,41,49459,4,2025-10-27,False
REC003455,ENU0111,Assam,72,Male,Higher Secondary,None,Not in Labour Force,0,0,6,2025-03-01,False
REC003456,ENU0016,Rajasthan,71,Male,Primary,None,Not in Labour Force,3,0,4,2025-12-23,False
REC003457,ENU0192,Andhra Pradesh,29,Male,Illiterate,Domestic Help,Employed,27,2227,3,2025-04-01,False
REC003458,ENU0164,Uttar Pradesh,21,Female,Graduate,None,Unemployed,0,0,8,2025-09-18,False
REC003459,ENU0247,Punjab,74,Male,Post Graduate,None,Not in Labour Force,2,0,4,2025-08-13,False
REC003460,ENU0164,Odisha,23,Female,Graduate,Clerk,Employed,130,17369,2,2025-06-21,True
REC003461,ENU0127,Madhya Pradesh,53,Female,Illiterate,Construction Worker,Employed,37,8502,5,2025-05-11,False
REC003462,ENU0169,Maharashtra,64,Male,Primary,Construction Worker,Employed,24,4823,2,2025-04-10,False
REC003463,ENU0020,Gujarat,68,Female,Post Graduate,None,Not in Labour Force,6,0,3,2025-11-15,False
REC003464,ENU0032,Kerala,43,Female,Illiterate,Agricultural Labourer,Employed,55,9115,3,2025-01-20,False
REC003465,ENU0167,Andhra Pradesh,38,Male,Secondary,Carpenter,Employed,24,5336,7,2025-02-07,False
REC003466,ENU0209,Gujarat,49,Male,Secondary,Street Vendor,Employed,42,5765,7,2025-05-19,False
REC003467,ENU0030,Telangana,60,Male,Secondary,Factory Worker,Employed,48,9725,2,2025-08-12,False
REC003468,ENU0047,Uttar Pradesh,150,Male,Primary,Agricultural Labourer,Employed,30,3573,1,2025-03-03,True
REC003469,ENU0028,Gujarat,41,Female,Primary,None,Not in Labour Force,0,0,5,2025-03-29,False
REC003470,ENU0167,Assam,65,Male,Primary,None,Not in Labour Force,0,0,1,2025-03-26,False
REC003471,ENU0176,Gujarat,34,Female,Graduate,Teacher,Employed,28,15072,3,2025-11-24,False
REC003472,ENU0131,Madhya Pradesh,72,Female,Higher Secondary,None,Not in Labour Force,0,0,6,2025-06-18,False
REC003473,ENU0204,Rajasthan,25,Male,Primary,None,Unemployed,0,0,7,2025-01-30,False
REC003474,ENU0134,Telangana,35,Female,Secondary,Street Vendor,Employed,39,7358,5,2025-10-02,False
REC003475,ENU0214,Rajasthan,26,Female,Higher Secondary,Carpenter,Employed,43,12355,5,2025-09-05,False
REC003476,ENU0103,Kerala,67,Male,Graduate,None,Not in Labour Force,0,0,4,2025-09-04,False
REC003477,ENU0102,Gujarat,12,Female,Primary,None,Not in Labour Force,0,0,5,2025-06-25,False
REC003478,ENU0223,Rajasthan,42,Male,Graduate,Sales Executive,Employed,36,15064,7,2025-03-06,False
REC003479,ENU0021,Odisha,16,Female,Secondary,Carpenter,Employed,30,6968,4,2025-09-30,False
REC003480,ENU0139,Uttar Pradesh,32,Male,Secondary,None,Not in Labour Force,0,0,1,2025-02-24,False
REC003481,ENU0116,Telangana,73,Male,Higher Secondary,None,Not in Labour Force,4,0,6,2025-10-03,False
REC003482,ENU0015,Telangana,11,Male,Primary,None,Not in Labour Force,2,0,6,2025-05-31,False
REC003483,ENU0067,Telangana,38,Male,Graduate,Bank Employee,Employed,33,33912,3,2025-06-02,False
REC003484,ENU0234,Madhya Pradesh,7,Male,Primary,None,Not in Labour Force,0,0,4,2025-05-06,False
REC003485,ENU0032,Telangana,30,Female,Secondary,None,Unemployed,0,0,3,2025-10-06,False
REC003486,ENU0188,Uttar Pradesh,24,Male,Higher Secondary,Driver,Employed,30,8805,6,2025-09-07,False
REC003487,ENU0245,Madhya Pradesh,12,Female,Primary,None,Not in Labour Force,0,0,5,2025-12-07,False
REC003488,ENU0018,Madhya Pradesh,40,Male,Higher Secondary,Driver,Employed,44,12651,6,2025-08-12,False
REC003489,ENU0006,Madhya Pradesh,32,Female,Post Graduate,Teacher,Employed,40,19920,1,2025-06-22,False
REC003490,ENU0061,Gujarat,10,Male,Primary,None,Not in Labour Force,0,0,3,2025-10-11,False
REC003491,ENU0033,Gujarat,37,Male,Higher Secondary,Driver,Employed,44,10871,2,2025-04-13,False
REC003492,ENU0052,Andhra Pradesh,66,Male,Secondary,None,Not in Labour Force,9,0,3,2025-09-17,False
REC003493,ENU0186,Andhra Pradesh,65,Male,Primary,None,Not in Labour Force,0,0,7,2025-03-19,False
REC003494,ENU0210,Karnataka,46,Male,Secondary,Shop Assistant,Employed,53,9964,1,2025-10-30,False
REC003495,ENU0197,Uttar Pradesh,46,Female,Secondary,Carpenter,Employed,34,7480,2,2025-11-08,False
REC003496,ENU0203,Assam,10,Female,Primary,None,Not in Labour Force,8,0,2,2025-07-09,False
REC003497,ENU0240,Uttar Pradesh,32,Male,Graduate,None,Unemployed,0,0,8,2025-09-23,False
REC003498,ENU0033,Rajasthan,57,Male,Graduate,Teacher,Employed,52,44555,4,2025-02-03,False
REC003499,ENU0030,Rajasthan,5,Male,Illiterate,None,Not in Labour Force,0,0,3,2025-07-06,False
REC003500,ENU0187,Gujarat,30,Female,Secondary,None,Not in Labour Force,0,0,5,2025-08-02,False
REC003501,ENU0193,Telangana,33,Female,Secondary,Driver,Employed,40,7950,5,2025-03-19,False
REC003502,ENU0241,Bihar,41,Male,Graduate,Clerk,Unemployed,0,0,7,2025-12-07,False
REC003503,ENU0203,Telangana,23,Male,Secondary,Shop Assistant,Employed,40,10487,5,2025-07-07,False
REC003504,ENU0149,Bihar,9,Male,Primary,None,Not in Labour Force,0,0,4,2025-09-03,False
REC003505,ENU0022,Maharashtra,77,Male,Secondary,None,Not in Labour Force,1,0,1,2025-05-18,False
REC003506,ENU0102,Tamil Nadu,33,Other,Secondary,None,Not in Labour Force,0,0,5,2025-08-01,False
REC003507,ENU0099,Kerala,49,Male,Primary,Domestic Help,Employed,34,4521,4,2025-03-15,False
REC003508,ENU0238,Bihar,51,Male,Illiterate,Street Vendor,Unemployed,0,0,4,2025-04-25,False
REC003509,ENU0092,Karnataka,32,Male,Graduate,None,Unemployed,0,0,3,2025-10-11,False
REC003510,ENU0229,West Bengal,16,Male,Post Graduate,None,Not in Labour Force,0,0,9,2025-09-18,False
REC003511,ENU0244,Tamil Nadu,63,Female,Secondary,None,Not in Labour Force,0,0,4,2025-06-29,False
REC003512,ENU0216,Tamil Nadu,7,Female,Primary,None,Not in Labour Force,0,0,1,2025-08-03,False
REC003513,ENU0212,Uttar Pradesh,83,Female,Graduate,None,Not in Labour Force,8,0,3,2025-11-15,False
REC003514,ENU0123,Assam,37,Male,Primary,Factory Worker,Employed,59,16249,1,2025-01-22,False
REC003515,ENU0223,Punjab,65,Female,Higher Secondary,Clerk,Employed,39,13410,9,2025-09-04,False
REC003516,ENU0104,Odisha,32,Male,Graduate,None,Not in Labour Force,6,0,2,2025-01-02,False
REC003517,ENU0049,Uttar Pradesh,77,Female,Graduate,None,Not in Labour Force,2,0,6,2025-09-09,False
REC003518,ENU0075,Tamil Nadu,25,Female,Graduate,Sales Executive,Employed,22,7791,1,2025-08-06,False
REC003519,ENU0027,Punjab,9,Female,Primary,None,Not in Labour Force,4,0,2,2025-04-30,False
REC003520,ENU0030,Maharashtra,40,Male,Primary,Factory Worker,Employed,51,10843,6,2025-01-09,False
REC003521,ENU0061,Bihar,13,Female,Primary,None,Unemployed,0,0,5,2025-06-18,False
REC003522,ENU0087,Telangana,38,Male,Secondary,None,Unemployed,0,0,5,2025-08-24,False
REC003523,ENU0192,Gujarat,45,Male,Secondary,Factory Worker,Employed,20,4963,4,2025-12-12,False
REC003524,ENU0065,Rajasthan,35,Male,Secondary,Carpenter,Employed,53,15947,8,2025-11-02,False
REC003525,ENU0173,Telangana,42,Female,Primary,None,Unemployed,0,0,2,2025-03-10,False
REC003526,ENU0181,Uttar Pradesh,41,Male,Secondary,Shop Assistant,Employed,43,11104,1,2025-03-03,False
REC003527,ENU0059,Karnataka,28,Female,Graduate,Teacher,Employed,44,22839,4,2025-04-18,False
REC003528,ENU0087,Maharashtra,38,Male,Primary,Street Vendor,Employed,47,9774,11,2025-07-27,False
REC003529,ENU0052,Andhra Pradesh,25,Male,Graduate,None,Not in Labour Force,0,0,2,2025-04-17,False
REC003530,ENU0207,Kerala,11,Male,Primary,None,Not in Labour Force,6,0,4,2025-03-18,False
REC003531,ENU0215,Andhra Pradesh,64,Female,Primary,None,Not in Labour Force,0,0,4,2025-07-31,False
REC003532,ENU0008,Andhra Pradesh,27,Female,Secondary,Shop Assistant,Employed,39,11344,7,2025-09-06,False
REC003533,ENU0073,Tamil Nadu,30,Female,Post Graduate,None,Not in Labour Force,0,0,1,2025-04-09,False
REC003534,ENU0128,Maharashtra,36,Female,Illiterate,Agricultural Labourer,Employed,19,3264,1,2025-01-26,False
REC003535,ENU0087,Rajasthan,35,Male,Illiterate,None,Unemployed,0,0,4,2025-11-13,False
REC003536,ENU0208,Odisha,16,Female,Secondary,None,Unemployed,0,0,7,2025-12-20,False
REC003537,ENU0020,Maharashtra,32,Male,Higher Secondary,Clerk,Employed,13,5171,6,2025-11-20,False
REC003538,ENU0162,Punjab,50,Female,Post Graduate,None,Not in Labour Force,4,0,7,2025-10-08,False
REC003539,ENU0010,Telangana,30,Female,Secondary,Shop Assistant,Employed,55,13329,7,2025-10-26,False
REC003540,ENU0148,Assam,27,Female,Secondary,None,Not in Labour Force,0,0,1,2025-06-06,False
REC003541,ENU0164,West Bengal,50,Female,Primary,Factory Worker,Employed,46,10877,2,2025-10-21,False
REC003542,ENU0051,Kerala,31,Female,Secondary,Carpenter,Employed,32,8612,1,2025-10-18,False
REC003543,ENU0104,Gujarat,32,Female,Higher Secondary,None,Unemployed,0,0,6,2025-05-22,False
REC003544,ENU0234,Telangana,35,Female,Illiterate,None,Not in Labour Force,0,0,4,2025-04-18,False
REC003545,ENU0051,Uttar Pradesh,13,Male,Primary,None,Not in Labour Force,0,0,4,2025-03-07,False
REC003546,ENU0185,Maharashtra,23,Male,Graduate,Clerk,Employed,40,18594,3,2025-06-15,False
REC003547,ENU0070,Madhya Pradesh,24,Male,Higher Secondary,Shop Assistant,Employed,24,5332,5,2025-12-06,False
REC003548,ENU0057,Madhya Pradesh,40,Female,Secondary,Street Vendor,Employed,47,8528,2,2025-06-01,False
REC003549,ENU0107,Odisha,42,Male,Higher Secondary,Driver,Employed,52,15835,1,2025-03-06,False
REC003550,ENU0114,Rajasthan,9,Male,Primary,None,Not in Labour Force,0,0,1,2025-04-14,False
REC003551,ENU0064,Bihar,72,Female,Illiterate,None,Not in Labour Force,8,0,4,2025-12-23,False
REC003552,ENU0221,Andhra Pradesh,34,Female,Higher Secondary,Clerk,Employed,36,16319,7,2025-03-06,False
REC003553,ENU0056,Punjab,34,Male,Primary,Factory Worker,Employed,48,12537,6,2025-08-16,False
REC003554,ENU0170,Tamil Nadu,33,Female,Higher Secondary,None,Not in Labour Force,0,0,5,2025-03-24,False
REC003555,ENU0249,Odisha,24,Male,Higher Secondary,None,Not in Labour Force,0,0,3,2025-01-16,False
REC003556,ENU0179,Rajasthan,34,Female,Graduate,None,Unemployed,0,0,5,2025-11-26,False
REC003557,ENU0043,Andhra Pradesh,36,Male,Graduate,None,Unemployed,0,0,4,2025-09-09,False
REC003558,ENU0220,Rajasthan,71,Female,Higher Secondary,None,Not in Labour Force,0,0,7,2025-02-26,False
REC003559,ENU0159,Maharashtra,37,Male,Higher Secondary,Driver,Employed,15,4155,3,2025-11-21,False
REC003560,ENU0024,Andhra Pradesh,51,Female,Graduate,IT Professional,Employed,55,58030,2,2025-05-26,False
REC003561,ENU0048,West Bengal,45,Female,Secondary,Carpenter,Employed,23,7167,3,2025-12-16,False
REC003562,ENU0218,Rajasthan,58,Male,Graduate,None,Not in Labour Force,0,0,7,2025-12-05,False
REC003563,ENU0182,Maharashtra,35,Female,Secondary,None,Not in Labour Force,0,0,4,2025-03-23,False
REC003564,ENU0167,Kerala,14,Male,Primary,None,Not in Labour Force,0,0,2,2025-04-24,False
REC003565,ENU0011,Karnataka,60,Female,Primary,Street Vendor,Employed,51,9410,4,2025-10-18,False
REC003566,ENU0165,Bihar,5,Male,Illiterate,None,Unemployed,0,0,3,2025-06-25,False
REC003567,ENU0078,Rajasthan,39,Male,Illiterate,Domestic Help,Employed,33,3728,6,2025-04-18,False
REC003568,ENU0125,Gujarat,15,Male,Primary,None,Not in Labour Force,0,0,3,2025-10-19,False
REC003569,ENU0055,Bihar,40,Female,Graduate,None,Not in Labour Force,0,0,5,2025-10-01,False
REC003570,ENU0066,West Bengal,31,Male,Graduate,None,Not in Labour Force,2,0,6,2025-10-01,False
REC003571,ENU0102,Karnataka,38,Female,Secondary,Shop Assistant,Employed,23,4296,10,2025-10-01,False
REC003572,ENU0122,Odisha,37,Female,Graduate,Bank Employee,Employed,69,43847,5,2025-11-07,False
REC003573,ENU0178,Telangana,41,Male,Higher Secondary,Carpenter,Employed,39,10782,4,2025-10-08,False
REC003574,ENU0193,West Bengal,69,Male,Secondary,None,Not in Labour Force,0,0,4,2025-04-16,False
REC003575,ENU0025,Maharashtra,34,Female,Higher Secondary,Driver,Employed,48,12416,5,2025-05-07,False
REC003576,ENU0002,West Bengal,7,Female,Primary,None,Not in Labour Force,3,0,1,2025-09-02,False
REC003577,ENU0109,Karnataka,31,Male,Secondary,None,Unemployed,0,0,4,2025-05-17,False
REC003578,ENU0010,West Bengal,23,Male,Graduate,None,Not in Labour Force,0,0,4,2025-10-01,False
REC003579,ENU0175,Andhra Pradesh,40,Male,Primary,Factory Worker,Employed,27,8261,4,2025-04-08,False
REC003580,ENU0045,Punjab,35,Female,Higher Secondary,Clerk,Employed,55,25633,9,2025-01-19,False
REC003581,ENU0004,Telangana,36,Female,Higher Secondary,Clerk,Employed,29,8584,2,2025-11-07,False
REC003582,ENU0193,Assam,71,Female,Secondary,None,Not in Labour Force,0,0,3,2025-10-04,False
REC003583,ENU0053,Karnataka,44,Male,Primary,Street Vendor,Employed,27,3986,5,2025-09-23,False
REC003584,ENU0099,Gujarat,35,Male,Secondary,Factory Worker,Employed,36,9647,5,2025-11-09,False
REC003585,ENU0232,Odisha,30,Male,Illiterate,Construction Worker,Employed,59,15806,3,2025-05-21,False
REC003586,ENU0238,Rajasthan,64,Female,Secondary,None,Not in Labour Force,0,0,4,2025-05-01,False
REC003587,ENU0032,Madhya Pradesh,29,Female,Higher Secondary,None,Unemployed,0,0,2,2025-10-01,False
REC003588,ENU0170,West Bengal,30,Female,Graduate,None,Unemployed,0,0,4,2025-04-14,False
REC003589,ENU0188,Karnataka,25,Female,Secondary,None,Unemployed,0,0,1,2025-11-06,False
REC003590,ENU0080,West Bengal,21,Male,Secondary,None,Not in Labour Force,0,0,5,2025-05-07,False
REC003591,ENU0016,Tamil Nadu,7,Male,Primary,None,Not in Labour Force,4,0,1,2025-04-24,False
REC003592,ENU0221,Uttar Pradesh,29,Male,Primary,None,Unemployed,0,0,6,2025-10-20,False
REC003593,ENU0171,Odisha,39,Female,Graduate,Sales Executive,Employed,56,20763,3,2025-01-22,False
REC003594,ENU0202,Odisha,44,Male,Illiterate,Agricultural Labourer,Employed,29,5106,6,2025-09-05,False
REC003595,ENU0033,Uttar Pradesh,65,Female,Post Graduate,None,Not in Labour Force,0,0,6,2025-12-04,False
REC003596,ENU0125,Rajasthan,24,Male,Post Graduate,IT Professional,Employed,37,28319,2,2025-02-08,False
REC003597,ENU0060,Kerala,48,Female,Illiterate,Construction Worker,Employed,38,8699,3,2025-12-01,False
REC003598,ENU0117,Punjab,73,Male,Secondary,None,Not in Labour Force,0,0,2,2025-05-26,False
REC003599,ENU0088,Maharashtra,75,Male,Higher Secondary,None,Not in Labour Force,5,0,6,2025-04-07,False
REC003600,ENU0036,Uttar Pradesh,13,Male,Primary,None,Not in Labour Force,0,0,6,2025-03-09,False
REC003601,ENU0112,Maharashtra,43,Female,Post Graduate,Bank Employee,Employed,68,48718,3,2025-10-01,False
REC003602,ENU0119,Andhra Pradesh,43,Female,Higher Secondary,Shop Assistant,Employed,49,12714,4,2025-05-21,False
REC003603,ENU0126,Madhya Pradesh,37,Male,Secondary,Shop Assistant,Employed,61,7964,9,2025-11-09,False
REC003604,ENU0048,Tamil Nadu,33,Male,Post Graduate,Doctor,Employed,36,64551,3,2025-10-15,False
REC003605,ENU0234,Odisha,33,Female,Graduate,Clerk,Employed,39,14580,4,2025-11-08,False
REC003606,ENU0196,Madhya Pradesh,63,Female,Secondary,Carpenter,Employed,42,10016,6,2025-10-08,False
REC003607,ENU0046,Gujarat,32,Female,Primary,Agricultural Labourer,Employed,70,12884,5,2025-11-25,False
REC003608,ENU0096,Assam,52,Male,Secondary,Shop Assistant,Employed,53,11236,3,2025-10-10,False
REC003609,ENU0094,Uttar Pradesh,27,Female,Post Graduate,Doctor,Employed,21,36387,5,2025-07-20,False
REC003610,ENU0002,Gujarat,25,Male,Primary,None,Unemployed,0,0,3,2025-07-22,False
REC003611,ENU0194,Assam,43,Female,Illiterate,None,Not in Labour Force,0,0,1,2025-10-03,False
REC003612,ENU0044,Uttar Pradesh,7,Female,Primary,None,Not in Labour Force,0,0,5,2025-03-19,False
REC003613,ENU0144,Madhya Pradesh,51,Female,Higher Secondary,None,Not in Labour Force,0,0,6,2025-10-07,False
REC003614,ENU0196,Andhra Pradesh,30,Male,Post Graduate,Engineer,Employed,55,47520,8,2025-04-07,False
REC003615,ENU0191,Tamil Nadu,84,Female,Secondary,None,Not in Labour Force,0,0,4,2025-03-02,False
REC003616,ENU0195,Gujarat,17,Male,Primary,Domestic Help,Employed,32,4151,6,2025-04-16,False
REC003617,ENU0219,Punjab,33,Male,Higher Secondary,Clerk,Employed,41,20721,4,2025-05-14,False
REC003618,ENU0218,Bihar,29,Female,Illiterate,Construction Worker,Unemployed,0,0,6,2025-01-11,False
REC003619,ENU0045,Punjab,65,Female,Higher Secondary,None,Not in Labour Force,0,0,5,2025-06-30,False
REC003620,ENU0123,Telangana,55,Male,Higher Secondary,Shop Assistant,Employed,54,9115,3,2025-03-13,False
REC003621,ENU0193,Andhra Pradesh,42,Male,Graduate,Bank Employee,Employed,58,37136,7,2025-07-17,False
REC003622,ENU0044,Tamil Nadu,39,Male,Post Graduate,None,Not in Labour Force,4,0,3,2025-02-17,False
REC003623,ENU0157,Punjab,34,Male,Graduate,Sales Executive,Employed,32,12525,4,2025-03-13,False
REC003624,ENU0105,Rajasthan,75,Female,Higher Secondary,None,Not in Labour Force,2,0,4,2025-03-04,False
REC003625,ENU0041,Uttar Pradesh,41,Male,Secondary,None,Not in Labour Force,0,0,3,2025-12-20,False
REC003626,ENU0012,West Bengal,33,Female,Graduate,IT Professional,Employed,62,84835,4,2025-07-25,False
REC003627,ENU0248,Maharashtra,16,Male,Graduate,None,Not in Labour Force,0,0,4,2025-03-16,False
REC003628,ENU0100,Tamil Nadu,45,Female,Illiterate,None,Unemployed,0,0,3,2025-10-20,False
REC003629,ENU0039,Punjab,11,Female,Primary,None,Not in Labour Force,0,0,5,2025-09-06,False
REC003630,ENU0183,Gujarat,37,Female,Secondary,Shop Assistant,Employed,79,19501,3,2025-03-15,False
REC003631,ENU0152,Rajasthan,29,Female,Higher Secondary,Driver,Employed,62,13568,2,2025-07-31,False
REC003632,ENU0015,Madhya Pradesh,27,Male,Higher Secondary,Shop Assistant,Employed,61,12126,3,2025-05-30,False
REC003633,ENU0207,Tamil Nadu,40,Female,Graduate,Teacher,Employed,32,14833,4,2025-08-17,False
REC003634,ENU0057,Odisha,37,Female,Higher Secondary,Clerk,Employed,55,23934,5,2025-12-04,False
REC003635,ENU0201,Maharashtra,16,Female,Primary,None,Unemployed,0,0,4,2025-10-23,False
REC003636,ENU0127,Odisha,40,Female,Higher Secondary,None,Not in Labour Force,6,0,8,2025-04-21,False
REC003637,ENU0101,Assam,21,Male,Graduate,Clerk,Employed,55,19271,2,2025-01-16,False
REC003638,ENU0173,Andhra Pradesh,17,Male,Higher Secondary,Driver,Employed,42,9753,3,2025-12-08,False
REC003639,ENU0061,Kerala,59,Male,Higher Secondary,Driver,Employed,35,6180,7,2025-08-03,False
REC003640,ENU0070,Kerala,47,Male,Secondary,None,Not in Labour Force,0,0,7,2025-09-02,False
REC003641,ENU0179,Punjab,35,Female,Secondary,None,Not in Labour Force,0,0,7,2025-07-01,False
REC003642,ENU0111,Karnataka,25,Male,Secondary,Carpenter,Employed,58,13896,6,2025-06-02,False
REC003643,ENU0014,Uttar Pradesh,34,Female,Secondary,Carpenter,Employed,31,9197,3,2025-07-04,False
REC003644,ENU0154,Odisha,46,Female,Secondary,Shop Assistant,Employed,0,99886,5,2025-02-14,True
REC003645,ENU0147,Tamil Nadu,47,Male,Graduate,IT Professional,Employed,49,65159,4,2025-06-20,False
REC003646,ENU0130,Tamil Nadu,19,Male,Illiterate,Construction Worker,Employed,44,8328,3,2025-01-17,False
REC003647,ENU0068,Maharashtra,42,Male,Secondary,Street Vendor,Employed,51,7850,6,2025-12-07,False
REC003648,ENU0085,Gujarat,17,Female,Graduate,None,Not in Labour Force,2,0,3,2025-09-03,False
REC003649,ENU0161,Punjab,11,Female,Primary,None,Not in Labour Force,0,0,5,2025-05-25,False
REC003650,ENU0129,Karnataka,16,Male,Secondary,None,Unemployed,0,0,2,2025-01-21,False
REC003651,ENU0026,Tamil Nadu,79,Female,Graduate,None,Not in Labour Force,0,0,6,2025-11-17,False
REC003652,ENU0008,Odisha,10,Male,Primary,None,Not in Labour Force,0,0,3,2025-03-02,False
REC003653,ENU0092,Bihar,37,Female,Primary,Construction Worker,Employed,39,2783,2,2025-08-05,False
REC003654,ENU0130,Tamil Nadu,44,Male,Graduate,IT Professional,Employed,50,79545,1,2025-08-11,False
REC003655,ENU0149,Assam,37,Male,Primary,None,Not in Labour Force,0,0,9,2025-09-22,False
REC003656,ENU0151,Maharashtra,26,Male,Illiterate,Domestic Help,Employed,47,4217,3,2025-08-26,False
REC003657,ENU0071,Rajasthan,36,Male,Post Graduate,IT Professional,Employed,28,33716,3,2025-01-03,False
REC003658,ENU0062,Punjab,31,Female,Post Graduate,Bank Employee,Employed,32,37974,2,2025-08-04,False
REC003659,ENU0070,Punjab,23,Female,Higher Secondary,Driver,Employed,52,10046,8,2025-07-19,False
REC003660,ENU0066,Uttar Pradesh,29,Female,Higher Secondary,Carpenter,Employed,70,19694,9,2025-04-21,False
REC003661,ENU0027,Tamil Nadu,53,Male,Secondary,Street Vendor,Employed,48,10532,6,2025-10-26,False
REC003662,ENU0213,Gujarat,35,Female,Secondary,None,Unemployed,0,0,2,2025-10-10,False
REC003663,ENU0098,Odisha,9,Female,Primary,None,Not in Labour Force,0,0,5,2025-04-11,False
REC003664,ENU0044,Kerala,39,Male,Higher Secondary,None,Not in Labour Force,0,0,4,2025-04-06,False
REC003665,ENU0090,Punjab,37,Female,Primary,Domestic Help,Employed,55,6579,5,2025-10-27,False
REC003666,ENU0187,Uttar Pradesh,42,Male,Higher Secondary,None,Not in Labour Force,0,0,1,2025-02-26,False
REC003667,ENU0038,Assam,67,Female,Post Graduate,None,Not in Labour Force,0,0,4,2025-08-26,False
REC003668,ENU0170,Rajasthan,71,Male,Graduate,None,Not in Labour Force,0,0,4,2025-03-25,False
REC003669,ENU0187,Odisha,22,Male,Secondary,Shop Assistant,Employed,79,14268,7,2025-06-21,False
REC003670,ENU0125,Andhra Pradesh,33,Female,Secondary,None,Not in Labour Force,0,0,3,2025-11-22,False
REC003671,ENU0039,Tamil Nadu,23,Female,Graduate,None,Not in Labour Force,5,0,2,2025-09-29,False
REC003672,ENU0238,Assam,25,Female,Post Graduate,Doctor,Employed,41,81521,3,2025-03-12,False
REC003673,ENU0073,West Bengal,65,Male,Graduate,None,Not in Labour Force,0,0,4,2025-08-22,False
REC003674,ENU0112,Punjab,15,Female,Secondary,None,Not in Labour Force,0,0,3,2025-12-12,False
REC003675,ENU0186,Maharashtra,19,Female,Post Graduate,None,Not in Labour Force,0,0,3,2025-05-23,False
REC003676,ENU0036,Odisha,24,Female,Illiterate,Construction Worker,Employed,40,8154,3,2025-09-14,False
REC003677,ENU0053,Andhra Pradesh,13,Female,Primary,None,Not in Labour Force,0,0,4,2025-07-23,False
REC003678,ENU0236,West Bengal,38,Female,Secondary,Carpenter,Employed,39,11589,4,2025-11-05,False
REC003679,ENU0040,Madhya Pradesh,45,Male,Primary,None,Not in Labour Force,1,0,3,2025-07-06,False
REC003680,ENU0135,Telangana,28,Female,Higher Secondary,Driver,Employed,56,16192,9,2025-11-02,False
REC003681,ENU0152,Assam,16,Male,Graduate,None,Unemployed,0,0,3,2025-08-02,False
REC003682,ENU0129,Madhya Pradesh,17,Female,Graduate,None,Not in Labour Force,0,0,6,2025-09-14,False
REC003683,ENU0151,Andhra Pradesh,47,Female,Graduate,IT Professional,Employed,46,65517,2,2025-07-14,False
REC003684,ENU0224,Kerala,63,Female,Graduate,IT Professional,Employed,60,73517,3,2025-08-28,False
REC003685,ENU0136,Assam,35,Male,Secondary,None,Not in Labour Force,0,0,1,2025-01-27,False
REC003686,ENU0200,Karnataka,64,Male,Primary,None,Not in Labour Force,9,0,2,2025-07-31,False
REC003687,ENU0169,Odisha,50,Female,Higher Secondary,Shop Assistant,Employed,65,13755,5,2025-08-21,False
REC003688,ENU0066,Telangana,53,Male,Secondary,Shop Assistant,Employed,60,14107,6,2025-04-29,False
REC003689,ENU0098,Uttar Pradesh,23,Female,Primary,Agricultural Labourer,Employed,46,7240,7,2025-11-06,False
REC003690,ENU0011,Punjab,44,Female,Primary,Domestic Help,Employed,56,4488,5,2025-11-21,False
REC003691,ENU0154,Assam,28,Male,Secondary,None,Unemployed,0,0,2,2025-05-23,False
REC003692,ENU0246,West Bengal,19,Male,Secondary,Driver,Employed,58,18304,3,2025-07-23,False
REC003693,ENU0115,Kerala,7,Female,Primary,None,Not in Labour Force,0,0,2,2025-02-01,False
REC003694,ENU0174,Telangana,16,Female,Illiterate,Domestic Help,Employed,39,5648,4,2025-07-26,False
REC003695,ENU0240,Madhya Pradesh,65,Male,Illiterate,None,Not in Labour Force,9,0,3,2025-10-25,False
REC003696,ENU0054,Uttar Pradesh,15,Female,Higher Secondary,None,Not in Labour Force,0,0,5,2025-10-13,False
REC003697,ENU0027,Punjab,27,Male,Higher Secondary,Carpenter,Employed,43,11121,4,2025-09-12,False
REC003698,ENU0034,Kerala,25,Female,Primary,Domestic Help,Employed,62,9370,3,2025-09-21,False
REC003699,ENU0191,Bihar,73,Male,Post Graduate,None,Unemployed,0,0,4,2025-06-01,False
REC003700,ENU0182,West Bengal,41,Female,Graduate,IT Professional,Employed,42,47712,4,2025-01-17,False
REC003701,ENU0196,Maharashtra,29,Female,Secondary,None,Unemployed,0,0,2,2025-01-31,False
REC003702,ENU0209,Assam,69,Male,Secondary,None,Not in Labour Force,0,0,6,2025-01-06,False
REC003703,ENU0174,Odisha,61,Male,Higher Secondary,None,Not in Labour Force,0,0,1,2025-01-12,False
REC003704,ENU0012,Maharashtra,32,Female,Illiterate,Construction Worker,Employed,20,3743,1,2025-04-29,False
REC003705,ENU0229,Punjab,22,Female,Secondary,None,Not in Labour Force,0,0,6,2025-05-30,False
REC003706,ENU0008,Uttar Pradesh,19,Male,Illiterate,None,Unemployed,0,0,5,2025-01-24,False
REC003707,ENU0058,Tamil Nadu,44,Female,Secondary,Factory Worker,Employed,44,11475,4,2025-03-27,False
REC003708,ENU0048,Gujarat,38,Male,Higher Secondary,None,Not in Labour Force,2,0,6,2025-01-18,False
REC003709,ENU0085,Bihar,10,Female,Primary,None,Not in Labour Force,0,0,2,2025-10-24,False
REC003710,ENU0141,Telangana,16,Female,Secondary,Factory Worker,Employed,20,4004,4,2025-04-09,False
REC003711,ENU0100,Bihar,26,Male,Higher Secondary,Shop Assistant,Unemployed,0,0,7,2025-12-01,False
REC003712,ENU0047,Tamil Nadu,48,Female,Secondary,Factory Worker,Employed,39,10464,3,2025-05-27,False
REC003713,ENU0179,West Bengal,42,Female,Secondary,Driver,Employed,43,14989,4,2025-05-31,False
REC003714,ENU0136,West Bengal,40,Male,Secondary,Driver,Employed,62,18067,3,2025-06-23,False
REC003715,ENU0237,Andhra Pradesh,23,Female,Secondary,Street Vendor,Employed,39,8164,6,2025-08-15,False
REC003716,ENU0144,Karnataka,16,Male,Higher Secondary,Technician,Employed,48,17355,4,2025-06-23,False
REC003717,ENU0118,Bihar,30,Male,Higher Secondary,Carpenter,Unemployed,0,0,3,2025-01-07,False
REC003718,ENU0057,Karnataka,44,Female,Graduate,None,Unemployed,0,0,4,2025-04-14,False
REC003719,ENU0238,Punjab,28,Female,Primary,None,Not in Labour Force,0,0,6,2025-10-06,False
REC003720,ENU0247,Punjab,39,Male,Higher Secondary,None,Employed,0,6711353,4,2025-12-13,True
REC003721,ENU0126,Rajasthan,56,Male,Primary,None,Not in Labour Force,0,0,8,2025-06-17,False
REC003722,ENU0021,Andhra Pradesh,16,Male,Primary,Street Vendor,Employed,29,4707,2,2025-10-25,False
REC003723,ENU0012,Karnataka,28,Female,Graduate,None,Unemployed,0,0,3,2025-02-19,False
REC003724,ENU0009,Assam,27,Male,Graduate,Clerk,Employed,37,12198,2,2025-09-19,False
REC003725,ENU0125,Telangana,33,Male,Graduate,None,Unemployed,0,0,4,2025-08-07,False
REC003726,ENU0242,Andhra Pradesh,17,Male,Higher Secondary,Technician,Employed,34,14561,2,2025-08-18,False
REC003727,ENU0027,Madhya Pradesh,34,Male,Higher Secondary,Carpenter,Employed,55,12500,1,2025-03-10,False
REC003728,ENU0162,Maharashtra,70,Other,Secondary,None,Not in Labour Force,0,0,5,2025-07-30,False
REC003729,ENU0234,Gujarat,21,Male,Secondary,None,Unemployed,0,0,6,2025-07-05,False
REC003730,ENU0214,Uttar Pradesh,70,Male,Secondary,None,Not in Labour Force,0,0,4,2025-02-13,False
REC003731,ENU0124,Assam,58,Male,Secondary,Factory Worker,Employed,52,14460,1,2025-09-10,False
REC003732,ENU0126,Uttar Pradesh,9,Male,Primary,None,Not in Labour Force,0,0,6,2025-05-28,False
REC003733,ENU0026,Bihar,52,Female,Higher Secondary,Carpenter,Unemployed,0,0,2,2025-02-11,False
REC003734,ENU0090,Karnataka,40,Female,Secondary,Street Vendor,Employed,30,4973,8,2025-05-19,False
REC003735,ENU0119,Assam,11,Female,Primary,None,Not in Labour Force,0,0,5,2025-01-29,False
REC003736,ENU0090,Telangana,45,Female,Secondary,None,Not in Labour Force,0,0,2,2025-03-28,False
REC003737,ENU0112,Punjab,69,Female,Secondary,None,Not in Labour Force,0,0,6,2025-06-09,False
REC003738,ENU0090,Maharashtra,58,Female,Primary,None,Not in Labour Force,0,0,7,2025-05-26,False
REC003739,ENU0057,Maharashtra,28,Male,Higher Secondary,Technician,Employed,46,24129,1,2025-12-21,False
REC003740,ENU0121,Assam,31,Male,Secondary,Shop Assistant,Employed,53,10256,5,2025-10-17,False
REC003741,ENU0202,Kerala,22,Male,Primary,Street Vendor,Employed,34,7022,4,2025-11-27,False
REC003742,ENU0090,Madhya Pradesh,31,Female,Primary,None,Unemployed,0,0,9,2025-01-18,False
REC003743,ENU0178,Bihar,27,Male,Secondary,None,Unemployed,0,0,4,2025-07-24,False
REC003744,ENU0117,Bihar,31,Male,Secondary,Street Vendor,Employed,37,2782,3,2025-05-03,False
REC003745,ENU0161,Tamil Nadu,39,Male,Primary,Domestic Help,Employed,43,4638,3,2025-03-20,False
REC003746,ENU0057,Andhra Pradesh,26,Female,Graduate,None,Not in Labour Force,4,0,5,2025-06-21,False
REC003747,ENU0086,Maharashtra,46,Male,Secondary,None,Not in Labour Force,9,0,3,2025-10-27,False
REC003748,ENU0046,Gujarat,14,Male,Primary,None,Not in Labour Force,0,0,5,2025-08-25,False
REC003749,ENU0200,Bihar,31,Female,Secondary,Street Vendor,Employed,50,2755,3,2025-10-16,False
REC003750,ENU0084,Telangana,54,Male,Graduate,Sales Executive,Employed,24,10485,1,2025-01-16,False
REC003751,ENU0078,Bihar,29,Female,Higher Secondary,Shop Assistant,Employed,43,4547,4,2025-11-29,False
REC003752,ENU0124,Rajasthan,32,Female,Higher Secondary,None,Unemployed,0,0,3,2025-11-30,False
REC003753,ENU0108,Punjab,25,Male,Post Graduate,Engineer,Employed,54,84055,3,2025-06-17,False
REC003754,ENU0137,Rajasthan,19,Male,Illiterate,Street Vendor,Employed,17,3107,4,2025-12-27,False
REC003755,ENU0145,West Bengal,32,Male,Higher Secondary,Driver,Employed,62,17460,4,2025-07-31,False
REC003756,ENU0177,Rajasthan,27,Male,Higher Secondary,Clerk,Employed,46,11965,7,2025-04-11,False
REC003757,ENU0219,West Bengal,76,Male,Graduate,None,Not in Labour Force,8,0,3,2025-07-19,False
REC003758,ENU0216,Andhra Pradesh,28,Male,Secondary,Shop Assistant,Employed,38,7552,2,2025-06-26,False
REC003759,ENU0076,Telangana,28,Female,Secondary,Driver,Employed,43,8938,5,2025-10-04,False
REC003760,ENU0057,Tamil Nadu,5,Male,Illiterate,None,Not in Labour Force,0,0,9,2025-11-07,False
REC003761,ENU0006,Tamil Nadu,46,Female,Secondary,Driver,Employed,47,11706,3,2025-05-04,False
REC003762,ENU0020,West Bengal,66,Male,Post Graduate,None,Not in Labour Force,0,0,4,2025-11-03,False
REC003763,ENU0168,Kerala,49,Female,Primary,Street Vendor,Employed,35,6750,5,2025-09-11,False
REC003764,ENU0058,Telangana,41,Male,Graduate,None,Not in Labour Force,0,0,1,2025-01-01,False
REC003765,ENU0171,Bihar,42,Male,Secondary,Carpenter,Unemployed,0,0,7,2025-02-21,False
REC003766,ENU0208,Punjab,61,Male,Primary,Construction Worker,Employed,37,8330,3,2025-10-04,False
REC003767,ENU0018,Gujarat,47,Male,Higher Secondary,Shop Assistant,Employed,36,5663,4,2025-07-15,False
REC003768,ENU0179,Maharashtra,34,Female,Higher Secondary,Driver,Employed,29,6403,3,2025-04-22,False
REC003769,ENU0008,Maharashtra,30,Male,Secondary,Carpenter,Employed,43,9644,5,2025-12-05,False
REC003770,ENU0144,Uttar Pradesh,35,Male,Secondary,None,Unemployed,0,0,2,2025-07-09,False
REC003771,ENU0066,Telangana,30,Female,Primary,Construction Worker,Employed,51,10566,8,2025-05-29,False
REC003772,ENU0186,Telangana,39,Male,Primary,Agricultural Labourer,Employed,56,7587,1,2025-03-08,False
REC003773,ENU0114,Bihar,39,Female,Secondary,Carpenter,Unemployed,0,0,3,2025-11-27,False
REC003774,ENU0101,Madhya Pradesh,37,Female,Illiterate,None,Not in Labour Force,3,0,1,2025-08-06,False
REC003775,ENU0176,Odisha,12,Female,Primary,None,Not in Labour Force,0,0,5,2025-01-24,False
REC003776,ENU0202,Telangana,12,Female,Primary,None,Not in Labour Force,9,0,4,2025-09-26,False
REC003777,ENU0197,Gujarat,28,Male,Secondary,Factory Worker,Employed,19,4214,3,2025-11-21,False
REC003778,ENU0113,Bihar,19,Male,Graduate,Bank Employee,Unemployed,0,0,2,2025-10-29,False
REC003779,ENU0233,Madhya Pradesh,76,Female,Graduate,None,Not in Labour Force,0,0,7,2025-03-31,False
REC003780,ENU0180,West Bengal,32,Male,Primary,Domestic Help,Employed,33,4827,5,2025-04-20,False
REC003781,ENU0245,Kerala,24,Male,Secondary,None,Unemployed,0,0,3,2025-01-02,False
REC003782,ENU0186,Andhra Pradesh,18,Female,Higher Secondary,Shop Assistant,Employed,46,6264,5,2025-04-12,False
REC003783,ENU0027,Punjab,38,Male,Secondary,Factory Worker,Employed,36,10178,4,2025-05-21,False
REC003784,ENU0079,Andhra Pradesh,48,Male,Graduate,None,Not in Labour Force,0,0,5,2025-06-19,False
REC003785,ENU0016,Gujarat,33,Female,Secondary,None,Unemployed,0,0,3,2025-01-15,False
REC003786,ENU0020,West Bengal,53,Male,Secondary,Street Vendor,Employed,40,7184,7,2025-11-11,False
REC003787,ENU0011,Gujarat,42,Male,Secondary,None,Not in Labour Force,0,0,4,2025-03-04,False
REC003788,ENU0157,Uttar Pradesh,33,Male,Higher Secondary,Technician,Employed,58,18821,3,2025-04-02,False
REC003789,ENU0076,Madhya Pradesh,37,Female,Secondary,Factory Worker,Employed,45,13629,5,2025-04-25,False
REC003790,ENU0210,Odisha,44,Male,Graduate,None,Not in Labour Force,0,0,12,2025-08-16,False
REC003791,ENU0126,Kerala,36,Male,Primary,None,Not in Labour Force,0,0,1,2025-03-31,False
REC003792,ENU0187,Maharashtra,62,Female,Secondary,Factory Worker,Employed,42,9847,6,2025-05-03,False
REC003793,ENU0025,Bihar,32,Other,Secondary,Carpenter,Employed,45,4082,4,2025-05-11,False
REC003794,ENU0031,Bihar,37,Male,Illiterate,Construction Worker,Employed,39,2916,6,2025-10-09,False
REC003795,ENU0119,Assam,43,Male,Secondary,Carpenter,Employed,26,5840,3,2025-06-12,False
REC003796,ENU0117,Rajasthan,20,Female,Secondary,Carpenter,Employed,47,7015,7,2025-06-14,False
REC003797,ENU0175,Rajasthan,56,Female,Higher Secondary,Shop Assistant,Employed,41,5082,6,2025-08-15,False
REC003798,ENU0104,Assam,29,Male,Post Graduate,Engineer,Employed,40,60949,4,2025-01-14,False
REC003799,ENU0153,Telangana,65,Male,Graduate,None,Not in Labour Force,2,0,5,2025-04-29,False
REC003800,ENU0166,Punjab,10,Female,Primary,None,Not in Labour Force,0,0,6,2025-07-25,False
REC003801,ENU0050,Rajasthan,39,Female,Higher Secondary,None,Not in Labour Force,2,0,3,2025-03-29,False
REC003802,ENU0094,Gujarat,33,Male,Higher Secondary,None,Not in Labour Force,0,0,4,2025-08-31,False
REC003803,ENU0013,West Bengal,33,Male,Higher Secondary,Carpenter,Employed,40,8816,5,2025-12-06,False
REC003804,ENU0083,Andhra Pradesh,65,Female,Graduate,Teacher,Employed,40,24271,5,2025-05-11,False
REC003805,ENU0149,Gujarat,16,Male,Secondary,None,Not in Labour Force,0,0,8,2025-08-26,False
REC003806,ENU0083,Karnataka,52,Male,Graduate,Clerk,Employed,30,11467,2,2025-05-03,False
REC003807,ENU0066,Karnataka,11,Male,Primary,None,Not in Labour Force,0,0,5,2025-10-01,False
REC003808,ENU0229,Gujarat,45,Female,Primary,None,Not in Labour Force,0,0,3,2025-09-10,False
REC003809,ENU0039,Rajasthan,11,Female,Primary,None,Not in Labour Force,5,0,5,2025-03-25,False
REC003810,ENU0215,Andhra Pradesh,45,Female,Primary,Construction Worker,Employed,46,7407,6,2025-03-08,False
REC003811,ENU0053,Rajasthan,64,Male,Primary,None,Not in Labour Force,5,0,5,2025-03-05,False
REC003812,ENU0121,Andhra Pradesh,62,Male,Secondary,Street Vendor,Employed,39,5858,3,2025-07-03,False
REC003813,ENU0066,Telangana,32,Female,Higher Secondary,Carpenter,Employed,40,8838,5,2025-08-12,False
REC003814,ENU0146,Gujarat,34,Female,Graduate,Bank Employee,Employed,44,35426,6,2025-08-01,False
REC003815,ENU0201,West Bengal,35,Female,Graduate,Teacher,Employed,46,32984,1,2025-11-20,False
REC003816,ENU0238,Rajasthan,44,Female,Higher Secondary,Shop Assistant,Employed,43,10486,6,2025-06-02,False
REC003817,ENU0127,Tamil Nadu,32,Female,Secondary,Street Vendor,Employed,76,14215,5,2025-03-05,False
REC003818,ENU0025,West Bengal,49,Female,Higher Secondary,Clerk,Employed,40,17492,9,2025-12-16,False
REC003819,ENU0126,Karnataka,39,Female,Illiterate,Construction Worker,Employed,41,6520,2,2025-09-29,False
REC003820,ENU0055,Tamil Nadu,39,Male,Higher Secondary,Driver,Employed,65,18735,7,2025-08-14,False
REC003821,ENU0120,Punjab,41,Female,Secondary,Factory Worker,Employed,24,7408,5,2025-01-05,False
REC003822,ENU0138,Gujarat,35,Female,Graduate,Clerk,Employed,48,18589,4,2025-11-11,False
REC003823,ENU0175,West Bengal,27,Female,Post Graduate,IT Professional,Employed,48,45643,2,2025-05-04,False
REC003824,ENU0139,Rajasthan,19,Female,Graduate,None,Unemployed,0,0,6,2025-05-15,False
REC003825,ENU0217,West Bengal,34,Male,Higher Secondary,None,Not in Labour Force,0,0,4,2025-12-28,False
REC003826,ENU0236,Bihar,18,Female,Post Graduate,None,Unemployed,0,0,5,2025-05-10,False
REC003827,ENU0099,Kerala,79,Female,Graduate,None,Not in Labour Force,0,0,5,2025-06-01,False
REC003828,ENU0193,Madhya Pradesh,26,Male,Secondary,Driver,Employed,68,18244,5,2025-09-11,False
REC003829,ENU0154,Assam,34,Male,Higher Secondary,Shop Assistant,Employed,51,11026,2,2025-08-18,False
REC003830,ENU0070,Madhya Pradesh,72,Female,Graduate,None,Not in Labour Force,0,0,3,2025-05-26,False
REC003831,ENU0033,Madhya Pradesh,11,Female,Primary,None,Not in Labour Force,0,0,5,2025-11-18,False
REC003832,ENU0245,Assam,24,Male,Graduate,None,Not in Labour Force,0,0,4,2025-08-13,False
REC003833,ENU0205,Andhra Pradesh,42,Female,Primary,Domestic Help,Employed,43,4132,1,2025-06-30,False
REC003834,ENU0083,Uttar Pradesh,19,Female,Secondary,None,Unemployed,0,0,4,2025-04-26,False
REC003835,ENU0133,Punjab,40,Female,Graduate,Sales Executive,Employed,43,23308,3,2025-12-30,False
REC003836,ENU0124,Tamil Nadu,52,Female,Higher Secondary,Shop Assistant,Employed,48,11917,5,2025-10-29,False
REC003837,ENU0143,Uttar Pradesh,71,Male,Secondary,None,Not in Labour Force,0,0,5,2025-05-14,False
REC003838,ENU0205,Kerala,24,Female,Primary,Factory Worker,Employed,18,3214,6,2025-08-02,False
REC003839,ENU0186,Telangana,69,Female,Graduate,None,Not in Labour Force,0,0,8,2025-01-06,False
REC003840,ENU0117,Assam,29,Male,Graduate,IT Professional,Employed,44,43705,4,2025-01-24,False
REC003841,ENU0144,Gujarat,67,Female,Higher Secondary,None,Not in Labour Force,5,0,6,2025-06-23,False
REC003842,ENU0159,Maharashtra,30,Male,Primary,Agricultural Labourer,Employed,56,10658,3,2025-01-27,False
REC003843,ENU0112,Gujarat,24,Female,Graduate,Bank Employee,Employed,63,74371,4,2025-12-11,False
REC003844,ENU0248,West Bengal,16,Male,Post Graduate,None,Not in Labour Force,0,0,2,2025-08-15,False
REC003845,ENU0096,West Bengal,16,Female,Primary,None,Unemployed,0,0,3,2025-11-03,False
REC003846,ENU0074,Tamil Nadu,44,Male,Secondary,None,Not in Labour Force,3,0,6,2025-10-12,False
REC003847,ENU0115,Punjab,33,Female,Higher Secondary,Technician,Employed,58,18354,4,2025-11-13,False
REC003848,ENU0014,Madhya Pradesh,17,Male,Illiterate,None,Not in Labour Force,0,0,4,2025-05-14,False
REC003849,ENU0152,Madhya Pradesh,9,Female,Primary,None,Not in Labour Force,0,0,5,2025-10-02,False
REC003850,ENU0196,Assam,41,Male,Secondary,Driver,Employed,38,8717,2,2025-06-07,False
REC003851,ENU0175,Kerala,28,Female,Post Graduate,IT Professional,Employed,18,21991,6,2025-09-25,False
REC003852,ENU0065,Punjab,61,Female,Illiterate,None,Not in Labour Force,0,0,3,2025-01-15,False
REC003853,ENU0026,Tamil Nadu,32,Male,Graduate,None,Not in Labour Force,2,0,7,2025-01-08,False
REC003854,ENU0164,Telangana,49,Female,Higher Secondary,Driver,Employed,130,8172,4,2025-05-29,True
REC003855,ENU0141,Odisha,21,Male,Secondary,None,Unemployed,0,0,6,2025-08-03,False
REC003856,ENU0051,Maharashtra,28,Male,Graduate,None,Unemployed,0,0,7,2025-11-27,False
REC003857,ENU0119,Karnataka,39,Female,Graduate,Clerk,Employed,47,17942,11,2025-10-13,False
REC003858,ENU0096,Uttar Pradesh,40,Male,Graduate,Bank Employee,Employed,49,53362,3,2025-01-18,False
REC003859,ENU0141,Bihar,31,Male,Graduate,Teacher,Employed,51,11459,2,2025-08-24,False
REC003860,ENU0216,Assam,44,Female,Primary,None,Not in Labour Force,0,0,4,2025-03-10,False
REC003861,ENU0102,West Bengal,48,Female,Primary,Agricultural Labourer,Employed,42,6490,5,2025-10-17,False
REC003862,ENU0103,Punjab,20,Male,Secondary,Driver,Employed,52,14091,5,2025-07-10,False
REC003863,ENU0029,Bihar,35,Male,Higher Secondary,None,Unemployed,130,0,1,2025-07-24,True
REC003864,ENU0203,West Bengal,25,Male,Secondary,None,Unemployed,0,0,6,2025-08-12,False
REC003865,ENU0027,Odisha,29,Male,Primary,None,Unemployed,0,0,3,2025-02-09,False
REC003866,ENU0078,Bihar,59,Female,Graduate,None,Not in Labour Force,0,0,5,2025-09-07,False
REC003867,ENU0180,Punjab,39,Male,Secondary,None,Not in Labour Force,0,0,4,2025-07-20,False
REC003868,ENU0049,Karnataka,27,Male,Secondary,None,Not in Labour Force,5,0,9,2025-05-17,False
REC003869,ENU0108,Madhya Pradesh,84,Male,Graduate,None,Not in Labour Force,0,0,2,2025-05-21,False
REC003870,ENU0110,Kerala,22,Female,Secondary,None,Unemployed,0,0,4,2025-09-13,False
REC003871,ENU0165,West Bengal,17,Female,Graduate,None,Not in Labour Force,0,0,5,2025-02-19,False
REC003872,ENU0155,Rajasthan,48,Male,Secondary,None,Not in Labour Force,0,0,1,2025-01-04,False
REC003873,ENU0077,Uttar Pradesh,31,Female,Illiterate,Construction Worker,Employed,31,5812,6,2025-12-01,False
REC003874,ENU0158,Telangana,51,Female,Secondary,Shop Assistant,Employed,63,12451,3,2025-12-17,False
REC003875,ENU0110,Karnataka,7,Male,Primary,None,Not in Labour Force,0,0,5,2025-06-19,False
REC003876,ENU0176,Rajasthan,24,Male,Higher Secondary,None,Unemployed,0,0,2,2025-12-20,False
REC003877,ENU0112,Telangana,44,Male,Higher Secondary,Carpenter,Employed,36,13196,6,2025-04-30,False
REC003878,ENU0223,Gujarat,18,Female,Post Graduate,None,Not in Labour Force,0,0,2,2025-12-01,False
REC003879,ENU0091,Tamil Nadu,38,Male,Higher Secondary,Driver,Employed,28,8451,5,2025-08-14,False
REC003880,ENU0238,Kerala,37,Male,Secondary,Shop Assistant,Employed,41,10006,2,2025-03-22,False
REC003881,ENU0124,Madhya Pradesh,34,Female,Primary,Domestic Help,Employed,60,8129,4,2025-02-04,False
REC003882,ENU0141,Karnataka,31,Female,Higher Secondary,None,Unemployed,0,0,2,2025-06-12,False
REC003883,ENU0028,Kerala,33,Male,Primary,None,Unemployed,0,0,4,2025-03-11,False
REC003884,ENU0119,Karnataka,70,Female,Graduate,None,Not in Labour Force,0,0,5,2025-02-16,False
REC003885,ENU0141,Gujarat,15,Female,Graduate,None,Not in Labour Force,0,0,3,2025-06-08,False
REC003886,ENU0217,Assam,24,Female,Graduate,None,Not in Labour Force,0,0,2,2025-08-05,False
REC003887,ENU0168,West Bengal,63,Female,Primary,None,Not in Labour Force,5,0,3,2025-10-08,False
REC003888,ENU0088,Kerala,51,Male,Higher Secondary,Shop Assistant,Employed,51,11195,4,2025-08-11,False
REC003889,ENU0082,Maharashtra,48,Male,Secondary,Shop Assistant,Employed,41,5576,3,2025-08-30,False
REC003890,ENU0188,Bihar,28,Female,Primary,None,Unemployed,0,0,4,2025-06-30,False
REC003891,ENU0217,Kerala,28,Male,Secondary,Street Vendor,Employed,58,9704,4,2025-09-26,False
REC003892,ENU0082,Punjab,37,Male,Graduate,Teacher,Employed,33,21935,1,2025-12-24,False
REC003893,ENU0023,Maharashtra,14,Male,Primary,None,Not in Labour Force,0,0,4,2025-11-05,False
REC003894,ENU0180,Uttar Pradesh,27,Male,Higher Secondary,Carpenter,Employed,53,17553,2,2025-09-01,False
REC003895,ENU0018,Assam,16,Male,Secondary,None,Not in Labour Force,0,0,4,2025-05-29,False
REC003896,ENU0075,Andhra Pradesh,42,Female,Secondary,Factory Worker,Employed,74,17685,5,2025-05-21,False
REC003897,ENU0028,Madhya Pradesh,62,Female,Graduate,None,Not in Labour Force,0,0,3,2025-10-20,False
REC003898,ENU0004,Punjab,11,Male,Primary,None,Not in Labour Force,0,0,4,2025-06-13,False
REC003899,ENU0240,Karnataka,32,Female,Primary,None,Not in Labour Force,0,0,3,2025-08-08,False
REC003900,ENU0028,Telangana,33,Female,Primary,Street Vendor,Employed,41,8152,3,2025-01-01,False
REC003901,ENU0113,Rajasthan,16,Female,Higher Secondary,Technician,Employed,25,7093,2,2025-07-02,False
REC003902,ENU0193,Bihar,33,Female,Illiterate,Domestic Help,Unemployed,0,0,3,2025-07-13,False
REC003903,ENU0233,Uttar Pradesh,31,Female,Graduate,Sales Executive,Employed,45,20733,2,2025-12-29,False
REC003904,ENU0178,Kerala,47,Female,Higher Secondary,Driver,Employed,25,4804,7,2025-01-08,False
REC003905,ENU0101,Punjab,50,Male,Primary,Agricultural Labourer,Employed,26,5115,5,2025-08-25,False
REC003906,ENU0032,Rajasthan,42,Female,Secondary,Carpenter,Employed,34,10622,9,2025-04-08,False
REC003907,ENU0116,Assam,66,Male,Secondary,None,Not in Labour Force,0,0,4,2025-03-24,False
REC003908,ENU0167,Madhya Pradesh,36,Male,Secondary,Factory Worker,Employed,32,9156,4,2025-10-21,False
REC003909,ENU0218,Odisha,30,Male,Primary,Construction Worker,Employed,57,11620,5,2025-02-11,False
REC003910,ENU0089,Assam,17,Female,Secondary,None,Unemployed,0,0,3,2025-01-05,False
REC003911,ENU0033,Gujarat,36,Male,Graduate,Bank Employee,Employed,43,45326,3,2025-05-10,False
REC003912,ENU0014,Karnataka,40,Male,Secondary,None,Not in Labour Force,0,0,5,2025-08-10,False
REC003913,ENU0009,Punjab,36,Male,Higher Secondary,Driver,Employed,29,5635,4,2025-10-26,False
REC003914,ENU0052,Madhya Pradesh,33,Male,Graduate,None,Not in Labour Force,0,0,4,2025-06-12,False
REC003915,ENU0197,Karnataka,33,Male,Post Graduate,Teacher,Employed,55,24019,6,2025-07-12,False
REC003916,ENU0231,Gujarat,33,Male,Secondary,Shop Assistant,Employed,48,8205,2,2025-06-11,False
REC003917,ENU0091,Odisha,28,Female,Higher Secondary,Technician,Employed,44,17285,3,2025-06-23,False
REC003918,ENU0047,Punjab,18,Female,Primary,None,Unemployed,0,0,7,2025-12-14,False
REC003919,ENU0157,Uttar Pradesh,29,Male,Secondary,Factory Worker,Employed,68,14632,3,2025-03-18,False
REC003920,ENU0192,Assam,44,Male,Graduate,None,Not in Labour Force,0,0,8,2025-03-31,False
REC003921,ENU0167,Odisha,8,Male,Primary,None,Not in Labour Force,1,0,5,2025-06-03,False
REC003922,ENU0016,Rajasthan,41,Male,Graduate,Bank Employee,Employed,25,23001,4,2025-06-20,False
REC003923,ENU0236,Gujarat,14,Male,Primary,None,Not in Labour Force,0,0,5,2025-08-04,False
REC003924,ENU0052,West Bengal,30,Male,Secondary,None,Unemployed,0,0,6,2025-10-31,False
REC003925,ENU0126,Gujarat,46,Female,Secondary,Driver,Employed,41,10716,4,2025-11-01,False
REC003926,ENU0125,Kerala,8,Male,Primary,None,Not in Labour Force,2,0,6,2025-02-11,False
REC003927,ENU0108,Maharashtra,68,Female,Primary,None,Not in Labour Force,0,0,2,2025-08-21,False
REC003928,ENU0234,Tamil Nadu,35,Female,Post Graduate,None,Unemployed,0,0,7,2025-06-28,False
REC003929,ENU0057,Bihar,71,Male,Secondary,None,Unemployed,0,0,7,2025-02-27,False
REC003930,ENU0220,Madhya Pradesh,29,Female,Primary,Construction Worker,Employed,17,4109,8,2025-05-06,False
REC003931,ENU0106,Karnataka,24,Male,Secondary,None,Unemployed,0,0,4,2025-06-04,False
REC003932,ENU0160,West Bengal,34,Male,Illiterate,Agricultural Labourer,Employed,51,8772,1,2025-05-22,False
REC003933,ENU0173,Tamil Nadu,28,Male,Higher Secondary,Clerk,Employed,41,16801,5,2025-03-30,False
REC003934,ENU0123,Assam,42,Female,Primary,Domestic Help,Employed,32,4417,3,2025-06-22,False
REC003935,ENU0242,Rajasthan,38,Male,Primary,Street Vendor,Employed,60,6829,1,2025-09-10,False
REC003936,ENU0209,Kerala,40,Male,Primary,Domestic Help,Employed,56,6384,3,2025-03-11,False
REC003937,ENU0250,Maharashtra,46,Female,Primary,Street Vendor,Employed,31,5569,5,2025-09-20,False
REC003938,ENU0238,Maharashtra,32,Female,Primary,Agricultural Labourer,Employed,48,8534,3,2025-08-30,False
REC003939,ENU0196,Gujarat,37,Female,Secondary,Shop Assistant,Employed,42,12931,6,2025-12-06,False
REC003940,ENU0218,Rajasthan,44,Male,Primary,Domestic Help,Employed,46,5034,5,2025-10-25,False
REC003941,ENU0023,Assam,45,Female,Post Graduate,Teacher,Employed,48,21935,3,2025-02-28,False
REC003942,ENU0138,Rajasthan,24,Female,Graduate,Teacher,Employed,29,15895,3,2025-08-30,False
REC003943,ENU0221,Madhya Pradesh,60,Male,Secondary,Street Vendor,Employed,65,15940,4,2025-09-08,False
REC003944,ENU0046,Maharashtra,55,Male,Secondary,Driver,Employed,41,15419,3,2025-12-30,False
REC003945,ENU0100,Kerala,49,Female,Graduate,Clerk,Employed,50,16530,7,2025-10-21,False
REC003946,ENU0157,Kerala,64,Female,Secondary,None,Not in Labour Force,5,0,8,2025-09-24,False
REC003947,ENU0203,Madhya Pradesh,39,Female,Graduate,None,Unemployed,0,0,5,2025-08-24,False
REC003948,ENU0009,Assam,17,Female,Secondary,None,Not in Labour Force,4,0,2,2025-05-08,False
REC003949,ENU0228,Karnataka,50,Male,Secondary,Driver,Employed,41,10345,3,2025-04-11,False
REC003950,ENU0232,Uttar Pradesh,16,Female,Primary,None,Not in Labour Force,0,0,3,2025-09-06,False
REC003951,ENU0026,Karnataka,18,Female,Higher Secondary,None,Unemployed,0,0,6,2025-12-06,False
REC003952,ENU0090,Odisha,23,Male,Post Graduate,Engineer,Employed,37,53138,2,2025-03-02,False
REC003953,ENU0166,Gujarat,31,Female,Secondary,None,Unemployed,0,0,5,2025-11-03,False
REC003954,ENU0034,Andhra Pradesh,49,Male,Secondary,Factory Worker,Employed,61,15270,4,2025-12-26,False
REC003955,ENU0133,Odisha,26,Female,Secondary,Street Vendor,Employed,41,8405,7,2025-12-16,False
REC003956,ENU0112,Assam,49,Female,Higher Secondary,Carpenter,Employed,28,7908,9,2025-10-17,False
REC003957,ENU0225,Tamil Nadu,14,Male,Primary,None,Not in Labour Force,0,0,5,2025-02-16,False
REC003958,ENU0086,Uttar Pradesh,30,Male,Primary,Factory Worker,Employed,6,1321,5,2025-12-15,False
REC003959,ENU0169,Telangana,29,Male,Higher Secondary,Driver,Employed,42,7625,7,2025-07-10,False
REC003960,ENU0104,Bihar,58,Female,Higher Secondary,Technician,Unemployed,0,0,2,2025-09-23,False
REC003961,ENU0183,Punjab,43,Female,Post Graduate,Government Officer,Employed,52,44943,1,2025-11-18,False
REC003962,ENU0055,Telangana,21,Female,Primary,None,Unemployed,0,0,2,2025-01-24,False
REC003963,ENU0003,Punjab,23,Male,Primary,Agricultural Labourer,Employed,73,12088,9,2025-05-04,False
REC003964,ENU0241,Odisha,34,Male,Higher Secondary,None,Unemployed,0,0,3,2025-12-05,False
REC003965,ENU0062,Rajasthan,30,Female,Secondary,None,Unemployed,0,0,6,2025-02-14,False
REC003966,ENU0156,Karnataka,50,Female,Secondary,Driver,Employed,60,16332,3,2025-01-16,False
REC003967,ENU0132,Kerala,11,Male,Primary,None,Not in Labour Force,2,0,5,2025-12-20,False
REC003968,ENU0073,Gujarat,65,Male,Graduate,None,Not in Labour Force,2,0,4,2025-12-08,False
REC003969,ENU0204,West Bengal,51,Male,Illiterate,Domestic Help,Employed,39,5492,4,2025-06-13,False
REC003970,ENU0068,Maharashtra,48,Female,Post Graduate,None,Not in Labour Force,5,0,3,2025-08-09,False
REC003971,ENU0022,Tamil Nadu,38,Male,Graduate,Sales Executive,Employed,58,25088,2,2025-01-29,False
REC003972,ENU0128,Telangana,31,Female,Illiterate,Domestic Help,Employed,52,9680583,4,2025-08-07,True
REC003973,ENU0223,Odisha,44,Female,Primary,Construction Worker,Employed,35,7209,3,2025-06-15,False
REC003974,ENU0094,Bihar,66,Female,Secondary,None,Unemployed,0,0,1,2025-02-28,False
REC003975,ENU0163,West Bengal,11,Male,Primary,None,Not in Labour Force,0,0,5,2025-03-01,False
REC003976,ENU0177,Tamil Nadu,34,Male,Primary,Street Vendor,Employed,28,4215,4,2025-09-29,False
REC003977,ENU0039,Andhra Pradesh,37,Male,Higher Secondary,Clerk,Employed,42,16418,6,2025-10-17,False
REC003978,ENU0212,Rajasthan,10,Male,Primary,None,Not in Labour Force,0,0,3,2025-09-25,False
REC003979,ENU0108,Assam,35,Female,Secondary,Street Vendor,Employed,47,8911,3,2025-05-17,False
REC003980,ENU0126,Madhya Pradesh,17,Male,Secondary,None,Not in Labour Force,8,0,5,2025-12-11,False
REC003981,ENU0061,Assam,23,Female,Illiterate,Agricultural Labourer,Employed,33,5664,3,2025-10-06,False
REC003982,ENU0200,Madhya Pradesh,32,Female,Graduate,None,Not in Labour Force,5,0,3,2025-11-20,False
REC003983,ENU0047,Bihar,20,Female,Illiterate,None,Unemployed,0,0,3,2025-06-29,False
REC003984,ENU0160,Punjab,23,Male,Graduate,IT Professional,Employed,23,25250,3,2025-01-28,False
REC003985,ENU0054,Assam,22,Male,Secondary,None,Unemployed,0,0,3,2025-10-11,False
REC003986,ENU0194,Odisha,58,Male,Graduate,None,Not in Labour Force,0,0,4,2025-12-27,False
REC003987,ENU0248,Rajasthan,9,Male,Primary,None,Not in Labour Force,0,0,1,2025-10-15,False
REC003988,ENU0234,Andhra Pradesh,37,Male,Secondary,None,Unemployed,0,0,3,2025-01-10,False
REC003989,ENU0130,Tamil Nadu,58,Male,Graduate,None,Not in Labour Force,0,0,9,2025-12-10,False
REC003990,ENU0107,Rajasthan,11,Other,Primary,None,Not in Labour Force,4,0,4,2025-10-26,False
REC003991,ENU0176,Madhya Pradesh,36,Female,Higher Secondary,Technician,Employed,19,6453,1,2025-03-28,False
REC003992,ENU0016,Punjab,32,Male,Higher Secondary,Technician,Employed,58,20553,4,2025-12-11,False
REC003993,ENU0166,Maharashtra,37,Female,Illiterate,None,Unemployed,0,0,4,2025-07-13,False
REC003994,ENU0037,West Bengal,38,Female,Primary,None,Not in Labour Force,0,0,6,2025-10-30,False
REC003995,ENU0002,Andhra Pradesh,35,Male,Primary,Domestic Help,Employed,43,4717,5,2025-03-30,False
REC003996,ENU0084,Tamil Nadu,29,Male,Post Graduate,Bank Employee,Employed,42,39814,2,2025-08-23,False
REC003997,ENU0165,Punjab,45,Male,Secondary,Street Vendor,Employed,44,5138,7,2025-01-29,False
REC003998,ENU0078,Karnataka,21,Female,Secondary,Shop Assistant,Employed,46,10903,3,2025-03-25,False
REC003999,ENU0117,Bihar,31,Female,Secondary,Factory Worker,Employed,39,4446,4,2025-07-26,False
REC004000,ENU0210,Tamil Nadu,49,Female,Secondary,Street Vendor,Employed,30,4759,6,2025-07-27,False
REC004001,ENU0013,Uttar Pradesh,17,Female,Higher Secondary,None,Unemployed,0,0,8,2025-03-30,False
REC004002,ENU0047,Uttar Pradesh,20,Female,Graduate,Clerk,Employed,51,18144,5,2025-04-04,False
REC004003,ENU0068,Odisha,31,Female,Graduate,IT Professional,Employed,59,75105,6,2025-07-28,False
REC004004,ENU0205,Odisha,31,Female,Graduate,Clerk,Employed,40,19161,5,2025-05-04,False
REC004005,ENU0078,Odisha,20,Female,Secondary,Carpenter,Employed,45,14754,5,2025-02-27,False
REC004006,ENU0203,Karnataka,56,Male,Graduate,None,Not in Labour Force,0,0,4,2025-12-01,False
REC004007,ENU0139,Madhya Pradesh,7,Male,Primary,None,Not in Labour Force,0,0,1,2025-10-24,False
REC004008,ENU0132,Uttar Pradesh,41,Female,Secondary,Street Vendor,Employed,44,8874,5,2025-01-08,False
REC004009,ENU0165,Karnataka,28,Male,Post Graduate,Government Officer,Employed,62,36738,5,2025-12-12,False
REC004010,ENU0247,Uttar Pradesh,50,Female,Higher Secondary,Driver,Employed,14,4316,2,2025-07-20,False
REC004011,ENU0049,Maharashtra,10,Female,Primary,None,Not in Labour Force,0,0,3,2025-06-18,False
REC004012,ENU0231,Bihar,37,Female,Illiterate,Street Vendor,Unemployed,0,0,5,2025-07-10,False
REC004013,ENU0225,West Bengal,36,Female,Higher Secondary,Carpenter,Employed,30,9079,5,2025-04-27,False
REC004014,ENU0169,Rajasthan,58,Male,Secondary,Street Vendor,Employed,71,16768,4,2025-11-14,False
REC004015,ENU0176,Rajasthan,40,Male,Graduate,IT Professional,Employed,44,55391,4,2025-06-16,False
REC004016,ENU0196,Bihar,14,Male,Primary,None,Not in Labour Force,0,0,3,2025-08-15,False
REC004017,ENU0027,Telangana,36,Male,Graduate,Sales Executive,Employed,52,29488,5,2025-01-03,False
REC004018,ENU0205,Uttar Pradesh,35,Male,Secondary,Factory Worker,Employed,33,10635,4,2025-11-03,False
REC004019,ENU0124,Madhya Pradesh,-6,Male,Post Graduate,Government Officer,Employed,36,25616,6,2025-09-07,True
REC004020,ENU0248,Tamil Nadu,33,Male,Higher Secondary,Driver,Employed,22,5519,4,2025-06-16,False
REC004021,ENU0182,Rajasthan,33,Male,Post Graduate,Bank Employee,Employed,59,71925,3,2025-04-06,False
REC004022,ENU0046,Rajasthan,31,Female,Graduate,None,Unemployed,0,0,6,2025-09-25,False
REC004023,ENU0248,Kerala,17,Male,Illiterate,None,Not in Labour Force,0,0,5,2025-08-12,False
REC004024,ENU0059,Andhra Pradesh,43,Male,Graduate,None,Not in Labour Force,0,0,6,2025-02-01,False
REC004025,ENU0088,Rajasthan,27,Male,Secondary,Driver,Employed,41,12167,4,2025-02-05,False
REC004026,ENU0015,Karnataka,31,Female,Secondary,None,Not in Labour Force,0,0,4,2025-09-13,False
REC004027,ENU0037,Kerala,63,Male,Post Graduate,Teacher,Employed,38,17372,3,2025-01-04,False
REC004028,ENU0239,Telangana,33,Male,Primary,Agricultural Labourer,Employed,22,3247,0,2025-04-30,True
REC004029,ENU0176,Odisha,38,Male,Secondary,Street Vendor,Employed,36,4583,9,2025-03-16,False
REC004030,ENU0095,Bihar,41,Male,Primary,Factory Worker,Unemployed,0,0,3,2025-05-22,False
REC004031,ENU0045,Andhra Pradesh,29,Male,Graduate,Teacher,Employed,59,20667,5,2025-07-07,False
REC004032,ENU0178,Andhra Pradesh,39,Male,Secondary,Carpenter,Employed,33,11495,3,2025-09-07,False
REC004033,ENU0077,Odisha,23,Male,Higher Secondary,None,Unemployed,0,0,4,2025-07-21,False
REC004034,ENU0044,Uttar Pradesh,52,Male,Secondary,Street Vendor,Employed,56,10912,6,2025-03-18,False
REC004035,ENU0074,Punjab,12,Male,Primary,None,Not in Labour Force,0,0,3,2025-07-08,False
REC004036,ENU0061,Tamil Nadu,33,Male,Primary,Street Vendor,Employed,37,4565,3,2025-11-03,False
REC004037,ENU0095,Kerala,47,Male,Secondary,Factory Worker,Employed,44,10367,6,2025-02-28,False
REC004038,ENU0083,Tamil Nadu,40,Male,Secondary,Factory Worker,Employed,34,8411,5,2025-07-16,False
REC004039,ENU0117,Bihar,35,Female,Primary,Factory Worker,Employed,46,4560,6,2025-08-04,False
REC004040,ENU0148,Andhra Pradesh,78,Female,Higher Secondary,None,Not in Labour Force,4,0,6,2025-11-26,False
REC004041,ENU0036,Tamil Nadu,41,Female,Primary,Construction Worker,Employed,50,11469,4,2025-08-14,False
REC004042,ENU0249,Gujarat,13,Other,Primary,None,Not in Labour Force,6,0,7,2025-12-31,False
REC004043,ENU0093,Punjab,75,Male,Post Graduate,None,Not in Labour Force,0,0,9,2025-04-01,False
REC004044,ENU0041,Karnataka,13,Male,Primary,None,Not in Labour Force,0,0,3,2025-05-09,False
REC004045,ENU0171,Telangana,42,Female,Secondary,Driver,Employed,42,11838,3,2025-05-22,False
REC004046,ENU0186,Maharashtra,46,Male,Higher Secondary,None,Unemployed,0,0,3,2025-06-16,False
REC004047,ENU0019,Tamil Nadu,34,Male,Primary,Factory Worker,Employed,43,10092,5,2025-11-24,False
REC004048,ENU0188,West Bengal,33,Female,Higher Secondary,Driver,Employed,29,7681,2,2025-10-29,False
REC004049,ENU0148,Odisha,45,Female,Primary,Construction Worker,Employed,40,6208,3,2025-11-28,False
REC004050,ENU0197,West Bengal,47,Female,Post Graduate,Doctor,Employed,52,67981,3,2025-12-16,False
REC004051,ENU0144,Odisha,16,Female,Secondary,None,Unemployed,0,0,7,2025-11-21,False
REC004052,ENU0013,Tamil Nadu,27,Female,Post Graduate,IT Professional,Employed,22,29364,5,2025-05-25,False
REC004053,ENU0094,Gujarat,49,Male,Graduate,IT Professional,Employed,53,44760,2,2025-08-12,False
REC004054,ENU0108,Madhya Pradesh,54,Female,Higher Secondary,Carpenter,Employed,76,27928,4,2025-11-16,False
REC004055,ENU0068,Telangana,20,Male,Post Graduate,None,Unemployed,0,0,5,2025-01-12,False
REC004056,ENU0119,Bihar,19,Female,Secondary,Carpenter,Employed,56,5682,5,2025-01-08,False
REC004057,ENU0093,West Bengal,20,Male,Primary,None,Unemployed,0,0,3,2025-03-08,False
REC004058,ENU0101,Karnataka,30,Male,Secondary,Factory Worker,Employed,47,12995,4,2025-07-13,False
REC004059,ENU0125,Odisha,9,Male,Primary,None,Not in Labour Force,7,0,6,2025-12-09,False
REC004060,ENU0206,Kerala,53,Male,Secondary,Driver,Employed,51,12962,2,2025-01-16,False
REC004061,ENU0149,Telangana,12,Male,Primary,None,Not in Labour Force,7,0,3,2025-04-02,False
REC004062,ENU0058,Gujarat,34,Male,Primary,Agricultural Labourer,Employed,64,13532,4,2025-06-06,False
REC004063,ENU0214,Karnataka,54,Female,Primary,Agricultural Labourer,Employed,28,4200,5,2025-09-24,False
REC004064,ENU0035,Telangana,38,Female,Graduate,Sales Executive,Employed,59,29995,4,2025-04-09,False
REC004065,ENU0237,West Bengal,74,Male,Graduate,None,Not in Labour Force,0,0,3,2025-03-03,False
REC004066,ENU0063,Punjab,32,Female,Primary,None,Not in Labour Force,0,0,4,2025-07-28,False
REC004067,ENU0001,Rajasthan,13,Male,Primary,None,Not in Labour Force,8,0,8,2025-02-26,False
REC004068,ENU0132,Kerala,78,Male,Higher Secondary,None,Not in Labour Force,9,0,8,2025-06-05,False
REC004069,ENU0114,Rajasthan,30,Female,Graduate,None,Not in Labour Force,0,0,5,2025-02-20,False
REC004070,ENU0187,Maharashtra,45,Male,Primary,None,Unemployed,0,0,1,2025-05-07,False
REC004071,ENU0197,Assam,33,Female,Primary,None,Not in Labour Force,0,0,6,2025-10-10,False
REC004072,ENU0200,Rajasthan,10,Male,Primary,None,Not in Labour Force,0,0,7,2025-09-16,False
REC004073,ENU0051,Punjab,42,Male,Secondary,None,Unemployed,0,0,2,2025-05-06,False
REC004074,ENU0179,Andhra Pradesh,12,Male,Primary,None,Not in Labour Force,0,0,5,2025-01-30,False
REC004075,ENU0085,Andhra Pradesh,16,Male,Graduate,None,Unemployed,0,0,7,2025-12-21,False
REC004076,ENU0225,Gujarat,33,Female,Secondary,Factory Worker,Employed,50,13458,2,2025-10-03,False
REC004077,ENU0016,West Bengal,55,Female,Primary,Street Vendor,Employed,40,7084,5,2025-11-25,False
REC004078,ENU0032,Uttar Pradesh,32,Female,Post Graduate,Engineer,Employed,59,59230,6,2025-01-22,False
REC004079,ENU0177,Gujarat,26,Female,Primary,None,Not in Labour Force,7,0,3,2025-01-12,False
REC004080,ENU0166,Madhya Pradesh,31,Male,Primary,None,Not in Labour Force,6,0,3,2025-01-21,False
REC004081,ENU0036,Uttar Pradesh,43,Male,Secondary,Driver,Employed,12,2164,1,2025-11-27,False
REC004082,ENU0105,Rajasthan,32,Female,Graduate,None,Not in Labour Force,0,0,2,2025-05-03,False
REC004083,ENU0066,Uttar Pradesh,42,Male,Graduate,Bank Employee,Employed,34,29523,4,2025-02-02,False
REC004084,ENU0033,Gujarat,50,Female,Graduate,Teacher,Employed,32,20751,5,2025-04-18,False
REC004085,ENU0217,Odisha,29,Female,Higher Secondary,None,Unemployed,0,0,6,2025-11-01,False
REC004086,ENU0038,Odisha,71,Male,Graduate,None,Not in Labour Force,1,0,4,2025-02-08,False
REC004087,ENU0036,Punjab,42,Female,Secondary,None,Not in Labour Force,0,0,4,2025-03-10,False
REC004088,ENU0136,Assam,51,Female,Post Graduate,Teacher,Employed,40,29236,2,2025-01-21,False
REC004089,ENU0142,Telangana,18,Female,Higher Secondary,Shop Assistant,Employed,47,6556,3,2025-09-19,False
REC004090,ENU0127,Assam,29,Female,Higher Secondary,None,Not in Labour Force,2,0,4,2025-07-10,False
REC004091,ENU0048,Madhya Pradesh,17,Male,Secondary,Shop Assistant,Employed,54,13021,2,2025-10-10,False
REC004092,ENU0166,Karnataka,22,Male,Illiterate,Domestic Help,Employed,19,3072,3,2025-03-04,False
REC004093,ENU0125,West Bengal,32,Male,Graduate,IT Professional,Employed,62,99957,4,2025-04-23,False
REC004094,ENU0229,Punjab,83,Male,Secondary,None,Not in Labour Force,0,0,3,2025-04-28,False
REC004095,ENU0202,Uttar Pradesh,45,Male,Primary,Construction Worker,Employed,40,10763,5,2025-11-02,False
REC004096,ENU0148,Assam,40,Male,Higher Secondary,Clerk,Employed,52,15049,2,2025-10-01,False
REC004097,ENU0134,West Bengal,32,Male,Primary,Domestic Help,Employed,45,6229,3,2025-05-22,False
REC004098,ENU0143,Andhra Pradesh,17,Female,Secondary,Factory Worker,Employed,44,12655,1,2025-07-02,False
REC004099,ENU0022,Madhya Pradesh,37,Female,Graduate,IT Professional,Employed,38,47182,4,2025-10-26,False
REC004100,ENU0140,West Bengal,40,Female,Secondary,Driver,Employed,51,13806,5,2025-08-08,False
REC004101,ENU0149,Telangana,28,Male,Higher Secondary,Driver,Employed,46,12068,4,2025-10-03,False
REC004102,ENU0071,Assam,33,Female,Secondary,None,Not in Labour Force,0,0,2,2025-01-08,False
REC004103,ENU0043,Telangana,70,Male,Secondary,None,Not in Labour Force,0,0,2,2025-09-09,False
REC004104,ENU0161,Telangana,21,Female,Primary,Domestic Help,Employed,47,6056,4,2025-11-03,False
REC004105,ENU0001,Kerala,38,Female,Primary,Street Vendor,Employed,59,7841,4,2025-03-03,False
REC004106,ENU0030,Tamil Nadu,31,Male,Secondary,Carpenter,Employed,41,16497,3,2025-05-14,False
REC004107,ENU0210,Assam,61,Female,Primary,Factory Worker,Employed,21,5581,4,2025-09-22,False
REC004108,ENU0087,Andhra Pradesh,18,Male,Higher Secondary,Shop Assistant,Employed,57,14227,5,2025-05-04,False
REC004109,ENU0229,Odisha,39,Female,Higher Secondary,Clerk,Employed,20,9196,1,2025-06-01,False
REC004110,ENU0193,Bihar,43,Male,Secondary,Shop Assistant,Employed,31,2285,7,2025-05-21,False
REC004111,ENU0150,Rajasthan,10,Female,Primary,None,Not in Labour Force,0,0,3,2025-02-22,False
REC004112,ENU0103,Rajasthan,34,Female,Graduate,Bank Employee,Employed,55,50318,7,2025-11-07,False
REC004113,ENU0002,Madhya Pradesh,13,Male,Primary,None,Not in Labour Force,0,0,3,2025-02-16,False
REC004114,ENU0029,Telangana,18,Male,Higher Secondary,None,Not in Labour Force,9,0,2,2025-09-15,False
REC004115,ENU0118,Assam,39,Male,Illiterate,Street Vendor,Employed,31,6124,6,2025-06-04,False
REC004116,ENU0244,Assam,73,Other,Higher Secondary,None,Not in Labour Force,0,0,3,2025-05-26,False
REC004117,ENU0082,Uttar Pradesh,67,Female,Secondary,None,Not in Labour Force,0,0,5,2025-04-27,False
REC004118,ENU0099,Gujarat,-9,Male,Primary,None,Not in Labour Force,0,0,3,2025-04-19,True
REC004119,ENU0187,Punjab,72,Male,Secondary,None,Not in Labour Force,0,0,5,2025-01-07,False
REC004120,ENU0218,Telangana,27,Male,Post Graduate,None,Unemployed,0,0,4,2025-04-14,False
REC004121,ENU0087,Karnataka,23,Male,Secondary,Street Vendor,Employed,42,6194,1,2025-06-14,False
REC004122,ENU0199,Maharashtra,19,Female,Graduate,Bank Employee,Employed,54,59297,4,2025-05-02,False
REC004123,ENU0029,Maharashtra,-3,Female,Secondary,Street Vendor,Employed,59,7363,4,2025-10-13,True
REC004124,ENU0210,Gujarat,20,Female,Illiterate,None,Unemployed,0,0,1,2025-04-02,False
REC004125,ENU0093,Assam,36,Female,Graduate,Bank Employee,Employed,40,37214,3,2025-06-15,False
REC004126,ENU0013,Tamil Nadu,48,Female,Primary,Agricultural Labourer,Employed,55,10522,4,2025-12-11,False
REC004127,ENU0201,Andhra Pradesh,47,Female,Higher Secondary,Carpenter,Employed,35,8631,7,2025-10-16,False
REC004128,ENU0242,Odisha,25,Male,Primary,None,Unemployed,0,0,2,2025-01-27,False
REC004129,ENU0131,Telangana,72,Female,Primary,None,Not in Labour Force,9,0,8,2025-07-28,False
REC004130,ENU0110,Madhya Pradesh,38,Male,Secondary,Street Vendor,Employed,63,15241,7,2025-05-17,False
REC004131,ENU0019,West Bengal,31,Female,Secondary,Shop Assistant,Employed,39,11133,4,2025-06-13,False
REC004132,ENU0051,Odisha,68,Male,Graduate,None,Not in Labour Force,0,0,2,2025-01-29,False
REC004133,ENU0054,Andhra Pradesh,19,Female,Secondary,Driver,Employed,66,21847,3,2025-12-20,False
REC004134,ENU0002,Uttar Pradesh,60,Male,Secondary,None,Not in Labour Force,0,0,5,2025-02-20,False
REC004135,ENU0063,Tamil Nadu,11,Male,Primary,None,Not in Labour Force,0,0,6,2025-10-23,False
REC004136,ENU0201,Bihar,32,Male,Secondary,None,Unemployed,0,0,7,2025-12-02,False
REC004137,ENU0173,Rajasthan,25,Male,Higher Secondary,None,Unemployed,0,0,6,2025-04-14,False
REC004138,ENU0062,Gujarat,22,Male,Secondary,Street Vendor,Employed,70,7983,4,2025-03-24,False
REC004139,ENU0026,Karnataka,21,Female,Secondary,Driver,Employed,43,8703,6,2025-03-31,False
REC004140,ENU0190,Uttar Pradesh,73,Male,Higher Secondary,None,Not in Labour Force,7,0,1,2025-11-21,False
REC004141,ENU0216,Rajasthan,34,Male,Graduate,IT Professional,Employed,44,53927,3,2025-05-31,False
REC004142,ENU0242,West Bengal,25,Female,Secondary,Shop Assistant,Employed,37,10794,2,2025-02-08,False
REC004143,ENU0213,Telangana,55,Male,Higher Secondary,Technician,Employed,50,20701,5,2025-08-31,False
REC004144,ENU0063,Telangana,43,Male,Higher Secondary,None,Not in Labour Force,0,0,5,2025-01-28,False
REC004145,ENU0203,Telangana,28,Female,Graduate,None,Unemployed,0,0,3,2025-10-27,False
REC004146,ENU0169,Telangana,34,Male,Post Graduate,Doctor,Employed,20,40284,2,2025-05-10,False
REC004147,ENU0087,Karnataka,52,Male,Higher Secondary,Driver,Employed,37,10065,5,2025-03-10,False
REC004148,ENU0048,West Bengal,37,Male,Higher Secondary,Carpenter,Employed,47,15028,5,2025-08-05,False
REC004149,ENU0016,Andhra Pradesh,10,Female,Primary,None,Not in Labour Force,8,0,3,2025-09-01,False
REC004150,ENU0009,Maharashtra,13,Female,Primary,None,Not in Labour Force,0,0,8,2025-10-25,False
REC004151,ENU0180,Rajasthan,25,Male,Higher Secondary,Shop Assistant,Employed,31,6844,4,2025-07-16,False
REC004152,ENU0112,Assam,37,Male,Illiterate,Street Vendor,Employed,40,4700,4,2025-12-26,False
REC004153,ENU0077,Odisha,62,Male,Secondary,None,Not in Labour Force,8,0,4,2025-07-07,False
REC004154,ENU0024,Maharashtra,46,Male,Secondary,Driver,Employed,42,8788,3,2025-05-11,False
REC004155,ENU0031,Andhra Pradesh,38,Male,Graduate,None,Not in Labour Force,0,0,6,2025-08-12,False
REC004156,ENU0070,Telangana,48,Male,Secondary,Shop Assistant,Employed,52,8933,4,2025-07-10,False
REC004157,ENU0075,Rajasthan,37,Male,Higher Secondary,None,Not in Labour Force,0,0,8,2025-07-21,False
REC004158,ENU0092,West Bengal,42,Female,Illiterate,None,Not in Labour Force,0,0,6,2025-12-19,False
REC004159,ENU0125,Odisha,34,Male,Graduate,IT Professional,Employed,66,95904,7,2025-10-09,False
REC004160,ENU0127,Madhya Pradesh,24,Male,Post Graduate,Teacher,Employed,54,29196,6,2025-06-10,False
REC004161,ENU0216,Tamil Nadu,33,Female,Secondary,None,Unemployed,0,0,10,2025-12-26,False
REC004162,ENU0007,Maharashtra,65,Male,Secondary,Driver,Employed,27,10449,1,2025-04-06,False
REC004163,ENU0245,West Bengal,12,Male,Primary,None,Not in Labour Force,0,0,3,2025-02-19,False
REC004164,ENU0042,Uttar Pradesh,7,Male,Primary,None,Not in Labour Force,0,0,5,2025-01-14,False
REC004165,ENU0195,Tamil Nadu,25,Female,Graduate,Teacher,Employed,34,18400,5,2025-06-27,False
REC004166,ENU0109,Punjab,18,Female,Secondary,Driver,Employed,57,15356,9,2025-04-19,False
REC004167,ENU0224,Uttar Pradesh,43,Male,Higher Secondary,Shop Assistant,Employed,37,8916,5,2025-09-23,False
REC004168,ENU0196,Punjab,32,Male,Higher Secondary,Shop Assistant,Employed,28,8886,2,2025-07-03,False
REC004169,ENU0165,Karnataka,66,Female,Primary,None,Not in Labour Force,0,0,4,2025-06-02,False
REC004170,ENU0086,Punjab,58,Other,Higher Secondary,None,Not in Labour Force,0,0,3,2025-06-22,False
REC004171,ENU0048,Punjab,80,Male,Primary,None,Not in Labour Force,9,0,3,2025-02-08,False
REC004172,ENU0126,Bihar,42,Male,Primary,Construction Worker,Unemployed,0,0,5,2025-01-31,False
REC004173,ENU0058,Uttar Pradesh,72,Male,Graduate,None,Not in Labour Force,6,0,3,2025-06-24,False
REC004174,ENU0121,Tamil Nadu,17,Female,Secondary,Factory Worker,Employed,56,17129,3,2025-05-27,False
REC004175,ENU0080,Andhra Pradesh,33,Female,Higher Secondary,None,Not in Labour Force,0,0,7,2025-10-15,False
REC004176,ENU0029,Telangana,7,Female,Primary,Government Officer,Employed,40,0,3,2025-06-26,True
REC004177,ENU0214,Maharashtra,60,Female,Higher Secondary,Carpenter,Employed,40,12472,6,2025-04-23,False
REC004178,ENU0229,Kerala,32,Male,Primary,Street Vendor,Employed,39,7164,5,2025-10-15,False
REC004179,ENU0129,Andhra Pradesh,29,Male,Primary,None,Unemployed,0,0,4,2025-06-23,False
REC004180,ENU0172,Madhya Pradesh,8,Female,Primary,None,Not in Labour Force,0,0,4,2025-08-22,False
REC004181,ENU0088,West Bengal,41,Female,Higher Secondary,None,Unemployed,0,0,5,2025-10-29,False
REC004182,ENU0058,Gujarat,9,Male,Primary,None,Not in Labour Force,0,0,4,2025-01-04,False
REC004183,ENU0040,Kerala,23,Female,Secondary,None,Not in Labour Force,0,0,5,2025-02-14,False
REC004184,ENU0167,Karnataka,38,Male,Illiterate,Agricultural Labourer,Employed,63,7890,5,2025-06-29,False
REC004185,ENU0159,Bihar,10,Female,Primary,None,Not in Labour Force,0,0,8,2025-06-23,False
REC004186,ENU0154,Assam,48,Male,Higher Secondary,Clerk,Employed,56,18868,4,2025-06-12,False
REC004187,ENU0146,Maharashtra,27,Other,Graduate,None,Not in Labour Force,0,0,6,2025-03-27,False
REC004188,ENU0240,Maharashtra,27,Male,Higher Secondary,Carpenter,Employed,41,12871,5,2025-08-20,False
REC004189,ENU0050,Andhra Pradesh,38,Female,Higher Secondary,Shop Assistant,Employed,28,4099,1,2025-05-25,False
REC004190,ENU0088,Tamil Nadu,40,Female,Higher Secondary,Technician,Employed,29,8077,7,2025-08-12,False
REC004191,ENU0228,Telangana,48,Female,Graduate,Clerk,Employed,42,13204,6,2025-12-13,False
REC004192,ENU0080,Kerala,36,Male,Primary,Street Vendor,Employed,43,8153,4,2025-03-23,False
REC004193,ENU0220,Telangana,40,Female,Secondary,Shop Assistant,Employed,51,11102,3,2025-11-04,False
REC004194,ENU0083,Punjab,39,Male,Higher Secondary,Technician,Employed,34,15403,3,2025-07-10,False
REC004195,ENU0126,Uttar Pradesh,43,Female,Primary,Construction Worker,Employed,50,10455,3,2025-03-17,False
REC004196,ENU0111,Punjab,45,Male,Secondary,Carpenter,Employed,26,9169,4,2025-04-16,False
REC004197,ENU0055,Andhra Pradesh,39,Female,Primary,Construction Worker,Employed,46,10237,6,2025-10-09,False
REC004198,ENU0107,Tamil Nadu,23,Male,Secondary,Carpenter,Employed,36,8753,3,2025-11-07,False
REC004199,ENU0174,Punjab,37,Female,Graduate,Sales Executive,Employed,42,18763,2,2025-09-06,False
REC004200,ENU0109,Bihar,19,Male,Primary,None,Unemployed,0,0,1,2025-01-19,False
REC004201,ENU0140,Punjab,17,Male,Higher Secondary,Clerk,Employed,51,20683,7,2025-01-21,False
REC004202,ENU0036,Punjab,29,Male,Secondary,Driver,Employed,53,12669,5,2025-10-06,False
REC004203,ENU0007,Telangana,29,Female,Graduate,Clerk,Employed,60,29854,5,2025-07-17,False
REC004204,ENU0206,Tamil Nadu,55,Female,Secondary,Factory Worker,Employed,39,12136,9,2025-10-06,False
REC004205,ENU0001,Karnataka,48,Female,Secondary,Factory Worker,Employed,72,17540,4,2025-06-24,False
REC004206,ENU0071,Karnataka,61,Male,Primary,Factory Worker,Employed,56,14085,2,2025-03-17,False
REC004207,ENU0175,Maharashtra,11,Female,Primary,None,Not in Labour Force,0,0,3,2025-08-24,False
REC004208,ENU0130,Uttar Pradesh,34,Male,Higher Secondary,Carpenter,Employed,46,14470,4,2025-11-22,False
REC004209,ENU0138,Telangana,38,Male,Primary,Street Vendor,Employed,43,7618,5,2025-01-14,False
REC004210,ENU0123,Gujarat,49,Female,Primary,Domestic Help,Employed,57,7097,5,2025-03-22,False
REC004211,ENU0102,Rajasthan,32,Male,Graduate,Bank Employee,Employed,49,48666,4,2025-01-26,False
REC004212,ENU0064,Rajasthan,74,Male,Illiterate,None,Not in Labour Force,2,0,3,2025-03-28,False
REC004213,ENU0095,Tamil Nadu,13,Female,Primary,None,Not in Labour Force,0,0,4,2025-07-10,False
REC004214,ENU0047,Kerala,16,Female,Post Graduate,Teacher,Employed,49,28905,8,2025-07-23,False
REC004215,ENU0172,Kerala,16,Male,Primary,Street Vendor,Employed,28,6195,7,2025-06-12,False
REC004216,ENU0243,Gujarat,48,Female,Higher Secondary,Carpenter,Employed,71,15511,1,2025-05-17,False
REC004217,ENU0140,Bihar,16,Male,Primary,None,Not in Labour Force,0,0,7,2025-10-20,False
REC004218,ENU0029,Gujarat,72,Male,Higher Secondary,None,Not in Labour Force,130,0,3,2025-09-26,True
REC004219,ENU0160,Gujarat,44,Male,Secondary,Driver,Employed,26,7381,7,2025-01-16,False
REC004220,ENU0092,Telangana,28,Female,Higher Secondary,Driver,Employed,32,6758,3,2025-03-25,False
REC004221,ENU0145,Telangana,37,Female,Post Graduate,IT Professional,Employed,44,53055,4,2025-05-03,False
REC004222,ENU0063,Odisha,36,Female,Secondary,Street Vendor,Employed,40,5936,2,2025-08-16,False
REC004223,ENU0100,West Bengal,46,Male,Secondary,Carpenter,Employed,54,11223,4,2025-02-28,False
REC004224,ENU0060,West Bengal,28,Female,Higher Secondary,Driver,Employed,54,16385,4,2025-02-13,False
REC004225,ENU0139,Tamil Nadu,45,Female,Secondary,Shop Assistant,Employed,44,7279,8,2025-07-13,False
REC004226,ENU0169,Odisha,37,Female,Post Graduate,Doctor,Employed,26,47331,4,2025-07-28,False
REC004227,ENU0024,Gujarat,16,Male,Primary,Construction Worker,Employed,47,8687,6,2025-07-12,False
REC004228,ENU0194,Tamil Nadu,14,Male,Primary,None,Not in Labour Force,0,0,4,2025-05-20,False
REC004229,ENU0074,West Bengal,25,Male,Higher Secondary,None,Not in Labour Force,0,0,4,2025-10-13,False
REC004230,ENU0204,West Bengal,43,Female,Primary,Street Vendor,Employed,43,6294,3,2025-02-11,False
REC004231,ENU0121,Karnataka,30,Female,Secondary,Carpenter,Employed,60,21237,6,2025-03-06,False
REC004232,ENU0241,Punjab,68,Male,Secondary,None,Not in Labour Force,5,0,2,2025-02-20,False
REC004233,ENU0144,Bihar,30,Female,Secondary,Carpenter,Employed,58,7302,6,2025-03-07,False
REC004234,ENU0071,Assam,66,Female,Secondary,None,Not in Labour Force,0,0,5,2025-02-17,False
REC004235,ENU0206,Bihar,27,Female,Secondary,None,Not in Labour Force,0,0,2,2025-01-11,False
REC004236,ENU0213,Punjab,5,Male,Illiterate,None,Not in Labour Force,0,0,5,2025-12-23,False
REC004237,ENU0035,Gujarat,5,Male,Illiterate,None,Not in Labour Force,0,0,3,2025-01-25,False
REC004238,ENU0035,West Bengal,31,Male,Graduate,IT Professional,Employed,56,60219,2,2025-12-20,False
REC004239,ENU0189,Punjab,37,Female,Higher Secondary,None,Not in Labour Force,7,0,6,2025-11-02,False
REC004240,ENU0075,Telangana,49,Female,Post Graduate,Engineer,Employed,54,45321,2,2025-05-27,False
REC004241,ENU0156,Bihar,30,Male,Primary,Construction Worker,Employed,44,4387,3,2025-07-11,False
REC004242,ENU0180,Gujarat,41,Female,Secondary,Street Vendor,Employed,40,8166,3,2025-11-15,False
REC004243,ENU0129,West Bengal,64,Female,Post Graduate,None,Not in Labour Force,3,0,2,2025-10-08,False
REC004244,ENU0154,Uttar Pradesh,56,Male,Primary,None,Not in Labour Force,0,0,3,2025-09-07,False
REC004245,ENU0088,Odisha,39,Female,Graduate,IT Professional,Employed,47,43128,4,2025-06-03,False
REC004246,ENU0035,Rajasthan,6,Male,Primary,None,Not in Labour Force,0,0,1,2025-01-01,False
REC004247,ENU0193,West Bengal,48,Female,Secondary,Street Vendor,Employed,58,10145,4,2025-06-11,False
REC004248,ENU0065,Rajasthan,70,Male,Graduate,None,Not in Labour Force,0,0,3,2025-12-21,False
REC004249,ENU0142,Rajasthan,36,Male,Post Graduate,Government Officer,Employed,66,70410,3,2025-04-24,False
REC004250,ENU0106,Tamil Nadu,26,Female,Secondary,None,Unemployed,0,0,3,2025-05-11,False
REC004251,ENU0196,Karnataka,37,Female,Post Graduate,None,Not in Labour Force,9,0,7,2025-03-23,False
REC004252,ENU0103,Rajasthan,36,Female,Secondary,None,Not in Labour Force,0,0,4,2025-05-14,False
REC004253,ENU0118,Kerala,19,Male,Secondary,None,Not in Labour Force,0,0,4,2025-06-11,False
REC004254,ENU0084,Rajasthan,74,Female,Secondary,None,Not in Labour Force,0,0,3,2025-08-12,False
REC004255,ENU0141,Madhya Pradesh,36,Male,Primary,Factory Worker,Employed,69,12141,2,2025-02-22,False
REC004256,ENU0062,West Bengal,33,Male,Graduate,None,Not in Labour Force,0,0,1,2025-10-11,False
REC004257,ENU0028,Odisha,46,Male,Primary,Factory Worker,Employed,57,12874,5,2025-02-28,False
REC004258,ENU0079,Kerala,50,Male,Primary,Construction Worker,Employed,53,8958,7,2025-06-13,False
REC004259,ENU0224,Madhya Pradesh,24,Female,Illiterate,Construction Worker,Employed,32,6614,4,2025-11-06,False
REC004260,ENU0108,Gujarat,40,Male,Secondary,Shop Assistant,Employed,27,8011,5,2025-11-15,False
REC004261,ENU0073,Maharashtra,58,Male,Post Graduate,IT Professional,Employed,46,81406,6,2025-06-20,False
REC004262,ENU0031,West Bengal,44,Male,Illiterate,Street Vendor,Employed,56,10763,2,2025-05-17,False
REC004263,ENU0002,Bihar,13,Male,Primary,None,Not in Labour Force,0,0,6,2025-03-24,False
REC004264,ENU0196,Uttar Pradesh,40,Female,Secondary,None,Not in Labour Force,6,0,2,2025-02-18,False
REC004265,ENU0108,Uttar Pradesh,29,Male,Higher Secondary,Technician,Employed,46,14892,3,2025-02-07,False
REC004266,ENU0158,Andhra Pradesh,47,Female,Higher Secondary,Shop Assistant,Employed,29,4870,1,2025-01-24,False
REC004267,ENU0201,Maharashtra,11,Male,Primary,None,Not in Labour Force,5,0,2,2025-08-29,False
REC004268,ENU0069,Andhra Pradesh,39,Female,Illiterate,None,Not in Labour Force,0,0,1,2025-12-18,False
REC004269,ENU0048,Telangana,24,Female,Secondary,Shop Assistant,Employed,41,9942,8,2025-08-15,False
REC004270,ENU0059,Punjab,14,Male,Primary,None,Not in Labour Force,0,0,4,2025-10-15,False
REC004271,ENU0223,Tamil Nadu,28,Male,Secondary,None,Not in Labour Force,0,0,2,2025-08-12,False
REC004272,ENU0039,Kerala,50,Male,Higher Secondary,Carpenter,Employed,37,7117,5,2025-03-24,False
REC004273,ENU0042,Assam,29,Male,Primary,Domestic Help,Employed,43,6144,1,2025-02-11,False
REC004274,ENU0152,Odisha,26,Female,Primary,Factory Worker,Employed,49,12895,2,2025-09-24,False
REC004275,ENU0206,Maharashtra,12,Male,Primary,None,Not in Labour Force,0,0,6,2025-09-18,False
REC004276,ENU0095,West Bengal,53,Male,Higher Secondary,Carpenter,Employed,51,13172,8,2025-05-23,False
REC004277,ENU0076,Telangana,37,Male,Higher Secondary,Driver,Employed,49,16239,2,2025-10-15,False
REC004278,ENU0048,Punjab,16,Male,Secondary,None,Unemployed,0,0,2,2025-07-10,False
REC004279,ENU0118,Bihar,25,Female,Secondary,Street Vendor,Employed,44,2990,9,2025-06-12,False
REC004280,ENU0036,Assam,25,Male,Graduate,IT Professional,Employed,47,87612,3,2025-06-19,False
REC004281,ENU0179,Assam,36,Male,Graduate,None,Not in Labour Force,0,0,5,2025-12-09,False
REC004282,ENU0017,Odisha,16,Female,Graduate,IT Professional,Employed,46,50601,5,2025-07-28,False
REC004283,ENU0036,Tamil Nadu,40,Female,Higher Secondary,Clerk,Employed,26,9330,4,2025-07-11,False
REC004284,ENU0071,Madhya Pradesh,39,Male,Primary,None,Not in Labour Force,0,0,1,2025-06-17,False
REC004285,ENU0193,Rajasthan,72,Male,Higher Secondary,None,Not in Labour Force,0,0,2,2025-11-27,False
REC004286,ENU0248,Kerala,57,Female,Illiterate,Domestic Help,Employed,62,10476,5,2025-01-23,False
REC004287,ENU0169,Assam,42,Female,Secondary,Street Vendor,Employed,51,5852,7,2025-12-31,False
REC004288,ENU0092,Telangana,29,Male,Secondary,None,Not in Labour Force,0,0,8,2025-11-22,False
REC004289,ENU0127,Madhya Pradesh,44,Male,Secondary,Carpenter,Employed,44,11847,7,2025-02-09,False
REC004290,ENU0139,Odisha,21,Male,Graduate,Bank Employee,Employed,57,37860,1,2025-05-20,False
REC004291,ENU0216,Kerala,34,Female,Primary,Factory Worker,Employed,51,10637,0,2025-04-18,True
REC004292,ENU0148,Odisha,66,Female,Higher Secondary,None,Not in Labour Force,0,0,1,2025-09-01,False
REC004293,ENU0077,Odisha,29,Male,Secondary,None,Unemployed,0,0,3,2025-03-18,False
REC004294,ENU0100,Madhya Pradesh,34,Female,Secondary,None,Unemployed,0,0,4,2025-11-30,False
REC004295,ENU0016,Punjab,9,Female,Primary,None,Not in Labour Force,0,0,3,2025-01-31,False
REC004296,ENU0207,Assam,37,Female,Higher Secondary,Clerk,Employed,33,11604,7,2025-02-26,False
REC004297,ENU0011,Kerala,37,Male,Post Graduate,Doctor,Employed,37,89893,5,2025-10-06,False
REC004298,ENU0176,West Bengal,24,Female,Secondary,Carpenter,Employed,38,10388,5,2025-02-23,False
REC004299,ENU0250,Telangana,27,Female,Primary,Street Vendor,Employed,44,8898,7,2025-09-02,False
REC004300,ENU0040,Telangana,24,Female,Higher Secondary,None,Not in Labour Force,2,0,5,2025-04-27,False
REC004301,ENU0157,Telangana,14,Male,Primary,None,Not in Labour Force,0,0,8,2025-08-30,False
REC004302,ENU0125,Andhra Pradesh,39,Male,Post Graduate,Government Officer,Employed,70,48377,4,2025-10-29,False
REC004303,ENU0164,Bihar,41,Male,Post Graduate,Doctor,Unemployed,0,0,5,2025-02-21,False
REC004304,ENU0060,Odisha,26,Male,Secondary,None,Unemployed,0,0,4,2025-11-03,False
REC004305,ENU0068,Punjab,44,Male,Secondary,Carpenter,Employed,37,12038,3,2025-11-22,False
REC004306,ENU0086,Bihar,37,Female,Graduate,None,Unemployed,0,0,7,2025-07-05,False
REC004307,ENU0100,Kerala,28,Male,Graduate,IT Professional,Employed,56,49318,4,2025-04-05,False
REC004308,ENU0179,Kerala,50,Female,Higher Secondary,None,Not in Labour Force,9,0,11,2025-06-14,False
REC004309,ENU0150,Kerala,40,Male,Secondary,None,Unemployed,0,0,3,2025-03-05,False
REC004310,ENU0106,Punjab,38,Male,Primary,Street Vendor,Employed,65,13922,5,2025-08-05,False
REC004311,ENU0187,Odisha,34,Male,Secondary,Street Vendor,Employed,42,7871,3,2025-01-28,False
REC004312,ENU0080,Andhra Pradesh,70,Female,Graduate,None,Not in Labour Force,0,0,2,2025-07-24,False
REC004313,ENU0103,West Bengal,39,Male,Primary,Street Vendor,Employed,30,5710,5,2025-10-05,False
REC004314,ENU0046,Rajasthan,29,Female,Post Graduate,None,Unemployed,0,0,6,2025-11-21,False
REC004315,ENU0138,Assam,40,Male,Secondary,None,Unemployed,0,0,2,2025-03-09,False
REC004316,ENU0027,Assam,25,Female,Graduate,Bank Employee,Employed,34,25640,5,2025-03-31,False
REC004317,ENU0112,Madhya Pradesh,56,Female,Primary,Domestic Help,Employed,28,2783,4,2025-10-22,False
REC004318,ENU0055,Karnataka,20,Male,Primary,Domestic Help,Employed,52,7466,5,2025-06-11,False
REC004319,ENU0004,Madhya Pradesh,31,Male,Primary,None,Not in Labour Force,0,0,2,2025-06-24,False
REC004320,ENU0145,Assam,38,Male,Post Graduate,Doctor,Employed,55,132061,5,2025-10-12,False
REC004321,ENU0091,Rajasthan,28,Female,Higher Secondary,None,Unemployed,0,0,1,2025-08-13,False
REC004322,ENU0174,Telangana,13,Male,Primary,None,Not in Labour Force,0,0,5,2025-08-29,False
REC004323,ENU0198,Maharashtra,51,Female,Higher Secondary,Technician,Employed,42,17993,3,2025-01-14,False
REC004324,ENU0113,Telangana,37,Female,Higher Secondary,Clerk,Employed,37,14829,4,2025-04-29,False
REC004325,ENU0075,West Bengal,38,Male,Higher Secondary,Clerk,Employed,50,23689,4,2025-07-30,False
REC004326,ENU0234,Karnataka,16,Male,Illiterate,None,Unemployed,0,0,2,2025-10-28,False
REC004327,ENU0210,Madhya Pradesh,55,Male,Secondary,None,Not in Labour Force,0,0,3,2025-05-11,False
REC004328,ENU0022,Madhya Pradesh,6,Male,Primary,None,Not in Labour Force,8,0,5,2025-12-26,False
REC004329,ENU0200,Telangana,12,Male,Primary,None,Not in Labour Force,6,0,5,2025-07-24,False
REC004330,ENU0045,Tamil Nadu,35,Female,Secondary,Factory Worker,Employed,48,13027,3,2025-11-15,False
REC004331,ENU0070,Bihar,32,Female,Higher Secondary,Driver,Employed,47,4282,5,2025-03-22,False
REC004332,ENU0159,Telangana,21,Male,Graduate,None,Unemployed,0,0,5,2025-01-26,False
REC004333,ENU0035,Gujarat,33,Male,Primary,Street Vendor,Employed,30,4138,4,2025-07-19,False
REC004334,ENU0133,Odisha,8,Female,Primary,None,Not in Labour Force,0,0,3,2025-10-30,False
REC004335,ENU0088,Odisha,39,Female,Primary,Street Vendor,Employed,63,11707,3,2025-10-16,False
REC004336,ENU0124,Andhra Pradesh,22,Male,Higher Secondary,Carpenter,Employed,44,11827,2,2025-05-30,False
REC004337,ENU0202,Uttar Pradesh,31,Female,Secondary,Street Vendor,Employed,64,10980,1,2025-09-29,False
REC004338,ENU0013,Andhra Pradesh,37,Male,Higher Secondary,None,Not in Labour Force,7,0,5,2025-02-02,False
REC004339,ENU0044,Madhya Pradesh,20,Male,Illiterate,Construction Worker,Employed,40,7609,5,2025-11-27,False
REC004340,ENU0217,Maharashtra,19,Male,Secondary,None,Unemployed,0,0,6,2025-12-18,False
REC004341,ENU0006,West Bengal,53,Female,Higher Secondary,Technician,Employed,59,22669,2,2025-11-04,False
REC004342,ENU0050,Rajasthan,61,Male,Graduate,Sales Executive,Employed,54,27136,6,2025-08-31,False
REC004343,ENU0157,Punjab,45,Female,Secondary,Street Vendor,Employed,40,6893,6,2025-03-31,False
REC004344,ENU0236,Odisha,28,Male,Secondary,None,Not in Labour Force,0,0,3,2025-09-20,False
REC004345,ENU0015,Andhra Pradesh,42,Female,Secondary,None,Not in Labour Force,0,0,3,2025-03-15,False
REC004346,ENU0089,Rajasthan,65,Male,Higher Secondary,None,Not in Labour Force,0,0,3,2025-07-02,False
REC004347,ENU0238,Rajasthan,19,Female,Graduate,None,Unemployed,0,0,5,2025-02-09,False
REC004348,ENU0236,Karnataka,39,Male,Graduate,Bank Employee,Employed,41,46459,3,2025-09-24,False
REC004349,ENU0091,Uttar Pradesh,66,Male,Illiterate,None,Not in Labour Force,0,0,6,2025-12-02,False
REC004350,ENU0071,Telangana,38,Male,Secondary,Shop Assistant,Employed,51,6832,2,2025-09-10,False
REC004351,ENU0013,Gujarat,61,Female,Post Graduate,Doctor,Employed,48,80003,7,2025-07-25,False
REC004352,ENU0118,Punjab,39,Female,Illiterate,Street Vendor,Employed,54,7935,2,2025-02-02,False
REC004353,ENU0151,Bihar,65,Male,Higher Secondary,None,Not in Labour Force,0,0,1,2025-06-03,False
REC004354,ENU0239,Tamil Nadu,84,Male,Higher Secondary,None,Not in Labour Force,0,0,3,2025-09-28,False
REC004355,ENU0146,Kerala,21,Female,Primary,Street Vendor,Employed,42,6815,9,2025-03-17,False
REC004356,ENU0243,Gujarat,49,Male,Higher Secondary,Clerk,Employed,38,15430,4,2025-09-21,False
REC004357,ENU0097,Uttar Pradesh,16,Female,Primary,None,Not in Labour Force,0,0,3,2025-01-14,False
REC004358,ENU0015,West Bengal,35,Male,Graduate,Sales Executive,Employed,36,21181,2,2025-12-15,False
REC004359,ENU0113,Gujarat,39,Male,Post Graduate,IT Professional,Employed,48,58968,3,2025-07-23,False
REC004360,ENU0183,Karnataka,29,Male,Higher Secondary,None,Not in Labour Force,6,0,7,2025-03-15,False
REC004361,ENU0118,Uttar Pradesh,39,Male,Post Graduate,Bank Employee,Employed,56,58502,6,2025-08-08,False
REC004362,ENU0123,Bihar,28,Female,Secondary,Factory Worker,Employed,39,4792,4,2025-06-03,False
REC004363,ENU0146,Maharashtra,30,Female,Primary,None,Unemployed,0,0,5,2025-11-27,False
REC004364,ENU0103,Assam,64,Male,Graduate,None,Not in Labour Force,0,0,4,2025-03-30,False
REC004365,ENU0144,Karnataka,39,Female,Primary,Street Vendor,Employed,43,7885,3,2025-11-12,False
REC004366,ENU0166,Rajasthan,31,Female,Post Graduate,Teacher,Employed,54,26917,8,2025-12-02,False
REC004367,ENU0143,Odisha,71,Female,Primary,None,Not in Labour Force,0,0,5,2025-04-06,False
REC004368,ENU0054,Rajasthan,30,Male,Graduate,IT Professional,Employed,35,48962,4,2025-10-31,False
REC004369,ENU0048,West Bengal,31,Male,Secondary,Street Vendor,Employed,31,3660,5,2025-12-27,False
REC004370,ENU0072,Odisha,80,Female,Post Graduate,None,Not in Labour Force,0,0,3,2025-12-31,False
REC004371,ENU0110,Maharashtra,24,Male,Post Graduate,Bank Employee,Employed,34,28387,10,2025-11-24,False
REC004372,ENU0192,Kerala,43,Male,Higher Secondary,Carpenter,Employed,44,13496,7,2025-11-08,False
REC004373,ENU0166,Bihar,69,Female,Higher Secondary,None,Unemployed,0,0,7,2025-10-19,False
REC004374,ENU0010,Uttar Pradesh,10,Male,Primary,None,Not in Labour Force,0,0,6,2025-01-21,False
REC004375,ENU0188,Andhra Pradesh,50,Male,Graduate,Clerk,Employed,56,24840,3,2025-11-06,False
REC004376,ENU0027,Maharashtra,31,Male,Primary,Construction Worker,Employed,46,7658,3,2025-02-14,False
REC004377,ENU0192,Telangana,42,Male,Secondary,Carpenter,Employed,36,13666,5,2025-12-31,False
REC004378,ENU0151,Bihar,61,Female,Primary,None,Not in Labour Force,3,0,5,2025-08-27,False
REC004379,ENU0005,Karnataka,59,Female,Secondary,Street Vendor,Employed,47,10283,3,2025-04-11,False
REC004380,ENU0200,Madhya Pradesh,39,Female,Secondary,Carpenter,Employed,32,9340,6,2025-05-06,False
REC004381,ENU0031,Odisha,35,Female,Graduate,Clerk,Employed,52,18705,3,2025-03-13,False
REC004382,ENU0055,Odisha,61,Female,Secondary,None,Not in Labour Force,0,0,4,2025-04-30,False
REC004383,ENU0081,Uttar Pradesh,29,Male,Graduate,None,Unemployed,0,0,4,2025-08-16,False
REC004384,ENU0237,Kerala,34,Female,Illiterate,Domestic Help,Employed,63,8566,4,2025-03-30,False
REC004385,ENU0100,Assam,29,Male,Illiterate,None,Unemployed,0,0,10,2025-03-22,False
REC004386,ENU0149,Punjab,49,Female,Primary,Construction Worker,Employed,71,12900,6,2025-05-29,False
REC004387,ENU0132,Punjab,73,Other,Higher Secondary,None,Not in Labour Force,0,0,1,2025-10-04,False
REC004388,ENU0068,West Bengal,34,Male,Primary,None,Not in Labour Force,0,0,1,2025-11-22,False
REC004389,ENU0047,Karnataka,14,Female,Primary,None,Not in Labour Force,2,0,3,2025-04-01,False
REC004390,ENU0066,Karnataka,71,Male,Secondary,None,Not in Labour Force,0,0,7,2025-09-26,False
REC004391,ENU0105,Maharashtra,36,Male,Higher Secondary,Driver,Employed,49,10984,3,2025-02-08,False
REC004392,ENU0150,Gujarat,39,Female,Illiterate,None,Not in Labour Force,0,0,2,2025-05-01,False
REC004393,ENU0060,Punjab,43,Male,Post Graduate,Engineer,Employed,39,45241,6,2025-03-23,False
REC004394,ENU0208,Rajasthan,53,Female,Post Graduate,None,Not in Labour Force,6,0,8,2025-01-20,False
REC004395,ENU0173,Maharashtra,26,Male,Secondary,Carpenter,Employed,29,7059,1,2025-06-23,False
REC004396,ENU0001,Assam,40,Male,Graduate,Clerk,Employed,57,25330,4,2025-11-24,False
REC004397,ENU0166,Gujarat,23,Female,Higher Secondary,Clerk,Employed,34,8151,9,2025-01-28,False
REC004398,ENU0070,Maharashtra,77,Female,Graduate,None,Not in Labour Force,0,0,2,2025-12-18,False
REC004399,ENU0011,Karnataka,45,Male,Primary,None,Not in Labour Force,0,0,6,2025-12-09,False
REC004400,ENU0031,Karnataka,22,Female,Illiterate,Street Vendor,Employed,23,2979,3,2025-07-21,False
REC004401,ENU0244,Tamil Nadu,39,Male,Graduate,Teacher,Employed,52,33501,7,2025-05-12,False
REC004402,ENU0025,Punjab,44,Male,Higher Secondary,Carpenter,Employed,30,8823,4,2025-12-12,False
REC004403,ENU0032,Odisha,49,Male,Secondary,Shop Assistant,Employed,42,7655,5,2025-07-20,False
REC004404,ENU0218,Tamil Nadu,13,Female,Primary,None,Not in Labour Force,0,0,3,2025-06-09,False
REC004405,ENU0225,Assam,24,Male,Higher Secondary,Driver,Employed,42,9399,5,2025-04-30,False
REC004406,ENU0129,Uttar Pradesh,33,Male,Higher Secondary,None,Unemployed,0,0,3,2025-08-08,False
REC004407,ENU0076,Kerala,16,Female,Graduate,Teacher,Employed,72,31758,3,2025-07-14,False
REC004408,ENU0003,Punjab,27,Male,Higher Secondary,None,Unemployed,0,0,7,2025-11-09,False
REC004409,ENU0238,Odisha,60,Male,Primary,None,Not in Labour Force,0,0,6,2025-12-28,False
REC004410,ENU0246,Karnataka,56,Female,Graduate,Sales Executive,Employed,34,19711,9,2025-03-21,False
REC004411,ENU0024,Telangana,26,Male,Graduate,None,Not in Labour Force,0,0,3,2025-11-26,False
REC004412,ENU0169,Karnataka,32,Female,Secondary,Carpenter,Employed,41,12364,4,2025-04-22,False
REC004413,ENU0006,Uttar Pradesh,27,Male,Higher Secondary,Driver,Employed,43,12263,3,2025-10-03,False
REC004414,ENU0020,Karnataka,52,Female,Primary,Street Vendor,Employed,51,14587,2,2025-04-15,False
REC004415,ENU0180,Andhra Pradesh,28,Female,Post Graduate,Bank Employee,Employed,16,15111,4,2025-11-13,False
REC004416,ENU0163,Assam,12,Female,Primary,None,Not in Labour Force,0,0,3,2025-06-21,False
REC004417,ENU0166,Madhya Pradesh,51,Female,Secondary,Driver,Employed,40,14029,4,2025-11-04,False
REC004418,ENU0121,Tamil Nadu,16,Female,Graduate,None,Not in Labour Force,0,0,4,2025-12-01,False
REC004419,ENU0217,Punjab,11,Male,Primary,None,Not in Labour Force,0,0,3,2025-07-26,False
REC004420,ENU0164,Bihar,-8,Male,Secondary,Carpenter,Employed,43,5124,5,2025-04-03,True
REC004421,ENU0023,Andhra Pradesh,27,Male,Post Graduate,None,Not in Labour Force,0,0,6,2025-04-10,False
REC004422,ENU0102,Bihar,40,Male,Post Graduate,None,Unemployed,0,0,5,2025-09-06,False
REC004423,ENU0123,Uttar Pradesh,24,Male,Secondary,Street Vendor,Employed,34,5282,4,2025-01-01,False
REC004424,ENU0185,Punjab,49,Female,Higher Secondary,Clerk,Employed,58,23710,3,2025-11-08,False
REC004425,ENU0190,Telangana,35,Female,Secondary,None,Unemployed,0,0,6,2025-01-22,False
REC004426,ENU0225,Madhya Pradesh,39,Female,Post Graduate,Teacher,Employed,31,16210,1,2025-06-04,False
REC004427,ENU0018,Punjab,70,Female,Secondary,None,Not in Labour Force,0,0,5,2025-05-30,False
REC004428,ENU0235,Kerala,48,Male,Primary,Domestic Help,Employed,62,8720,5,2025-08-03,False
REC004429,ENU0008,Assam,43,Male,Secondary,Carpenter,Employed,30,11660,3,2025-03-28,False
REC004430,ENU0217,Maharashtra,26,Male,Primary,Construction Worker,Employed,59,13962,2,2025-04-02,False
REC004431,ENU0020,Karnataka,24,Female,Higher Secondary,None,Not in Labour Force,6,0,5,2025-12-08,False
REC004432,ENU0054,West Bengal,41,Female,Higher Secondary,Shop Assistant,Employed,27,6241,5,2025-02-06,False
REC004433,ENU0210,West Bengal,49,Female,Secondary,Carpenter,Employed,46,14039,10,2025-10-24,False
REC004434,ENU0144,Maharashtra,27,Male,Primary,None,Unemployed,0,0,3,2025-02-07,False
REC004435,ENU0081,Karnataka,31,Male,Primary,Street Vendor,Employed,54,12801,4,2025-11-30,False
REC004436,ENU0078,Madhya Pradesh,32,Male,Secondary,Street Vendor,Employed,38,7983,5,2025-10-24,False
REC004437,ENU0007,Andhra Pradesh,35,Female,Graduate,Clerk,Employed,47,19038,5,2025-01-16,False
REC004438,ENU0085,Telangana,38,Female,Graduate,IT Professional,Employed,41,27179,4,2025-08-21,False
REC004439,ENU0049,Madhya Pradesh,35,Female,Higher Secondary,Carpenter,Employed,30,9508,3,2025-11-15,False
REC004440,ENU0231,Andhra Pradesh,71,Female,Primary,None,Not in Labour Force,0,0,7,2025-11-06,False
REC004441,ENU0220,Gujarat,46,Male,Primary,Factory Worker,Employed,28,8359,6,2025-03-13,False
REC004442,ENU0053,Assam,69,Female,Primary,None,Not in Labour Force,0,0,5,2025-09-14,False
REC004443,ENU0243,Tamil Nadu,64,Female,Secondary,None,Not in Labour Force,0,0,4,2025-03-31,False
REC004444,ENU0235,Telangana,17,Male,Higher Secondary,Shop Assistant,Employed,18,3877,7,2025-07-05,False
REC004445,ENU0066,Andhra Pradesh,18,Female,Higher Secondary,None,Unemployed,0,0,5,2025-08-29,False
REC004446,ENU0010,Rajasthan,42,Other,Higher Secondary,None,Not in Labour Force,0,0,4,2025-09-07,False
REC004447,ENU0048,Rajasthan,16,Male,Graduate,Sales Executive,Employed,26,10049,3,2025-07-07,False
REC004448,ENU0192,Madhya Pradesh,28,Female,Secondary,None,Unemployed,0,0,5,2025-06-14,False
REC004449,ENU0226,Madhya Pradesh,46,Male,Higher Secondary,Technician,Employed,47,16858,5,2025-10-23,False
REC004450,ENU0082,West Bengal,36,Male,Secondary,Carpenter,Employed,35,15494,4,2025-06-27,False
REC004451,ENU0105,Karnataka,43,Male,Illiterate,None,Not in Labour Force,0,0,5,2025-05-03,False
REC004452,ENU0152,Maharashtra,24,Female,Primary,Factory Worker,Employed,4,1000,6,2025-12-09,False
REC004453,ENU0140,Andhra Pradesh,48,Male,Post Graduate,None,Not in Labour Force,0,0,5,2025-08-06,False
REC004454,ENU0207,Punjab,9,Female,Primary,None,Not in Labour Force,3,0,3,2025-10-08,False
REC004455,ENU0176,Madhya Pradesh,28,Female,Secondary,Street Vendor,Employed,41,9913,9,2025-03-21,False
REC004456,ENU0145,Andhra Pradesh,48,Male,Illiterate,Construction Worker,Employed,55,9743,7,2025-06-23,False
REC004457,ENU0202,Tamil Nadu,19,Female,Primary,Street Vendor,Employed,51,10925,3,2025-12-25,False
REC004458,ENU0054,Karnataka,32,Male,Post Graduate,None,Not in Labour Force,0,0,2,2025-04-05,False
REC004459,ENU0025,Telangana,39,Male,Primary,Agricultural Labourer,Employed,32,5091,3,2025-06-11,False
REC004460,ENU0243,Karnataka,39,Male,Higher Secondary,Shop Assistant,Employed,48,8940,6,2025-09-03,False
REC004461,ENU0174,Punjab,41,Female,Primary,Domestic Help,Employed,21,2349,4,2025-09-30,False
REC004462,ENU0104,Uttar Pradesh,47,Female,Illiterate,None,Not in Labour Force,0,0,3,2025-12-10,False
REC004463,ENU0091,West Bengal,58,Female,Primary,Factory Worker,Employed,57,13708,5,2025-04-10,False
REC004464,ENU0228,Madhya Pradesh,86,Female,Primary,None,Not in Labour Force,1,0,5,2025-12-14,False
REC004465,ENU0121,Telangana,30,Female,Secondary,None,Unemployed,0,0,9,2025-07-03,False
REC004466,ENU0156,Punjab,37,Female,Higher Secondary,Carpenter,Employed,45,11432,4,2025-10-07,False
REC004467,ENU0157,Madhya Pradesh,22,Male,Secondary,None,Not in Labour Force,0,0,4,2025-10-03,False
REC004468,ENU0018,Assam,37,Male,Secondary,None,Not in Labour Force,0,0,7,2025-08-30,False
REC004469,ENU0198,Karnataka,29,Male,Illiterate,Domestic Help,Employed,50,8070,3,2025-10-05,False
REC004470,ENU0103,Gujarat,34,Male,Secondary,Factory Worker,Employed,35,9706,5,2025-02-26,False
REC004471,ENU0013,Karnataka,46,Male,Primary,Agricultural Labourer,Employed,41,5264,7,2025-02-24,False
REC004472,ENU0143,Uttar Pradesh,47,Male,Primary,Factory Worker,Employed,44,11695,3,2025-03-21,False
REC004473,ENU0007,Uttar Pradesh,150,Male,Higher Secondary,None,Unemployed,0,0,5,2025-03-24,True
REC004474,ENU0005,Madhya Pradesh,16,Male,Higher Secondary,None,Not in Labour Force,0,0,6,2025-09-29,False
REC004475,ENU0196,West Bengal,43,Male,Primary,None,Unemployed,0,0,4,2025-05-29,False
REC004476,ENU0239,Andhra Pradesh,26,Female,Graduate,None,Unemployed,0,0,4,2025-04-30,False
REC004477,ENU0244,Uttar Pradesh,32,Female,Illiterate,Agricultural Labourer,Employed,44,6738,4,2025-06-19,False
REC004478,ENU0239,Bihar,41,Female,Graduate,Teacher,Unemployed,0,0,1,2025-03-07,False
REC004479,ENU0243,Karnataka,31,Female,Higher Secondary,None,Not in Labour Force,0,0,5,2025-03-10,False
REC004480,ENU0096,Telangana,41,Male,Post Graduate,Doctor,Employed,45,98081,3,2025-05-29,False
REC004481,ENU0063,West Bengal,32,Male,Graduate,None,Unemployed,0,0,5,2025-11-09,False
REC004482,ENU0021,Andhra Pradesh,28,Male,Graduate,Teacher,Employed,46,23748,5,2025-03-23,False
REC004483,ENU0214,Odisha,28,Male,Secondary,Factory Worker,Employed,55,12296,4,2025-10-23,False
REC004484,ENU0190,Gujarat,72,Female,Post Graduate,None,Not in Labour Force,0,0,6,2025-11-30,False
REC004485,ENU0111,Andhra Pradesh,22,Female,Higher Secondary,Shop Assistant,Employed,33,7020,3,2025-07-14,False
REC004486,ENU0043,Punjab,54,Male,Primary,None,Not in Labour Force,0,0,4,2025-04-19,False
REC004487,ENU0067,Gujarat,11,Male,Primary,None,Not in Labour Force,0,0,2,2025-06-04,False
REC004488,ENU0232,Bihar,46,Male,Post Graduate,Engineer,Employed,42,23465,1,2025-02-18,False
REC004489,ENU0066,Rajasthan,15,Female,Illiterate,None,Not in Labour Force,0,0,6,2025-03-03,False
REC004490,ENU0131,Punjab,37,Female,Secondary,None,Not in Labour Force,7,0,3,2025-05-06,False
REC004491,ENU0177,Madhya Pradesh,12,Female,Primary,None,Not in Labour Force,0,0,2,2025-04-03,False
REC004492,ENU0079,Andhra Pradesh,29,Male,Primary,None,Not in Labour Force,0,0,2,2025-04-03,False
REC004493,ENU0085,Kerala,19,Female,Primary,None,Not in Labour Force,0,0,1,2025-01-03,False
REC004494,ENU0093,Odisha,23,Female,Higher Secondary,None,Not in Labour Force,0,0,5,2025-11-20,False
REC004495,ENU0181,Telangana,42,Male,Illiterate,None,Not in Labour Force,0,0,2,2025-06-20,False
REC004496,ENU0146,Gujarat,41,Female,Primary,Construction Worker,Employed,43,7720,8,2025-08-20,False
REC004497,ENU0041,Karnataka,68,Male,Higher Secondary,None,Not in Labour Force,1,0,1,2025-08-23,False
REC004498,ENU0091,Rajasthan,31,Female,Illiterate,None,Not in Labour Force,9,0,2,2025-02-13,False
REC004499,ENU0162,Bihar,44,Male,Primary,Domestic Help,Unemployed,0,0,7,2025-03-31,False
REC004500,ENU0208,Punjab,75,Male,Illiterate,None,Not in Labour Force,4,0,5,2025-11-05,False
REC004501,ENU0215,Punjab,37,Male,Higher Secondary,Shop Assistant,Employed,48,7005,4,2025-12-23,False
REC004502,ENU0198,Tamil Nadu,74,Female,Secondary,None,Not in Labour Force,0,0,4,2025-07-13,False
REC004503,ENU0024,Tamil Nadu,27,Female,Higher Secondary,Carpenter,Employed,17,5141,3,2025-01-03,False
REC004504,ENU0162,Madhya Pradesh,54,Male,Primary,Construction Worker,Employed,60,10422,6,2025-01-05,False
REC004505,ENU0003,Madhya Pradesh,50,Male,Secondary,Driver,Employed,52,10837,6,2025-08-27,False
REC004506,ENU0237,Maharashtra,37,Male,Primary,Construction Worker,Employed,45,8365,4,2025-01-03,False
REC004507,ENU0024,Odisha,71,Female,Illiterate,None,Not in Labour Force,0,0,5,2025-11-11,False
REC004508,ENU0109,Tamil Nadu,36,Male,Secondary,Factory Worker,Employed,61,13352,1,2025-02-09,False
REC004509,ENU0163,Odisha,24,Female,Higher Secondary,Clerk,Employed,39,18521,6,2025-03-26,False
REC004510,ENU0198,Tamil Nadu,12,Female,Primary,None,Not in Labour Force,0,0,5,2025-01-21,False
REC004511,ENU0197,Gujarat,32,Male,Primary,None,Unemployed,0,0,6,2025-06-20,False
REC004512,ENU0140,Uttar Pradesh,21,Male,Primary,None,Unemployed,0,0,3,2025-08-13,False
REC004513,ENU0051,Odisha,45,Female,Primary,Street Vendor,Employed,43,8014,2,2025-07-12,False
REC004514,ENU0249,Assam,31,Male,Primary,Agricultural Labourer,Employed,39,7762,4,2025-01-27,False
REC004515,ENU0111,Odisha,54,Female,Secondary,Factory Worker,Employed,60,15660,4,2025-09-07,False
REC004516,ENU0241,Bihar,40,Female,Secondary,Street Vendor,Unemployed,0,0,2,2025-07-28,False
REC004517,ENU0063,Bihar,14,Male,Primary,None,Unemployed,0,0,5,2025-10-18,False
REC004518,ENU0218,Rajasthan,43,Male,Higher Secondary,Carpenter,Employed,13,3577,4,2025-12-11,False
REC004519,ENU0090,West Bengal,10,Male,Primary,None,Not in Labour Force,0,0,5,2025-10-10,False
REC004520,ENU0187,Punjab,46,Male,Primary,Factory Worker,Employed,31,8254,1,2025-07-28,False
REC004521,ENU0226,Uttar Pradesh,22,Female,Post Graduate,Teacher,Employed,44,31880,3,2025-05-09,False
REC004522,ENU0026,Madhya Pradesh,11,Male,Primary,None,Not in Labour Force,0,0,7,2025-08-08,False
REC004523,ENU0188,Odisha,37,Female,Primary,Factory Worker,Employed,47,10669,3,2025-07-24,False
REC004524,ENU0061,Tamil Nadu,37,Male,Secondary,None,Not in Labour Force,0,0,2,2025-01-12,False
REC004525,ENU0209,Uttar Pradesh,27,Female,Illiterate,Construction Worker,Employed,41,13354,2,2025-11-12,False
REC004526,ENU0227,Uttar Pradesh,71,Male,Higher Secondary,None,Not in Labour Force,0,0,4,2025-01-22,False
REC004527,ENU0096,West Bengal,33,Male,Primary,Street Vendor,Employed,3,1000,2,2025-01-12,False
REC004528,ENU0128,Tamil Nadu,53,Male,Higher Secondary,Technician,Employed,56,20013,3,2025-09-08,False
REC004529,ENU0199,Telangana,33,Male,Illiterate,None,Unemployed,0,0,2,2025-03-28,False
REC004530,ENU0182,West Bengal,16,Male,Secondary,Street Vendor,Employed,44,7231,3,2025-09-29,False
REC004531,ENU0133,Madhya Pradesh,23,Male,Secondary,None,Not in Labour Force,0,0,5,2025-12-15,False
REC004532,ENU0069,West Bengal,37,Female,Higher Secondary,None,Unemployed,0,0,6,2025-04-10,False
REC004533,ENU0016,Andhra Pradesh,37,Male,Post Graduate,IT Professional,Employed,31,36305,3,2025-04-21,False
REC004534,ENU0030,Telangana,60,Male,Graduate,None,Not in Labour Force,3,0,3,2025-04-15,False
REC004535,ENU0234,Telangana,6,Female,Primary,None,Not in Labour Force,8,0,5,2025-06-28,False
REC004536,ENU0217,Tamil Nadu,23,Male,Graduate,Bank Employee,Employed,56,42881,4,2025-02-25,False
REC004537,ENU0113,Telangana,17,Male,Graduate,Bank Employee,Employed,30,19544,4,2025-07-05,False
REC004538,ENU0057,Gujarat,34,Female,Secondary,Street Vendor,Employed,35,7498,2,2025-08-22,False
REC004539,ENU0020,Gujarat,53,Female,Secondary,Carpenter,Employed,42,12625,6,2025-07-04,False
REC004540,ENU0203,Punjab,73,Female,Primary,None,Not in Labour Force,0,0,7,2025-10-08,False
REC004541,ENU0028,Gujarat,61,Male,Higher Secondary,None,Not in Labour Force,0,0,3,2025-02-08,False
REC004542,ENU0168,Odisha,35,Female,Higher Secondary,Driver,Employed,48,10732,6,2025-11-08,False
REC004543,ENU0006,Andhra Pradesh,36,Male,Higher Secondary,None,Unemployed,0,0,4,2025-06-03,False
REC004544,ENU0044,Rajasthan,47,Female,Secondary,None,Unemployed,0,0,2,2025-11-29,False
REC004545,ENU0040,Madhya Pradesh,42,Male,Higher Secondary,Shop Assistant,Employed,60,13268,7,2025-12-26,False
REC004546,ENU0006,Assam,32,Female,Primary,Agricultural Labourer,Employed,39,6137,2,2025-07-18,False
REC004547,ENU0015,Karnataka,40,Other,Secondary,None,Not in Labour Force,0,0,1,2025-04-21,False
REC004548,ENU0205,Tamil Nadu,15,Female,Higher Secondary,None,Not in Labour Force,0,0,12,2025-02-25,False
REC004549,ENU0150,Andhra Pradesh,46,Female,Secondary,Factory Worker,Employed,38,7260,4,2025-09-08,False
REC004550,ENU0136,Tamil Nadu,38,Female,Higher Secondary,None,Not in Labour Force,0,0,2,2025-06-17,False
REC004551,ENU0055,Bihar,55,Female,Higher Secondary,Driver,Unemployed,0,0,2,2025-11-03,False
REC004552,ENU0155,Andhra Pradesh,16,Female,Primary,None,Unemployed,0,0,3,2025-10-16,False
REC004553,ENU0206,Andhra Pradesh,61,Male,Illiterate,None,Not in Labour Force,0,0,3,2025-11-19,False
REC004554,ENU0133,Odisha,16,Male,Secondary,None,Unemployed,0,0,4,2025-01-26,False
REC004555,ENU0180,West Bengal,26,Male,Post Graduate,Teacher,Employed,35,22350,6,2025-10-21,False
REC004556,ENU0127,Assam,10,Male,Primary,None,Not in Labour Force,0,0,4,2025-03-03,False
REC004557,ENU0187,Odisha,24,Female,Secondary,Factory Worker,Employed,24,6080,6,2025-11-03,False
REC004558,ENU0088,Tamil Nadu,33,Female,Graduate,None,Not in Labour Force,0,0,6,2025-12-22,False
REC004559,ENU0209,Bihar,37,Female,Illiterate,Street Vendor,Employed,35,3101,1,2025-07-14,False
REC004560,ENU0226,Andhra Pradesh,9,Male,Primary,None,Not in Labour Force,8,0,4,2025-04-20,False
REC004561,ENU0131,Uttar Pradesh,27,Female,Secondary,Street Vendor,Employed,25,3691,2,2025-03-27,False
REC004562,ENU0243,West Bengal,16,Male,Primary,None,Not in Labour Force,0,0,4,2025-06-03,False
REC004563,ENU0185,Maharashtra,35,Female,Graduate,Bank Employee,Employed,53,39381,1,2025-05-02,False
REC004564,ENU0122,Punjab,19,Female,Primary,Street Vendor,Employed,51,6459,4,2025-05-14,False
REC004565,ENU0106,Telangana,58,Male,Graduate,Bank Employee,Employed,49,51426,1,2025-04-30,False
REC004566,ENU0075,Andhra Pradesh,16,Female,Higher Secondary,Carpenter,Employed,62,17337,2,2025-10-23,False
REC004567,ENU0162,Punjab,43,Female,Higher Secondary,Driver,Employed,51,12056,4,2025-08-08,False
REC004568,ENU0012,Assam,35,Female,Higher Secondary,Shop Assistant,Employed,37,2123,1,2025-01-05,False
REC004569,ENU0039,Assam,35,Male,Illiterate,None,Unemployed,0,0,5,2025-06-24,False
REC004570,ENU0095,Madhya Pradesh,11,Female,Primary,None,Not in Labour Force,0,0,8,2025-06-05,False
REC004571,ENU0014,Tamil Nadu,33,Male,Post Graduate,Doctor,Employed,58,117946,4,2025-01-28,False
REC004572,ENU0132,Assam,42,Female,Higher Secondary,Shop Assistant,Employed,40,8641,2,2025-10-23,False
REC004573,ENU0053,Telangana,47,Female,Higher Secondary,Shop Assistant,Employed,49,11804,2,2025-03-12,False
REC004574,ENU0179,Odisha,34,Female,Higher Secondary,None,Unemployed,0,0,2,2025-01-08,False
REC004575,ENU0160,Tamil Nadu,30,Male,Secondary,Carpenter,Employed,32,10660,1,2025-11-24,False
REC004576,ENU0143,Odisha,76,Male,Graduate,None,Not in Labour Force,0,0,4,2025-12-31,False
REC004577,ENU0034,Odisha,53,Male,Illiterate,Agricultural Labourer,Employed,47,7258,6,2025-06-17,False
REC004578,ENU0200,Telangana,72,Female,Higher Secondary,None,Not in Labour Force,70,0,3,2025-10-10,True
REC004579,ENU0063,Madhya Pradesh,48,Male,Secondary,None,Not in Labour Force,0,0,1,2025-11-15,False
REC004580,ENU0171,West Bengal,29,Female,Graduate,Clerk,Employed,40,13701,4,2025-01-16,False
REC004581,ENU0029,Kerala,51,Female,Secondary,Driver,Employed,0,198944,2,2025-06-04,True
REC004582,ENU0187,Bihar,32,Male,Graduate,IT Professional,Unemployed,0,0,4,2025-07-12,False
REC004583,ENU0117,Rajasthan,56,Male,Secondary,Carpenter,Employed,37,7007,3,2025-08-23,False
REC004584,ENU0115,Kerala,33,Male,Secondary,Carpenter,Employed,49,14838,3,2025-04-10,False
REC004585,ENU0118,Punjab,16,Male,Illiterate,Street Vendor,Employed,38,6271,5,2025-06-27,False
REC004586,ENU0045,Gujarat,51,Male,Graduate,IT Professional,Employed,39,62640,3,2025-02-16,False
REC004587,ENU0133,Odisha,48,Female,Secondary,Driver,Employed,45,9310,3,2025-09-30,False
REC004588,ENU0194,Andhra Pradesh,34,Female,Higher Secondary,Shop Assistant,Employed,56,16432,4,2025-06-20,False
REC004589,ENU0054,Gujarat,23,Male,Higher Secondary,None,Unemployed,0,0,2,2025-09-20,False
REC004590,ENU0003,West Bengal,45,Female,Secondary,Shop Assistant,Employed,49,10959,4,2025-07-30,False
REC004591,ENU0102,Maharashtra,52,Female,Higher Secondary,None,Not in Labour Force,0,0,2,2025-07-26,False
REC004592,ENU0186,Bihar,26,Male,Graduate,None,Unemployed,0,0,3,2025-08-11,False
REC004593,ENU0192,Andhra Pradesh,28,Male,Graduate,Teacher,Employed,44,24859,3,2025-07-09,False
REC004594,ENU0008,Odisha,37,Female,Illiterate,Construction Worker,Employed,27,5013,5,2025-03-14,False
REC004595,ENU0122,Tamil Nadu,16,Male,Secondary,Driver,Employed,46,12835,3,2025-01-12,False
REC004596,ENU0226,Madhya Pradesh,51,Male,Secondary,Street Vendor,Employed,60,10173,6,2025-07-12,False
REC004597,ENU0031,Odisha,11,Female,Primary,None,Not in Labour Force,8,0,4,2025-06-26,False
REC004598,ENU0030,Tamil Nadu,16,Male,Post Graduate,None,Not in Labour Force,0,0,7,2025-11-09,False
REC004599,ENU0151,Uttar Pradesh,17,Female,Post Graduate,None,Not in Labour Force,0,0,7,2025-12-03,False
REC004600,ENU0062,Assam,36,Female,Higher Secondary,Shop Assistant,Employed,29,9211,5,2025-08-19,False
REC004601,ENU0249,West Bengal,66,Female,Secondary,None,Not in Labour Force,0,0,2,2025-01-16,False
REC004602,ENU0079,Punjab,53,Male,Primary,Street Vendor,Employed,43,8945,3,2025-11-08,False
REC004603,ENU0193,Maharashtra,66,Male,Primary,None,Not in Labour Force,5,0,4,2025-04-10,False
REC004604,ENU0103,Tamil Nadu,68,Male,Higher Secondary,None,Not in Labour Force,0,0,3,2025-11-17,False
REC004605,ENU0029,Bihar,41,Female,Graduate,Teacher,Unemployed,0,0,4,2025-04-12,False
REC004606,ENU0092,Tamil Nadu,53,Male,Graduate,Teacher,Employed,49,24209,4,2025-05-01,False
REC004607,ENU0226,Gujarat,32,Male,Graduate,Bank Employee,Employed,31,27140,4,2025-02-24,False
REC004608,ENU0206,Odisha,10,Female,Primary,None,Not in Labour Force,0,0,8,2025-10-13,False
REC004609,ENU0152,Kerala,76,Female,Secondary,None,Not in Labour Force,3,0,3,2025-12-10,False
REC004610,ENU0084,Uttar Pradesh,27,Female,Higher Secondary,Technician,Employed,34,13079,5,2025-06-18,False
REC004611,ENU0082,Gujarat,37,Female,Graduate,None,Not in Labour Force,4,0,6,2025-02-02,False
REC004612,ENU0020,West Bengal,48,Male,Secondary,Shop Assistant,Employed,54,11170,5,2025-12-21,False
REC004613,ENU0141,Bihar,16,Female,Higher Secondary,None,Unemployed,0,0,3,2025-09-03,False
REC004614,ENU0167,Madhya Pradesh,28,Female,Secondary,Factory Worker,Employed,51,13121,4,2025-02-09,False
REC004615,ENU0167,Kerala,63,Male,Higher Secondary,None,Not in Labour Force,0,0,3,2025-03-06,False
REC004616,ENU0176,Uttar Pradesh,50,Female,Primary,Factory Worker,Employed,46,11764,5,2025-02-12,False
REC004617,ENU0094,Rajasthan,61,Female,Higher Secondary,None,Not in Labour Force,4,0,3,2025-09-17,False
REC004618,ENU0067,Telangana,34,Male,Secondary,Carpenter,Employed,43,10751,6,2025-12-27,False
REC004619,ENU0007,Kerala,50,Female,Post Graduate,IT Professional,Employed,75,79893,2,2025-08-25,False
REC004620,ENU0219,Karnataka,39,Female,Secondary,Driver,Employed,36,10192,1,2025-12-31,False
REC004621,ENU0078,West Bengal,35,Female,Graduate,Bank Employee,Employed,46,47319,6,2025-09-14,False
REC004622,ENU0081,Bihar,29,Female,Secondary,Driver,Unemployed,0,0,3,2025-04-26,False
REC004623,ENU0122,Kerala,17,Male,Higher Secondary,None,Not in Labour Force,9,0,4,2025-12-01,False
REC004624,ENU0158,Odisha,43,Male,Secondary,Shop Assistant,Employed,50,10063,6,2025-10-13,False
REC004625,ENU0037,Gujarat,30,Female,Illiterate,Agricultural Labourer,Employed,48,8868,4,2025-05-15,False
REC004626,ENU0023,Bihar,8,Male,Primary,None,Not in Labour Force,0,0,4,2025-05-28,False
REC004627,ENU0090,Bihar,41,Female,Primary,Factory Worker,Unemployed,0,0,5,2025-02-25,False
REC004628,ENU0131,Tamil Nadu,42,Male,Secondary,Shop Assistant,Employed,50,8411,3,2025-07-01,False
REC004629,ENU0026,Punjab,53,Female,Secondary,Carpenter,Employed,34,6382,3,2025-11-15,False
REC004630,ENU0098,Andhra Pradesh,62,Male,Secondary,Street Vendor,Employed,45,10547,3,2025-10-05,False
REC004631,ENU0154,Gujarat,16,Male,Secondary,None,Not in Labour Force,0,0,2,2025-06-19,False
REC004632,ENU0146,Bihar,25,Female,Higher Secondary,Carpenter,Unemployed,0,0,2,2025-03-09,False
REC004633,ENU0145,Telangana,43,Female,Primary,None,Not in Labour Force,0,0,3,2025-03-31,False
REC004634,ENU0013,Maharashtra,44,Male,Primary,Street Vendor,Employed,49,9391,3,2025-05-29,False
REC004635,ENU0139,Punjab,34,Male,Higher Secondary,None,Unemployed,0,0,4,2025-10-23,False
REC004636,ENU0066,Rajasthan,59,Female,Secondary,Shop Assistant,Employed,44,10098,6,2025-09-14,False
REC004637,ENU0175,Karnataka,34,Female,Graduate,None,Not in Labour Force,0,0,6,2025-11-03,False
REC004638,ENU0006,Karnataka,26,Male,Secondary,Carpenter,Employed,55,17268,6,2025-09-02,False
REC004639,ENU0089,West Bengal,30,Male,Secondary,Driver,Employed,41,8517,3,2025-11-01,False
REC004640,ENU0118,Rajasthan,31,Female,Illiterate,Street Vendor,Employed,55,6178,6,2025-09-28,False
REC004641,ENU0114,Andhra Pradesh,33,Male,Secondary,None,Not in Labour Force,0,0,5,2025-01-21,False
REC004642,ENU0049,Tamil Nadu,41,Female,Secondary,Driver,Employed,47,11809,5,2025-06-17,False
REC004643,ENU0080,Odisha,9,Male,Primary,None,Not in Labour Force,0,0,6,2025-05-03,False
REC004644,ENU0208,Gujarat,15,Female,Secondary,None,Not in Labour Force,0,0,2,2025-02-26,False
REC004645,ENU0014,Karnataka,35,Female,Illiterate,Street Vendor,Employed,49,7681,2,2025-11-01,False
REC004646,ENU0070,Maharashtra,49,Male,Higher Secondary,Driver,Employed,60,12925,3,2025-11-10,False
REC004647,ENU0228,Andhra Pradesh,38,Male,Secondary,Carpenter,Employed,65,19655,4,2025-11-18,False
REC004648,ENU0115,West Bengal,31,Female,Primary,Domestic Help,Employed,38,6962,1,2025-10-05,False
REC004649,ENU0122,Madhya Pradesh,31,Female,Secondary,Driver,Employed,35,9747,5,2025-07-19,False
REC004650,ENU0068,Kerala,34,Female,Primary,Construction Worker,Employed,45,13433,1,2025-10-27,False
REC004651,ENU0127,Andhra Pradesh,45,Male,Graduate,None,Not in Labour Force,9,0,4,2025-05-28,False
REC004652,ENU0154,Karnataka,29,Female,Secondary,Shop Assistant,Employed,34,4305,5,2025-04-02,False
REC004653,ENU0221,Gujarat,16,Female,Secondary,None,Not in Labour Force,0,0,6,2025-10-29,False
REC004654,ENU0038,Tamil Nadu,33,Male,Higher Secondary,Driver,Employed,36,13160,5,2025-06-13,False
REC004655,ENU0038,Telangana,41,Male,Secondary,None,Not in Labour Force,0,0,1,2025-05-09,False
REC004656,ENU0036,Tamil Nadu,38,Male,Graduate,IT Professional,Employed,36,52565,1,2025-07-14,False
REC004657,ENU0125,Karnataka,30,Female,Secondary,Carpenter,Employed,45,14401,2,2025-06-25,False
REC004658,ENU0121,Telangana,10,Male,Primary,None,Not in Labour Force,0,0,4,2025-12-27,False
REC004659,ENU0200,Punjab,12,Female,Primary,None,Not in Labour Force,0,0,2,2025-07-15,False
REC004660,ENU0111,Maharashtra,42,Female,Illiterate,Domestic Help,Employed,56,6933,3,2025-08-21,False
REC004661,ENU0242,Kerala,32,Male,Higher Secondary,None,Not in Labour Force,0,0,1,2025-09-11,False
REC004662,ENU0056,Bihar,29,Female,Secondary,Street Vendor,Unemployed,0,0,2,2025-02-23,False
REC004663,ENU0059,Tamil Nadu,28,Female,Graduate,None,Unemployed,0,0,4,2025-07-04,False
REC004664,ENU0237,Maharashtra,42,Female,Graduate,Clerk,Employed,34,16562,4,2025-04-20,False
REC004665,ENU0064,West Bengal,77,Male,Primary,None,Not in Labour Force,0,0,2,2025-10-31,False
REC004666,ENU0214,Uttar Pradesh,80,Male,Primary,None,Not in Labour Force,0,0,3,2025-11-06,False
REC004667,ENU0180,Kerala,68,Female,Secondary,None,Not in Labour Force,0,0,3,2025-02-28,False
REC004668,ENU0050,Odisha,32,Female,Higher Secondary,None,Not in Labour Force,0,0,4,2025-03-24,False
REC004669,ENU0171,West Bengal,12,Male,Primary,None,Not in Labour Force,4,0,2,2025-01-30,False
REC004670,ENU0177,Andhra Pradesh,51,Female,Secondary,Carpenter,Employed,36,7916,4,2025-02-19,False
REC004671,ENU0181,Gujarat,35,Male,Primary,Construction Worker,Employed,31,4397,4,2025-11-02,False
REC004672,ENU0020,Assam,47,Male,Higher Secondary,Driver,Employed,30,6605,2,2025-02-26,False
REC004673,ENU0040,Karnataka,49,Male,Graduate,None,Not in Labour Force,0,0,2,2025-05-06,False
REC004674,ENU0022,Andhra Pradesh,15,Female,Post Graduate,None,Not in Labour Force,0,0,4,2025-07-04,False
REC004675,ENU0243,Telangana,44,Male,Illiterate,Agricultural Labourer,Employed,54,8310,2,2025-05-21,False
REC004676,ENU0026,Telangana,22,Female,Higher Secondary,None,Not in Labour Force,0,0,1,2025-10-02,False
REC004677,ENU0227,Telangana,34,Male,Higher Secondary,Shop Assistant,Employed,31,6323,4,2025-07-24,False
REC004678,ENU0193,Rajasthan,69,Male,Higher Secondary,None,Not in Labour Force,0,0,2,2025-07-19,False
REC004679,ENU0008,Kerala,26,Female,Higher Secondary,Driver,Employed,43,10743,3,2025-02-06,False
REC004680,ENU0226,Punjab,40,Male,Secondary,Driver,Employed,56,18034,4,2025-03-31,False
REC004681,ENU0215,Punjab,6,Female,Primary,None,Not in Labour Force,4,0,6,2025-06-18,False
REC004682,ENU0076,Telangana,50,Male,Secondary,Driver,Employed,53,21027,2,2025-05-29,False
REC004683,ENU0090,Telangana,37,Male,Graduate,Teacher,Employed,43,22333,4,2025-07-09,False
REC004684,ENU0029,Gujarat,14,Male,Primary,None,Not in Labour Force,0,0,4,2025-04-19,False
REC004685,ENU0078,Rajasthan,15,Male,Graduate,None,Not in Labour Force,0,0,2,2025-08-15,False
REC004686,ENU0030,Madhya Pradesh,33,Female,Secondary,Driver,Employed,42,10806,2,2025-06-25,False
REC004687,ENU0200,Kerala,5,Male,Illiterate,None,Not in Labour Force,0,0,5,2025-04-01,False
REC004688,ENU0049,Telangana,55,Male,Secondary,Factory Worker,Employed,43,9344,3,2025-01-24,False
REC004689,ENU0180,Gujarat,19,Male,Primary,None,Unemployed,0,0,3,2025-10-07,False
REC004690,ENU0021,Maharashtra,29,Female,Higher Secondary,Technician,Employed,53,23904,6,2025-03-24,False
REC004691,ENU0041,Telangana,37,Female,Higher Secondary,None,Not in Labour Force,0,0,4,2025-04-12,False
REC004692,ENU0065,Telangana,37,Male,Secondary,Street Vendor,Employed,43,7264,2,2025-12-17,False
REC004693,ENU0215,Rajasthan,38,Female,Post Graduate,Teacher,Employed,31,13235,6,2025-10-08,False
REC004694,ENU0216,Odisha,45,Male,Graduate,Teacher,Employed,50,32356,6,2025-10-30,False
REC004695,ENU0146,Assam,35,Male,Illiterate,Construction Worker,Employed,69,11445,3,2025-05-07,False
REC004696,ENU0171,Bihar,50,Male,Graduate,Clerk,Employed,46,6391,4,2025-05-29,False
REC004697,ENU0045,Uttar Pradesh,65,Male,Primary,None,Not in Labour Force,0,0,4,2025-08-02,False
REC004698,ENU0020,Karnataka,9,Female,Primary,None,Not in Labour Force,0,0,5,2025-08-29,False
REC004699,ENU0118,Punjab,38,Female,Primary,Domestic Help,Employed,30,3053,3,2025-09-27,False
REC004700,ENU0193,Telangana,35,Male,Secondary,Carpenter,Employed,59,20634,7,2025-01-19,False
REC004701,ENU0049,Punjab,47,Female,Post Graduate,Doctor,Employed,44,99725,7,2025-03-30,False
REC004702,ENU0176,Gujarat,54,Female,Secondary,Street Vendor,Employed,40,4203,8,2025-08-16,False
REC004703,ENU0070,West Bengal,35,Female,Secondary,Factory Worker,Employed,47,13742,3,2025-03-05,False
REC004704,ENU0059,Madhya Pradesh,35,Male,Secondary,Shop Assistant,Employed,31,6121,3,2025-01-02,False
REC004705,ENU0087,Odisha,19,Female,Primary,None,Not in Labour Force,0,0,2,2025-11-30,False
REC004706,ENU0045,Rajasthan,72,Male,Secondary,None,Not in Labour Force,0,0,4,2025-02-28,False
REC004707,ENU0213,Telangana,41,Female,Higher Secondary,Shop Assistant,Employed,54,7405,4,2025-04-25,False
REC004708,ENU0069,Maharashtra,69,Other,Primary,None,Not in Labour Force,0,0,4,2025-04-03,False
REC004709,ENU0080,Maharashtra,49,Female,Higher Secondary,Technician,Employed,57,21158,4,2025-04-16,False
REC004710,ENU0160,Uttar Pradesh,83,Female,Graduate,None,Not in Labour Force,0,0,6,2025-08-10,False
REC004711,ENU0139,Bihar,33,Female,Secondary,None,Unemployed,0,0,7,2025-09-26,False
REC004712,ENU0171,Rajasthan,38,Male,Post Graduate,Bank Employee,Employed,34,32626,3,2025-03-12,False
REC004713,ENU0203,Odisha,27,Female,Graduate,Sales Executive,Employed,52,27164,2,2025-03-18,False
REC004714,ENU0171,Karnataka,42,Female,Graduate,Bank Employee,Employed,19,12333,7,2025-05-31,False
REC004715,ENU0169,Bihar,23,Male,Post Graduate,IT Professional,Employed,39,18056,2,2025-07-13,False
REC004716,ENU0120,Tamil Nadu,37,Male,Secondary,Shop Assistant,Employed,51,10953,7,2025-11-17,False
REC004717,ENU0190,Gujarat,39,Female,Primary,Agricultural Labourer,Employed,54,6671,7,2025-08-17,False
REC004718,ENU0059,Madhya Pradesh,41,Female,Secondary,Carpenter,Employed,39,12306,4,2025-08-02,False
REC004719,ENU0193,Karnataka,29,Female,Secondary,Carpenter,Employed,46,12702,5,2025-01-06,False
REC004720,ENU0139,Bihar,26,Male,Graduate,None,Unemployed,0,0,6,2025-01-25,False
REC004721,ENU0195,Maharashtra,31,Male,Secondary,None,Unemployed,0,0,4,2025-07-19,False
REC004722,ENU0217,Andhra Pradesh,38,Male,Secondary,Shop Assistant,Employed,38,7291,3,2025-09-28,False
REC004723,ENU0168,Tamil Nadu,52,Male,Primary,Agricultural Labourer,Employed,31,5300,4,2025-11-09,False
REC004724,ENU0106,Uttar Pradesh,29,Male,Graduate,None,Unemployed,0,0,2,2025-10-06,False
REC004725,ENU0228,Odisha,38,Male,Primary,None,Unemployed,0,0,11,2025-12-30,False
REC004726,ENU0104,Kerala,37,Male,Secondary,None,Not in Labour Force,0,0,9,2025-04-03,False
REC004727,ENU0038,Rajasthan,31,Male,Higher Secondary,Driver,Employed,45,12633,5,2025-04-05,False
REC004728,ENU0237,Odisha,31,Female,Graduate,Sales Executive,Employed,50,22111,4,2025-09-26,False
REC004729,ENU0199,Odisha,5,Male,Illiterate,None,Not in Labour Force,0,0,2,2025-02-17,False
REC004730,ENU0045,Bihar,45,Male,Graduate,Sales Executive,Employed,33,7642,2,2025-07-18,False
REC004731,ENU0083,Kerala,38,Female,Secondary,Shop Assistant,Employed,38,7549,4,2025-12-31,False
REC004732,ENU0211,Bihar,39,Female,Secondary,None,Unemployed,0,0,2,2025-11-27,False
REC004733,ENU0217,Andhra Pradesh,33,Male,Higher Secondary,Carpenter,Employed,47,13541,5,2025-11-26,False
REC004734,ENU0134,Uttar Pradesh,48,Female,Illiterate,Construction Worker,Employed,40,6577,2,2025-03-04,False
REC004735,ENU0097,Maharashtra,16,Female,Graduate,None,Not in Labour Force,7,0,1,2025-08-24,False
REC004736,ENU0046,Punjab,42,Other,Secondary,None,Not in Labour Force,0,0,2,2025-02-02,False
REC004737,ENU0210,Uttar Pradesh,16,Male,Graduate,IT Professional,Employed,33,51790,4,2025-05-01,False
REC004738,ENU0165,Madhya Pradesh,61,Male,Higher Secondary,None,Not in Labour Force,1,0,3,2025-02-24,False
REC004739,ENU0116,Kerala,31,Female,Secondary,None,Not in Labour Force,4,0,3,2025-02-02,False
REC004740,ENU0147,Tamil Nadu,27,Female,Graduate,Sales Executive,Employed,57,19631,2,2025-07-22,False
REC004741,ENU0202,Rajasthan,40,Male,Graduate,IT Professional,Employed,38,48867,1,2025-10-24,False
REC004742,ENU0113,Karnataka,46,Male,Higher Secondary,Clerk,Employed,41,20970,1,2025-11-28,False
REC004743,ENU0161,Odisha,28,Male,Secondary,None,Unemployed,0,0,7,2025-06-03,False
REC004744,ENU0027,Gujarat,42,Male,Post Graduate,Doctor,Employed,36,77287,2,2025-03-09,False
REC004745,ENU0023,West Bengal,40,Female,Higher Secondary,Technician,Employed,35,9963,3,2025-10-29,False
REC004746,ENU0170,Gujarat,24,Male,Higher Secondary,Shop Assistant,Employed,52,16127,7,2025-11-18,False
REC004747,ENU0160,Rajasthan,51,Female,Secondary,None,Not in Labour Force,0,0,7,2025-11-24,False
REC004748,ENU0201,Maharashtra,50,Female,Secondary,Street Vendor,Employed,56,9128,4,2025-09-24,False
REC004749,ENU0013,Uttar Pradesh,37,Female,Post Graduate,Teacher,Employed,45,13953,6,2025-03-01,False
REC004750,ENU0134,Karnataka,69,Male,Graduate,None,Not in Labour Force,0,0,3,2025-01-04,False
REC004751,ENU0204,Gujarat,28,Male,Secondary,Street Vendor,Employed,48,8710,5,2025-05-21,False
REC004752,ENU0144,Bihar,33,Female,Primary,Factory Worker,Unemployed,0,0,3,2025-10-12,False
REC004753,ENU0039,Uttar Pradesh,84,Male,Higher Secondary,None,Not in Labour Force,0,0,4,2025-11-02,False
REC004754,ENU0143,West Bengal,38,Female,Secondary,None,Not in Labour Force,2,0,5,2025-10-02,False
REC004755,ENU0076,Rajasthan,80,Male,Secondary,None,Not in Labour Force,0,0,4,2025-09-19,False
REC004756,ENU0131,Bihar,46,Female,Secondary,Shop Assistant,Unemployed,0,0,2,2025-08-24,False
REC004757,ENU0210,Punjab,26,Male,Primary,None,Not in Labour Force,0,0,6,2025-03-30,False
REC004758,ENU0164,West Bengal,16,Male,Secondary,Carpenter,Employed,36,7118,2,2025-02-15,False
REC004759,ENU0139,Tamil Nadu,51,Female,Secondary,Driver,Employed,40,12356,2,2025-05-17,False
REC004760,ENU0188,Andhra Pradesh,61,Male,Illiterate,None,Not in Labour Force,0,0,3,2025-03-08,False
REC004761,ENU0004,Kerala,48,Female,Post Graduate,Government Officer,Employed,30,32777,1,2025-12-07,False
REC004762,ENU0207,Uttar Pradesh,45,Female,Secondary,Shop Assistant,Employed,63,14444,5,2025-12-15,False
REC004763,ENU0237,Gujarat,48,Female,Graduate,Sales Executive,Employed,38,20235,3,2025-04-21,False
REC004764,ENU0211,Rajasthan,30,Female,Secondary,Street Vendor,Employed,36,4997,3,2025-03-25,False
REC004765,ENU0102,Madhya Pradesh,39,Female,Higher Secondary,None,Not in Labour Force,4,0,3,2025-06-15,False
REC004766,ENU0061,Telangana,56,Female,Graduate,IT Professional,Employed,31,39441,4,2025-10-26,False
REC004767,ENU0075,Telangana,31,Female,Illiterate,Agricultural Labourer,Employed,34,7669,3,2025-12-28,False
REC004768,ENU0204,Gujarat,7,Female,Primary,None,Not in Labour Force,0,0,1,2025-09-11,False
REC004769,ENU0186,Madhya Pradesh,32,Female,Graduate,Sales Executive,Employed,36,20383,3,2025-10-19,False
REC004770,ENU0094,Uttar Pradesh,44,Female,Secondary,None,Employed,0,54776,5,2025-12-07,True
REC004771,ENU0224,Uttar Pradesh,27,Male,Secondary,Factory Worker,Employed,36,8151,7,2025-06-19,False
REC004772,ENU0199,Andhra Pradesh,39,Male,Secondary,Carpenter,Employed,44,11273,10,2025-05-18,False
REC004773,ENU0243,Tamil Nadu,38,Male,Higher Secondary,None,Not in Labour Force,1,0,7,2025-09-23,False
REC004774,ENU0211,Uttar Pradesh,39,Female,Graduate,None,Not in Labour Force,4,0,4,2025-08-14,False
REC004775,ENU0162,Madhya Pradesh,16,Female,Primary,Street Vendor,Employed,60,10539,1,2025-04-03,False
REC004776,ENU0197,Rajasthan,45,Male,Secondary,Carpenter,Employed,35,11699,2,2025-10-18,False
REC004777,ENU0003,Madhya Pradesh,32,Female,Graduate,Clerk,Employed,48,16532,2,2025-05-06,False
REC004778,ENU0079,Odisha,11,Male,Primary,None,Not in Labour Force,1,0,4,2025-12-12,False
REC004779,ENU0242,Telangana,33,Female,Secondary,None,Unemployed,0,0,5,2025-08-24,False
REC004780,ENU0013,West Bengal,37,Male,Secondary,Street Vendor,Employed,50,7008,3,2025-07-14,False
REC004781,ENU0086,West Bengal,13,Female,Primary,None,Not in Labour Force,7,0,2,2025-09-19,False
REC004782,ENU0004,Bihar,34,Female,Primary,None,Unemployed,0,0,5,2025-10-21,False
REC004783,ENU0071,Uttar Pradesh,38,Female,Graduate,None,Not in Labour Force,0,0,6,2025-06-07,False
REC004784,ENU0083,Andhra Pradesh,30,Female,Secondary,Carpenter,Employed,44,17155,1,2025-11-02,False
REC004785,ENU0152,Karnataka,27,Female,Higher Secondary,Shop Assistant,Employed,45,9406,3,2025-06-18,False
REC004786,ENU0070,Rajasthan,16,Female,Secondary,Carpenter,Employed,62,21257,4,2025-02-27,False
REC004787,ENU0072,Gujarat,15,Male,Primary,None,Not in Labour Force,0,0,6,2025-09-07,False
REC004788,ENU0102,Kerala,16,Male,Graduate,Clerk,Employed,47,22491,3,2025-10-10,False
REC004789,ENU0089,Telangana,25,Female,Secondary,None,Not in Labour Force,0,0,4,2025-08-23,False
REC004790,ENU0084,Gujarat,37,Male,Graduate,Bank Employee,Employed,50,54909,4,2025-04-07,False
REC004791,ENU0198,Punjab,32,Male,Primary,Street Vendor,Employed,32,4324,4,2025-11-23,False
REC004792,ENU0123,Karnataka,38,Female,Secondary,Carpenter,Employed,65,21248,4,2025-06-29,False
REC004793,ENU0094,Kerala,38,Male,Higher Secondary,None,Not in Labour Force,1,0,3,2025-12-13,False
REC004794,ENU0010,Punjab,61,Female,Higher Secondary,None,Not in Labour Force,0,0,2,2025-03-13,False
REC004795,ENU0145,Rajasthan,51,Male,Secondary,Shop Assistant,Employed,44,7514,5,2025-11-14,False
REC004796,ENU0089,Assam,31,Male,Primary,None,Unemployed,0,0,4,2025-07-03,False
REC004797,ENU0097,Punjab,34,Male,Secondary,None,Unemployed,0,0,1,2025-03-27,False
REC004798,ENU0033,Madhya Pradesh,9,Male,Primary,None,Not in Labour Force,0,0,6,2025-08-20,False
REC004799,ENU0192,Maharashtra,46,Female,Graduate,Bank Employee,Employed,32,28728,6,2025-12-18,False
REC004800,ENU0032,Uttar Pradesh,36,Female,Primary,Factory Worker,Employed,32,9384,6,2025-05-08,False
REC004801,ENU0204,Assam,31,Female,Higher Secondary,Driver,Employed,63,13055,4,2025-07-01,False
REC004802,ENU0002,Punjab,61,Female,Higher Secondary,None,Not in Labour Force,0,0,6,2025-10-05,False
REC004803,ENU0180,Gujarat,41,Female,Higher Secondary,Carpenter,Employed,30,8518,6,2025-11-23,False
REC004804,ENU0155,Andhra Pradesh,35,Male,Higher Secondary,Clerk,Employed,47,18960,3,2025-09-08,False
REC004805,ENU0165,Telangana,52,Male,Higher Secondary,Technician,Employed,56,26386,5,2025-11-28,False
REC004806,ENU0184,Rajasthan,23,Female,Primary,None,Not in Labour Force,0,0,7,2025-12-21,False
REC004807,ENU0194,Kerala,39,Male,Graduate,IT Professional,Employed,66,91095,8,2025-11-24,False
REC004808,ENU0106,Telangana,10,Female,Primary,None,Not in Labour Force,0,0,2,2025-02-28,False
REC004809,ENU0184,Rajasthan,36,Female,Higher Secondary,None,Unemployed,0,0,3,2025-01-08,False
REC004810,ENU0075,Odisha,40,Female,Secondary,None,Not in Labour Force,0,0,3,2025-03-25,False
REC004811,ENU0150,Odisha,28,Male,Graduate,None,Unemployed,0,0,6,2025-07-19,False
REC004812,ENU0213,Odisha,85,Male,Graduate,None,Not in Labour Force,0,0,3,2025-02-02,False
REC004813,ENU0190,Bihar,27,Other,Illiterate,Domestic Help,Unemployed,0,0,4,2025-09-01,False
REC004814,ENU0088,Uttar Pradesh,44,Male,Illiterate,Street Vendor,Employed,37,7344,2,2025-09-21,False
REC004815,ENU0200,West Bengal,52,Male,Secondary,Street Vendor,Employed,50,8469,7,2025-04-19,False
REC004816,ENU0113,Gujarat,43,Male,Secondary,Driver,Employed,71,17487,5,2025-05-29,False
REC004817,ENU0111,Rajasthan,32,Male,Graduate,None,Not in Labour Force,0,0,7,2025-01-17,False
REC004818,ENU0054,Punjab,41,Female,Secondary,Shop Assistant,Employed,38,9410,2,2025-03-30,False
REC004819,ENU0211,Punjab,64,Male,Primary,Street Vendor,Employed,54,12379,7,2025-04-03,False
REC004820,ENU0204,Punjab,16,Male,Secondary,Factory Worker,Employed,26,5683,2,2025-07-07,False
REC004821,ENU0061,Uttar Pradesh,76,Male,Secondary,None,Not in Labour Force,0,0,6,2025-10-06,False
REC004822,ENU0250,Rajasthan,68,Male,Primary,None,Not in Labour Force,0,0,2,2025-12-30,False
REC004823,ENU0021,Madhya Pradesh,41,Female,Higher Secondary,None,Not in Labour Force,0,0,1,2025-11-30,False
REC004824,ENU0061,Madhya Pradesh,19,Male,Post Graduate,None,Unemployed,0,0,1,2025-10-08,False
REC004825,ENU0112,Tamil Nadu,54,Female,Secondary,None,Not in Labour Force,0,0,5,2025-09-03,False
REC004826,ENU0174,Tamil Nadu,51,Female,Higher Secondary,Driver,Employed,31,7757,3,2025-06-30,False
REC004827,ENU0107,Tamil Nadu,26,Male,Graduate,IT Professional,Employed,35,36616,4,2025-07-31,False
REC004828,ENU0149,Kerala,29,Female,Primary,Factory Worker,Employed,41,9361,4,2025-12-19,False
REC004829,ENU0083,Odisha,48,Female,Secondary,Street Vendor,Employed,35,6948,2,2025-08-19,False
REC004830,ENU0009,Tamil Nadu,32,Female,Primary,Domestic Help,Employed,41,6348,3,2025-10-01,False
REC004831,ENU0092,Bihar,48,Male,Secondary,Street Vendor,Employed,37,2984,4,2025-06-27,False
REC004832,ENU0174,Rajasthan,39,Female,Higher Secondary,Carpenter,Employed,40,9625,2,2025-10-04,False
REC004833,ENU0101,Madhya Pradesh,31,Male,Post Graduate,Government Officer,Employed,37,42052,2,2025-03-13,False
REC004834,ENU0004,Tamil Nadu,32,Male,Primary,Street Vendor,Employed,52,10379,2,2025-12-10,False
REC004835,ENU0033,West Bengal,37,Male,Graduate,Clerk,Employed,57,32158,6,2025-01-17,False
REC004836,ENU0126,Rajasthan,50,Male,Secondary,Factory Worker,Employed,43,10688,6,2025-06-04,False
REC004837,ENU0002,Andhra Pradesh,50,Female,Secondary,Carpenter,Employed,43,14517,2,2025-05-14,False
REC004838,ENU0092,Telangana,31,Male,Graduate,Bank Employee,Employed,34,25970,7,2025-11-06,False
REC004839,ENU0208,Gujarat,29,Female,Higher Secondary,Driver,Employed,47,13760,4,2025-02-28,False
REC004840,ENU0085,Madhya Pradesh,47,Female,Secondary,Shop Assistant,Employed,51,12540,5,2025-06-16,False
REC004841,ENU0139,Madhya Pradesh,30,Male,Graduate,Bank Employee,Employed,54,42577,5,2025-05-04,False
REC004842,ENU0126,Madhya Pradesh,19,Female,Secondary,None,Unemployed,0,0,4,2025-11-10,False
REC004843,ENU0203,Karnataka,38,Male,Secondary,Driver,Employed,41,10607,5,2025-06-21,False
REC004844,ENU0226,West Bengal,50,Male,Secondary,Street Vendor,Employed,44,5228,5,2025-07-22,False
REC004845,ENU0094,Andhra Pradesh,25,Male,Primary,Agricultural Labourer,Employed,47,6312,3,2025-10-09,False
REC004846,ENU0149,Andhra Pradesh,20,Female,Higher Secondary,None,Unemployed,0,0,6,2025-07-04,False
REC004847,ENU0073,Punjab,64,Male,Secondary,None,Not in Labour Force,0,0,6,2025-03-16,False
REC004848,ENU0018,Gujarat,45,Male,Higher Secondary,Clerk,Employed,46,22499,7,2025-06-28,False
REC004849,ENU0203,Andhra Pradesh,41,Female,Primary,Domestic Help,Employed,16,2570,5,2025-03-03,False
REC004850,ENU0154,Bihar,40,Male,Graduate,Bank Employee,Employed,35,15756,4,2025-02-12,False
REC004851,ENU0150,Andhra Pradesh,31,Female,Graduate,IT Professional,Employed,56,63945,4,2025-12-25,False
REC004852,ENU0102,Odisha,74,Female,Secondary,None,Not in Labour Force,0,0,8,2025-12-23,False
REC004853,ENU0163,Kerala,24,Female,Higher Secondary,Shop Assistant,Employed,65,14162,5,2025-05-21,False
REC004854,ENU0139,Madhya Pradesh,26,Male,Secondary,Driver,Employed,57,15308,4,2025-07-07,False
REC004855,ENU0168,Rajasthan,42,Male,Graduate,None,Unemployed,0,0,4,2025-05-06,False
REC004856,ENU0228,Andhra Pradesh,48,Female,Higher Secondary,None,Not in Labour Force,0,0,7,2025-01-24,False
REC004857,ENU0157,Telangana,23,Male,Higher Secondary,Carpenter,Employed,56,17999,1,2025-11-29,False
REC004858,ENU0002,Kerala,76,Male,Primary,None,Not in Labour Force,8,0,3,2025-01-07,False
REC004859,ENU0028,Telangana,42,Male,Graduate,None,Not in Labour Force,0,0,1,2025-03-03,False
REC004860,ENU0035,Tamil Nadu,72,Female,Primary,None,Not in Labour Force,0,0,5,2025-11-03,False
REC004861,ENU0071,Karnataka,37,Female,Higher Secondary,None,Not in Labour Force,6,0,4,2025-10-18,False
REC004862,ENU0070,Bihar,38,Male,Secondary,None,Unemployed,0,0,6,2025-05-23,False
REC004863,ENU0146,Bihar,33,Male,Secondary,None,Unemployed,0,0,3,2025-06-26,False
REC004864,ENU0179,Maharashtra,24,Female,Illiterate,Agricultural Labourer,Employed,37,6917,9,2025-09-25,False
REC004865,ENU0027,West Bengal,72,Female,Secondary,None,Not in Labour Force,0,0,4,2025-05-25,False
REC004866,ENU0096,Bihar,35,Female,Illiterate,Construction Worker,Employed,60,5292,4,2025-11-07,False
REC004867,ENU0028,Gujarat,52,Female,Secondary,Driver,Employed,54,13795,1,2025-03-03,False
REC004868,ENU0116,Telangana,31,Female,Secondary,None,Unemployed,0,0,8,2025-01-09,False
REC004869,ENU0185,Telangana,35,Male,Secondary,Factory Worker,Employed,47,13319,2,2025-04-24,False
REC004870,ENU0108,Assam,49,Female,Higher Secondary,Carpenter,Employed,43,11919,3,2025-03-20,False
REC004871,ENU0007,Bihar,36,Female,Secondary,Driver,Unemployed,0,0,8,2025-12-25,False
REC004872,ENU0223,Uttar Pradesh,16,Female,Higher Secondary,None,Unemployed,0,0,2,2025-03-09,False
REC004873,ENU0222,Telangana,37,Female,Primary,Domestic Help,Employed,57,7971,6,2025-02-17,False
REC004874,ENU0210,Punjab,51,Female,Graduate,None,Not in Labour Force,0,0,4,2025-12-30,False
REC004875,ENU0247,Assam,31,Male,Secondary,Carpenter,Employed,47,9042,5,2025-01-19,False
REC004876,ENU0120,Bihar,76,Male,Secondary,None,Not in Labour Force,0,0,10,2025-12-15,False
REC004877,ENU0074,Odisha,70,Male,Primary,None,Not in Labour Force,0,0,7,2025-07-19,False
REC004878,ENU0045,Telangana,35,Female,Graduate,Clerk,Employed,27,8928,5,2025-06-01,False
REC004879,ENU0047,Rajasthan,26,Female,Graduate,Bank Employee,Employed,43,41160,2,2025-06-13,False
REC004880,ENU0104,Maharashtra,49,Male,Higher Secondary,None,Not in Labour Force,0,0,6,2025-02-24,False
REC004881,ENU0223,Madhya Pradesh,59,Male,Post Graduate,Bank Employee,Employed,48,50287,4,2025-11-10,False
REC004882,ENU0182,Bihar,28,Male,Secondary,Driver,Employed,46,6913,2,2025-04-29,False
REC004883,ENU0106,Gujarat,24,Female,Higher Secondary,Shop Assistant,Employed,35,10380,6,2025-12-13,False
REC004884,ENU0163,Gujarat,68,Female,Graduate,None,Not in Labour Force,0,0,8,2025-06-26,False
REC004885,ENU0147,Odisha,34,Female,Illiterate,Agricultural Labourer,Employed,53,11027,2,2025-01-02,False
REC004886,ENU0169,Bihar,50,Female,Primary,Factory Worker,Unemployed,0,0,2,2025-04-04,False
REC004887,ENU0199,Karnataka,9,Female,Primary,None,Not in Labour Force,0,0,4,2025-02-07,False
REC004888,ENU0195,Kerala,16,Male,Higher Secondary,Technician,Employed,39,13152,1,2025-01-23,False
REC004889,ENU0087,Rajasthan,27,Female,Secondary,Driver,Employed,33,9715,8,2025-08-24,False
REC004890,ENU0148,Karnataka,28,Female,Higher Secondary,Clerk,Employed,59,20094,6,2025-09-19,False
REC004891,ENU0095,Madhya Pradesh,40,Female,Graduate,None,Not in Labour Force,0,0,1,2025-10-29,False
REC004892,ENU0035,Maharashtra,6,Female,Primary,None,Not in Labour Force,7,0,2,2025-09-16,False
REC004893,ENU0222,Rajasthan,30,Female,Graduate,Clerk,Employed,66,28051,4,2025-05-02,False
REC004894,ENU0192,Gujarat,12,Female,Primary,None,Not in Labour Force,0,0,4,2025-04-13,False
REC004895,ENU0152,Odisha,34,Male,Higher Secondary,Shop Assistant,Employed,25,5949,3,2025-01-12,False
REC004896,ENU0028,Madhya Pradesh,48,Other,Graduate,IT Professional,Employed,68,100446,3,2025-08-18,False
REC004897,ENU0185,West Bengal,57,Female,Higher Secondary,Clerk,Employed,32,16604,6,2025-08-02,False
REC004898,ENU0048,Assam,23,Female,Primary,Domestic Help,Employed,52,8394,8,2025-04-06,False
REC004899,ENU0237,Karnataka,41,Female,Graduate,None,Not in Labour Force,0,0,4,2025-06-11,False
REC004900,ENU0085,Telangana,25,Female,Higher Secondary,None,Unemployed,0,0,6,2025-10-08,False
REC004901,ENU0172,Rajasthan,48,Male,Secondary,Street Vendor,Employed,49,6087,1,2025-07-09,False
REC004902,ENU0159,Assam,41,Male,Higher Secondary,None,Not in Labour Force,1,0,2,2025-02-06,False
REC004903,ENU0073,Gujarat,16,Female,Graduate,Sales Executive,Employed,51,27581,4,2025-11-10,False
REC004904,ENU0082,Tamil Nadu,50,Male,Primary,Agricultural Labourer,Employed,48,5260,1,2025-02-20,False
REC004905,ENU0030,Bihar,35,Male,Illiterate,Construction Worker,Employed,33,2048,5,2025-08-24,False
REC004906,ENU0050,Andhra Pradesh,49,Male,Primary,None,Not in Labour Force,0,0,2,2025-08-04,False
REC004907,ENU0119,Assam,38,Female,Secondary,Carpenter,Employed,38,14149,6,2025-05-28,False
REC004908,ENU0070,Andhra Pradesh,55,Male,Higher Secondary,Driver,Employed,55,15432,7,2025-03-28,False
REC004909,ENU0053,Uttar Pradesh,39,Female,Post Graduate,Bank Employee,Employed,36,27328,3,2025-04-17,False
REC004910,ENU0039,Punjab,63,Female,Graduate,None,Not in Labour Force,6,0,1,2025-05-06,False
REC004911,ENU0233,Rajasthan,37,Female,Illiterate,Agricultural Labourer,Employed,45,6836,2,2025-11-29,False
REC004912,ENU0225,Bihar,30,Female,Higher Secondary,Clerk,Unemployed,0,0,6,2025-10-16,False
REC004913,ENU0113,Gujarat,51,Male,Secondary,Shop Assistant,Employed,57,15055,7,2025-08-27,False
REC004914,ENU0212,Odisha,23,Male,Graduate,Bank Employee,Employed,41,41661,4,2025-12-08,False
REC004915,ENU0047,Rajasthan,31,Female,Graduate,None,Unemployed,0,0,2,2025-02-07,False
REC004916,ENU0194,Kerala,28,Female,Primary,None,Unemployed,0,0,5,2025-07-02,False
REC004917,ENU0158,Punjab,60,Male,Primary,None,Not in Labour Force,0,0,3,2025-09-16,False
REC004918,ENU0047,Madhya Pradesh,31,Female,Higher Secondary,Technician,Employed,34,10874,5,2025-11-23,False
REC004919,ENU0208,Uttar Pradesh,77,Female,Illiterate,None,Not in Labour Force,0,0,4,2025-09-07,False
REC004920,ENU0225,Gujarat,45,Male,Graduate,Teacher,Employed,63,41251,2,2025-08-09,False
REC004921,ENU0222,Telangana,14,Male,Primary,None,Not in Labour Force,0,0,6,2025-09-08,False
REC004922,ENU0136,Karnataka,47,Female,Post Graduate,IT Professional,Employed,25,23775,9,2025-04-28,False
REC004923,ENU0118,Maharashtra,24,Female,Higher Secondary,Technician,Employed,53,20873,4,2025-08-16,False
REC004924,ENU0066,Karnataka,10,Female,Primary,None,Not in Labour Force,0,0,3,2025-09-22,False
REC004925,ENU0242,Rajasthan,50,Female,Higher Secondary,None,Not in Labour Force,8,0,5,2025-03-13,False
REC004926,ENU0069,Telangana,70,Female,Higher Secondary,None,Not in Labour Force,0,0,1,2025-10-29,False
REC004927,ENU0187,Rajasthan,32,Female,Secondary,Carpenter,Employed,51,14860,4,2025-10-21,False
REC004928,ENU0066,Madhya Pradesh,13,Male,Primary,None,Not in Labour Force,5,0,1,2025-06-27,False
REC004929,ENU0103,Gujarat,44,Female,Higher Secondary,Technician,Employed,39,19229,7,2025-08-07,False
REC004930,ENU0002,Karnataka,25,Male,Graduate,None,Not in Labour Force,7,0,8,2025-02-14,False
REC004931,ENU0145,Madhya Pradesh,49,Female,Higher Secondary,Driver,Employed,46,10058,6,2025-03-21,False
REC004932,ENU0029,Odisha,28,Male,Graduate,Bank Employee,Employed,31,14994,6,2025-04-04,False
REC004933,ENU0055,Uttar Pradesh,25,Female,Graduate,IT Professional,Employed,32,46485,4,2025-11-04,False
REC004934,ENU0094,West Bengal,19,Male,Secondary,Shop Assistant,Employed,58,7307,3,2025-06-20,False
REC004935,ENU0091,Madhya Pradesh,28,Male,Graduate,Sales Executive,Employed,47,12214,5,2025-01-19,False
REC004936,ENU0236,Tamil Nadu,72,Male,Higher Secondary,None,Not in Labour Force,1,0,4,2025-06-21,False
REC004937,ENU0156,West Bengal,20,Female,Secondary,None,Not in Labour Force,0,0,4,2025-10-03,False
REC004938,ENU0202,Tamil Nadu,38,Male,Secondary,Driver,Employed,35,7372,4,2025-02-05,False
REC004939,ENU0191,Rajasthan,55,Male,Primary,Construction Worker,Employed,50,10178,2,2025-09-03,False
REC004940,ENU0247,West Bengal,45,Female,Higher Secondary,Driver,Employed,32,8040,2,2025-03-01,False
REC004941,ENU0136,Maharashtra,23,Female,Graduate,None,Unemployed,0,0,4,2025-03-17,False
REC004942,ENU0169,Uttar Pradesh,48,Female,Primary,Agricultural Labourer,Employed,40,3453,7,2025-12-02,False
REC004943,ENU0023,Punjab,29,Male,Primary,Factory Worker,Employed,53,11179,7,2025-01-01,False
REC004944,ENU0038,Andhra Pradesh,53,Female,Secondary,Factory Worker,Employed,21,4334,3,2025-05-03,False
REC004945,ENU0029,Madhya Pradesh,39,Female,Graduate,Teacher,Employed,49,37449,3,2025-04-16,False
REC004946,ENU0015,West Bengal,33,Female,Graduate,Bank Employee,Employed,70,67897,6,2025-09-11,False
REC004947,ENU0143,Kerala,32,Female,Graduate,IT Professional,Employed,57,68641,4,2025-10-20,False
REC004948,ENU0058,Odisha,53,Male,Post Graduate,Doctor,Employed,50,84795,3,2025-05-01,False
REC004949,ENU0152,Rajasthan,38,Male,Secondary,Street Vendor,Employed,52,7537,5,2025-03-14,False
REC004950,ENU0083,Tamil Nadu,48,Female,Higher Secondary,None,Not in Labour Force,7,0,1,2025-08-06,False
REC004951,ENU0040,West Bengal,18,Male,Secondary,None,Unemployed,0,0,4,2025-01-03,False
REC004952,ENU0010,Assam,27,Female,Graduate,None,Unemployed,0,0,5,2025-08-16,False
REC004953,ENU0249,Andhra Pradesh,39,Female,Secondary,Carpenter,Employed,46,9732,7,2025-01-14,False
REC004954,ENU0082,Uttar Pradesh,46,Male,Primary,Street Vendor,Employed,41,5042,1,2025-12-21,False
REC004955,ENU0113,Kerala,52,Female,Higher Secondary,Shop Assistant,Employed,42,8980,4,2025-03-11,False
REC004956,ENU0077,Gujarat,56,Male,Higher Secondary,Carpenter,Employed,15,4417,2,2025-05-02,False
REC004957,ENU0213,Andhra Pradesh,33,Male,Illiterate,Street Vendor,Employed,48,8136,3,2025-12-01,False
REC004958,ENU0036,Madhya Pradesh,36,Female,Secondary,None,Not in Labour Force,2,0,4,2025-05-14,False
REC004959,ENU0154,Karnataka,19,Male,Secondary,Shop Assistant,Employed,67,18160,1,2025-04-21,False
REC004960,ENU0037,Punjab,27,Male,Secondary,Driver,Employed,41,14079,2,2025-08-24,False
REC004961,ENU0071,Kerala,72,Female,Primary,None,Not in Labour Force,7,0,6,2025-03-06,False
REC004962,ENU0244,Andhra Pradesh,28,Female,Higher Secondary,Clerk,Employed,40,15390,7,2025-03-09,False
REC004963,ENU0163,Maharashtra,72,Female,Secondary,None,Not in Labour Force,0,0,7,2025-01-01,False
REC004964,ENU0152,Uttar Pradesh,40,Male,Secondary,None,Unemployed,0,0,3,2025-10-13,False
REC004965,ENU0085,Madhya Pradesh,7,Female,Primary,None,Not in Labour Force,3,0,3,2025-02-26,False
REC004966,ENU0082,Madhya Pradesh,16,Female,Primary,Construction Worker,Employed,46,8369,4,2025-09-01,False
REC004967,ENU0192,Bihar,17,Male,Primary,None,Unemployed,0,0,3,2025-07-13,False
REC004968,ENU0023,Tamil Nadu,21,Male,Secondary,None,Unemployed,0,0,7,2025-03-31,False
REC004969,ENU0114,Odisha,35,Female,Higher Secondary,Driver,Employed,59,16994,3,2025-04-01,False
REC004970,ENU0005,Punjab,37,Male,Primary,Domestic Help,Employed,32,3816,5,2025-01-07,False
REC004971,ENU0165,Kerala,28,Female,Primary,Construction Worker,Employed,51,8710,4,2025-02-26,False
REC004972,ENU0064,Andhra Pradesh,50,Male,Primary,Factory Worker,Employed,27,5215,4,2025-07-21,False
REC004973,ENU0174,Kerala,21,Male,Secondary,Factory Worker,Employed,51,13717,6,2025-03-20,False
REC004974,ENU0107,Kerala,42,Male,Primary,Construction Worker,Employed,38,8930,4,2025-02-17,False
REC004975,ENU0029,Karnataka,35,Female,Primary,Construction Worker,Employed,62,12927,4,2025-05-15,False
REC004976,ENU0228,West Bengal,9,Male,Primary,None,Not in Labour Force,0,0,4,2025-08-13,False
REC004977,ENU0062,Andhra Pradesh,64,Male,Secondary,None,Employed,0,122519,1,2025-04-17,True
REC004978,ENU0215,Karnataka,30,Male,Secondary,Factory Worker,Employed,43,10837,4,2025-03-05,False
REC004979,ENU0028,Tamil Nadu,33,Female,Graduate,None,Not in Labour Force,0,0,7,2025-08-19,False
REC004980,ENU0124,Uttar Pradesh,40,Female,Secondary,None,Not in Labour Force,0,0,4,2025-05-23,False
REC004981,ENU0236,West Bengal,27,Female,Secondary,None,Unemployed,0,0,5,2025-02-13,False
REC004982,ENU0107,Maharashtra,49,Female,Primary,Construction Worker,Employed,36,5894,6,2025-07-28,False
REC004983,ENU0166,Kerala,32,Female,Illiterate,Agricultural Labourer,Employed,51,6905,4,2025-06-04,False
REC004984,ENU0155,Karnataka,34,Male,Primary,None,Not in Labour Force,0,0,3,2025-05-20,False
REC004985,ENU0072,Andhra Pradesh,65,Male,Higher Secondary,None,Not in Labour Force,0,0,1,2025-05-12,False
REC004986,ENU0009,Andhra Pradesh,23,Female,Graduate,None,Not in Labour Force,0,0,9,2025-11-29,False
REC004987,ENU0177,Assam,6,Male,Primary,None,Not in Labour Force,0,0,5,2025-09-21,False
REC004988,ENU0096,Andhra Pradesh,39,Male,Secondary,None,Not in Labour Force,0,0,3,2025-11-04,False
REC004989,ENU0155,Maharashtra,44,Female,Primary,Construction Worker,Employed,35,6061,1,2025-03-25,False
REC004990,ENU0023,Telangana,32,Female,Secondary,Factory Worker,Employed,35,9057,5,2025-06-25,False
REC004991,ENU0200,Tamil Nadu,29,Male,Secondary,Factory Worker,Employed,53,17670,5,2025-04-14,False
REC004992,ENU0005,Maharashtra,38,Male,Secondary,Shop Assistant,Employed,36,9404,5,2025-05-27,False
REC004993,ENU0096,Tamil Nadu,48,Female,Post Graduate,Bank Employee,Employed,55,63349,2,2025-07-20,False
REC004994,ENU0019,Punjab,30,Male,Higher Secondary,Shop Assistant,Employed,41,9345,2,2025-06-14,False
REC004995,ENU0104,West Bengal,39,Female,Secondary,Carpenter,Employed,54,22717,5,2025-07-11,False
REC004996,ENU0034,Gujarat,42,Male,Post Graduate,Government Officer,Employed,41,37050,3,2025-04-15,False
REC004997,ENU0172,Assam,11,Female,Primary,None,Not in Labour Force,0,0,7,2025-03-23,False
REC004998,ENU0200,Punjab,38,Male,Graduate,Teacher,Employed,33,17056,6,2025-04-08,False
REC004999,ENU0180,Telangana,23,Female,Higher Secondary,Driver,Employed,33,11340,5,2025-07-18,False
REC005000,ENU0051,Telangana,57,Female,Secondary,None,Not in Labour Force,0,0,6,2025-10-24,False
REC005001,ENU0058,Gujarat,17,Male,Higher Secondary,Shop Assistant,Employed,50,11381,8,2025-06-08,False
REC005002,ENU0128,Madhya Pradesh,48,Female,Secondary,Shop Assistant,Employed,41,8910,6,2025-06-01,False
REC005003,ENU0090,Karnataka,11,Male,Primary,None,Not in Labour Force,5,0,5,2025-09-16,False
REC005004,ENU0228,Bihar,35,Female,Primary,Factory Worker,Unemployed,0,0,6,2025-10-10,False
REC005005,ENU0053,Punjab,35,Male,Primary,None,Unemployed,0,0,3,2025-11-22,False
REC005006,ENU0198,Assam,37,Male,Graduate,Sales Executive,Employed,54,22085,4,2025-08-29,False
REC005007,ENU0180,Madhya Pradesh,18,Male,Primary,None,Not in Labour Force,0,0,2,2025-08-11,False
REC005008,ENU0019,Telangana,18,Male,Primary,None,Not in Labour Force,0,0,3,2025-06-24,False
REC005009,ENU0044,Gujarat,37,Female,Graduate,Clerk,Employed,37,15779,4,2025-09-15,False
REC005010,ENU0159,Telangana,11,Female,Primary,None,Not in Labour Force,4,0,3,2025-04-26,False
REC005011,ENU0220,Maharashtra,30,Male,Primary,None,Unemployed,0,0,4,2025-12-01,False
REC005012,ENU0090,Gujarat,40,Female,Graduate,IT Professional,Employed,39,67630,4,2025-02-23,False
REC005013,ENU0124,West Bengal,46,Female,Illiterate,None,Not in Labour Force,0,0,4,2025-04-03,False
REC005014,ENU0218,Maharashtra,70,Female,Secondary,None,Not in Labour Force,0,0,3,2025-08-16,False
REC005015,ENU0204,Telangana,32,Male,Higher Secondary,None,Not in Labour Force,0,0,2,2025-12-20,False
REC005016,ENU0003,Bihar,29,Female,Graduate,Teacher,Unemployed,0,0,6,2025-11-17,False
REC005017,ENU0055,Maharashtra,17,Other,Secondary,None,Not in Labour Force,0,0,4,2025-11-14,False
REC005018,ENU0224,Kerala,28,Male,Secondary,None,Unemployed,0,0,8,2025-09-27,False
REC005019,ENU0022,West Bengal,58,Female,Higher Secondary,None,Not in Labour Force,1,0,6,2025-08-16,False
REC005020,ENU0022,Tamil Nadu,54,Female,Secondary,Driver,Employed,27,6118,6,2025-06-17,False
REC005021,ENU0227,Bihar,33,Male,Graduate,Clerk,Unemployed,0,0,1,2025-03-14,False
REC005022,ENU0034,Odisha,36,Male,Primary,None,Not in Labour Force,0,0,4,2025-07-02,False
REC005023,ENU0210,Karnataka,27,Male,Secondary,Driver,Employed,57,13841,3,2025-04-07,False
REC005024,ENU0213,West Bengal,17,Male,Illiterate,Construction Worker,Employed,39,8302,10,2025-12-15,False
REC005025,ENU0164,Uttar Pradesh,-8,Male,Primary,None,Not in Labour Force,2,0,7,2025-03-08,True
REC005026,ENU0011,Madhya Pradesh,39,Female,Post Graduate,Engineer,Employed,43,51141,2,2025-08-20,False
REC005027,ENU0208,Uttar Pradesh,18,Female,Secondary,None,Not in Labour Force,0,0,4,2025-02-01,False
REC005028,ENU0159,Andhra Pradesh,21,Male,Primary,Domestic Help,Employed,52,9009,1,2025-05-19,False
REC005029,ENU0033,Maharashtra,33,Female,Higher Secondary,Technician,Employed,58,23414,9,2025-03-11,False
REC005030,ENU0248,Andhra Pradesh,69,Female,Higher Secondary,None,Not in Labour Force,0,0,5,2025-08-16,False
REC005031,ENU0166,Rajasthan,20,Male,Primary,Domestic Help,Employed,50,7565,4,2025-02-11,False
REC005032,ENU0236,Maharashtra,23,Female,Primary,None,Not in Labour Force,0,0,7,2025-10-23,False
REC005033,ENU0112,West Bengal,24,Male,Graduate,None,Unemployed,0,0,8,2025-03-26,False
REC005034,ENU0213,Tamil Nadu,65,Male,Secondary,None,Not in Labour Force,0,0,6,2025-01-29,False
REC005035,ENU0137,Karnataka,34,Male,Graduate,IT Professional,Employed,61,65021,4,2025-06-20,False
REC005036,ENU0249,West Bengal,50,Female,Graduate,Bank Employee,Employed,22,23456,4,2025-07-12,False
REC005037,ENU0101,Andhra Pradesh,32,Male,Graduate,Clerk,Employed,31,7916,10,2025-03-20,False
REC005038,ENU0221,Karnataka,13,Male,Primary,None,Not in Labour Force,5,0,2,2025-12-13,False
REC005039,ENU0002,Tamil Nadu,50,Female,Primary,Domestic Help,Employed,24,2424,3,2025-03-26,False
REC005040,ENU0189,Bihar,38,Female,Higher Secondary,Carpenter,Unemployed,0,0,3,2025-12-04,False
REC005041,ENU0060,Rajasthan,66,Male,Primary,None,Not in Labour Force,0,0,4,2025-09-16,False
REC005042,ENU0105,Uttar Pradesh,50,Male,Primary,Factory Worker,Employed,53,15169,4,2025-10-28,False
REC005043,ENU0151,Assam,9,Female,Primary,None,Not in Labour Force,8,0,5,2025-03-13,False
REC005044,ENU0063,Telangana,44,Female,Primary,Factory Worker,Employed,44,11987,4,2025-08-21,False
REC005045,ENU0005,Gujarat,49,Male,Graduate,Teacher,Employed,31,18461,6,2025-01-09,False
REC005046,ENU0174,Assam,39,Female,Graduate,None,Unemployed,0,0,2,2025-11-09,False
REC005047,ENU0240,Kerala,49,Female,Higher Secondary,Technician,Employed,45,15478,2,2025-07-28,False
REC005048,ENU0199,Rajasthan,24,Female,Graduate,None,Unemployed,0,0,3,2025-02-26,False
REC005049,ENU0128,Madhya Pradesh,62,Female,Higher Secondary,Shop Assistant,Employed,53,10403,4,2025-04-01,False
REC005050,ENU0056,Punjab,75,Female,Graduate,None,Not in Labour Force,0,0,4,2025-01-15,False
REC005051,ENU0005,Gujarat,43,Male,Primary,Domestic Help,Employed,35,3515,4,2025-08-27,False
REC005052,ENU0228,Punjab,32,Female,Primary,Agricultural Labourer,Employed,50,8295,3,2025-07-28,False
REC005053,ENU0172,Punjab,45,Male,Higher Secondary,Driver,Employed,45,11180,7,2025-10-07,False
REC005054,ENU0083,Punjab,19,Female,Secondary,None,Not in Labour Force,0,0,4,2025-06-29,False
REC005055,ENU0141,Tamil Nadu,9,Female,Higher Secondary,Doctor,Employed,32,10764,6,2025-03-30,True
REC005056,ENU0041,Maharashtra,47,Female,Higher Secondary,Driver,Employed,33,8780,5,2025-05-08,False
REC005057,ENU0031,Uttar Pradesh,53,Male,Post Graduate,Doctor,Employed,40,68332,7,2025-03-31,False
REC005058,ENU0001,Bihar,28,Female,Primary,None,Not in Labour Force,0,0,5,2025-09-11,False
REC005059,ENU0229,Maharashtra,17,Male,Higher Secondary,Driver,Employed,28,7375,5,2025-07-20,False
REC005060,ENU0194,Tamil Nadu,41,Male,Graduate,None,Not in Labour Force,0,0,4,2025-01-03,False
REC005061,ENU0114,Andhra Pradesh,19,Female,Higher Secondary,None,Not in Labour Force,3,0,2,2025-09-21,False
REC005062,ENU0046,Andhra Pradesh,36,Male,Higher Secondary,None,Not in Labour Force,0,0,1,2025-03-28,False
REC005063,ENU0029,Telangana,36,Male,Higher Secondary,Carpenter,Employed,0,62623,2,2025-04-22,True
REC005064,ENU0049,Madhya Pradesh,23,Female,Secondary,Factory Worker,Employed,47,13065,2,2025-10-19,False
REC005065,ENU0164,Assam,-7,Male,Graduate,None,Not in Labour Force,0,0,4,2025-05-02,True
REC005066,ENU0042,Gujarat,40,Male,Higher Secondary,None,Not in Labour Force,0,0,6,2025-07-29,False
REC005067,ENU0093,Madhya Pradesh,34,Male,Higher Secondary,Driver,Employed,46,9007,1,2025-06-14,False
REC005068,ENU0065,Gujarat,33,Male,Higher Secondary,Driver,Employed,55,10821,9,2025-04-09,False
REC005069,ENU0110,Rajasthan,48,Female,Primary,Factory Worker,Employed,51,14303,4,2025-11-08,False
REC005070,ENU0164,Telangana,83,Female,Secondary,None,Not in Labour Force,0,0,3,2025-09-17,False
REC005071,ENU0214,Kerala,20,Female,Secondary,Shop Assistant,Employed,39,9019,4,2025-12-23,False
REC005072,ENU0074,Telangana,38,Male,Higher Secondary,Carpenter,Employed,44,11877,1,2025-05-02,False
REC005073,ENU0210,Uttar Pradesh,51,Female,Higher Secondary,Technician,Employed,49,12243,3,2025-05-19,False
REC005074,ENU0092,Gujarat,38,Female,Secondary,Shop Assistant,Employed,47,8611,9,2025-05-13,False
REC005075,ENU0005,Punjab,7,Male,Primary,None,Not in Labour Force,3,0,4,2025-11-23,False
REC005076,ENU0070,Karnataka,28,Female,Illiterate,None,Not in Labour Force,7,0,2,2025-08-23,False
REC005077,ENU0027,Assam,18,Male,Higher Secondary,Technician,Employed,36,10873,6,2025-07-07,False
REC005078,ENU0228,Punjab,52,Female,Illiterate,Agricultural Labourer,Employed,42,6110,2,2025-05-26,False
REC005079,ENU0169,Rajasthan,60,Male,Primary,Factory Worker,Employed,46,12863,3,2025-09-08,False
REC005080,ENU0130,Bihar,21,Female,Secondary,None,Unemployed,0,0,10,2025-06-02,False
REC005081,ENU0164,Madhya Pradesh,65,Female,Higher Secondary,None,Not in Labour Force,0,0,4,2025-07-11,False
REC005082,ENU0103,Maharashtra,31,Female,Primary,Construction Worker,Employed,35,6045,3,2025-01-10,False
REC005083,ENU0014,Kerala,64,Female,Primary,Factory Worker,Employed,42,11266,2,2025-01-31,False
REC005084,ENU0147,Andhra Pradesh,73,Female,Primary,None,Not in Labour Force,0,0,4,2025-03-29,False
REC005085,ENU0214,Odisha,5,Male,Illiterate,None,Not in Labour Force,1,0,4,2025-07-10,False
REC005086,ENU0031,West Bengal,16,Male,Secondary,Driver,Employed,38,9523,5,2025-10-24,False
REC005087,ENU0048,Uttar Pradesh,25,Male,Graduate,Teacher,Employed,40,17817,9,2025-06-22,False
REC005088,ENU0212,Karnataka,10,Male,Primary,None,Not in Labour Force,6,0,8,2025-04-14,False
REC005089,ENU0211,Karnataka,87,Female,Primary,None,Not in Labour Force,0,0,1,2025-11-23,False
REC005090,ENU0152,Bihar,12,Female,Primary,None,Not in Labour Force,0,0,5,2025-12-28,False
REC005091,ENU0143,Rajasthan,63,Female,Graduate,None,Not in Labour Force,0,0,6,2025-07-04,False
REC005092,ENU0171,Punjab,75,Male,Higher Secondary,None,Not in Labour Force,0,0,7,2025-11-11,False
REC005093,ENU0027,Bihar,-8,Female,Higher Secondary,Driver,Unemployed,0,0,7,2025-11-10,True
REC005094,ENU0029,Maharashtra,43,Female,Primary,Street Vendor,Employed,48,7761,6,2025-02-19,False
REC005095,ENU0218,Rajasthan,58,Male,Illiterate,Domestic Help,Employed,48,6175,4,2025-06-05,False
REC005096,ENU0057,Madhya Pradesh,61,Female,Graduate,Bank Employee,Employed,30,25880,5,2025-07-20,False
REC005097,ENU0124,Maharashtra,31,Female,Secondary,Factory Worker,Employed,23,6178,8,2025-07-10,False
REC005098,ENU0167,Punjab,35,Other,Secondary,None,Not in Labour Force,0,0,7,2025-09-25,False
REC005099,ENU0205,Telangana,37,Female,Secondary,Shop Assistant,Employed,59,13485,5,2025-10-07,False
REC005100,ENU0162,Kerala,16,Female,Illiterate,Construction Worker,Employed,62,12318,6,2025-03-23,False
REC005101,ENU0100,Karnataka,5,Female,Illiterate,None,Not in Labour Force,9,0,3,2025-09-07,False
REC005102,ENU0104,Uttar Pradesh,21,Male,Illiterate,None,Not in Labour Force,0,0,6,2025-12-15,False
REC005103,ENU0120,Andhra Pradesh,63,Male,Primary,None,Not in Labour Force,0,0,4,2025-07-10,False
REC005104,ENU0083,Karnataka,64,Male,Primary,None,Not in Labour Force,9,0,1,2025-04-20,False
REC005105,ENU0038,Rajasthan,45,Male,Higher Secondary,Carpenter,Employed,45,16166,3,2025-10-26,False
REC005106,ENU0004,Telangana,33,Female,Primary,None,Unemployed,0,0,3,2025-02-04,False
REC005107,ENU0168,Karnataka,49,Female,Secondary,Carpenter,Employed,21,5237,6,2025-06-22,False
REC005108,ENU0086,Kerala,15,Male,Graduate,None,Not in Labour Force,0,0,5,2025-07-19,False
REC005109,ENU0249,Gujarat,6,Male,Primary,None,Not in Labour Force,6,0,7,2025-01-09,False
REC005110,ENU0149,West Bengal,41,Male,Primary,Domestic Help,Employed,45,5619,2,2025-06-20,False
REC005111,ENU0039,Assam,44,Male,Secondary,Factory Worker,Employed,45,10784,7,2025-03-13,False
REC005112,ENU0117,Kerala,36,Female,Secondary,Factory Worker,Employed,28,8225,5,2025-07-07,False
REC005113,ENU0151,Tamil Nadu,46,Male,Graduate,None,Not in Labour Force,0,0,2,2025-03-08,False
REC005114,ENU0140,Maharashtra,57,Female,Graduate,None,Not in Labour Force,0,0,2,2025-07-18,False
REC005115,ENU0102,Kerala,26,Male,Primary,None,Unemployed,0,0,4,2025-08-08,False
REC005116,ENU0234,Bihar,27,Male,Secondary,Shop Assistant,Employed,51,4336,5,2025-04-17,False
REC005117,ENU0062,West Bengal,50,Male,Secondary,Shop Assistant,Employed,36,5257,7,2025-12-11,False
REC005118,ENU0106,Andhra Pradesh,38,Female,Higher Secondary,Driver,Employed,43,8048,3,2025-11-17,False
REC005119,ENU0137,Rajasthan,21,Male,Secondary,Street Vendor,Employed,46,10116,3,2025-03-28,False
REC005120,ENU0152,Bihar,11,Female,Primary,None,Not in Labour Force,0,0,2,2025-07-08,False
REC005121,ENU0186,Rajasthan,40,Female,Higher Secondary,Technician,Employed,56,20610,2,2025-01-26,False
REC005122,ENU0126,Odisha,28,Male,Graduate,Sales Executive,Employed,43,21985,4,2025-09-11,False
REC005123,ENU0133,Assam,44,Female,Post Graduate,Government Officer,Employed,51,50091,7,2025-06-13,False
REC005124,ENU0138,Telangana,36,Male,Secondary,Street Vendor,Employed,34,4825,4,2025-07-16,False
REC005125,ENU0235,Maharashtra,13,Female,Primary,None,Not in Labour Force,0,0,2,2025-03-08,False
REC005126,ENU0036,Bihar,26,Female,Graduate,Bank Employee,Employed,46,17965,3,2025-07-11,False
REC005127,ENU0178,Tamil Nadu,30,Female,Secondary,None,Not in Labour Force,8,0,7,2025-04-16,False
REC005128,ENU0142,Uttar Pradesh,42,Female,Primary,Street Vendor,Employed,33,5611,4,2025-08-11,False
REC005129,ENU0025,Assam,39,Male,Primary,None,Unemployed,0,0,2,2025-02-10,False
REC005130,ENU0008,Assam,52,Other,Secondary,Factory Worker,Employed,24,7101,3,2025-02-05,False
REC005131,ENU0086,Rajasthan,68,Male,Post Graduate,None,Not in Labour Force,0,0,5,2025-06-14,False
REC005132,ENU0149,Maharashtra,71,Male,Post Graduate,None,Not in Labour Force,0,0,5,2025-03-29,False
REC005133,ENU0156,Bihar,44,Male,Graduate,Clerk,Employed,56,9085,2,2025-08-28,False
REC005134,ENU0129,West Bengal,67,Female,Primary,None,Not in Labour Force,0,0,6,2025-10-24,False
REC005135,ENU0089,Bihar,24,Female,Higher Secondary,None,Unemployed,0,0,2,2025-03-07,False
REC005136,ENU0173,Assam,38,Female,Graduate,Clerk,Employed,43,15047,6,2025-07-06,False
REC005137,ENU0125,Punjab,39,Male,Primary,None,Not in Labour Force,0,0,5,2025-01-21,False
REC005138,ENU0175,Kerala,33,Female,Secondary,Shop Assistant,Employed,36,7793,6,2025-08-16,False
REC005139,ENU0037,Gujarat,33,Male,Secondary,Factory Worker,Employed,38,11388,3,2025-10-25,False
REC005140,ENU0164,Telangana,40,Male,Primary,Domestic Help,Employed,46,5982,5,2025-09-17,False
REC005141,ENU0107,Odisha,46,Female,Secondary,Carpenter,Employed,34,7377,2,2025-07-21,False
REC005142,ENU0054,Bihar,11,Male,Primary,None,Unemployed,0,0,3,2025-10-03,False
REC005143,ENU0115,Kerala,56,Female,Secondary,Driver,Employed,21,5638,9,2025-09-07,False
REC005144,ENU0237,Karnataka,15,Male,Primary,None,Not in Labour Force,0,0,8,2025-10-22,False
REC005145,ENU0081,Tamil Nadu,43,Female,Secondary,Driver,Employed,68,14602,53,2025-03-31,True
REC005146,ENU0111,Madhya Pradesh,14,Male,Primary,None,Not in Labour Force,8,0,3,2025-06-15,False
REC005147,ENU0118,Uttar Pradesh,55,Female,Primary,Agricultural Labourer,Employed,58,9244,6,2025-06-06,False
REC005148,ENU0097,Uttar Pradesh,38,Female,Graduate,Bank Employee,Employed,52,45470,3,2025-06-15,False
REC005149,ENU0048,Gujarat,62,Male,Graduate,None,Not in Labour Force,0,0,2,2025-01-18,False
REC005150,ENU0017,Bihar,37,Male,Secondary,None,Unemployed,0,0,5,2025-09-09,False
REC005151,ENU0183,West Bengal,80,Male,Higher Secondary,None,Not in Labour Force,0,0,5,2025-11-28,False
REC005152,ENU0240,Madhya Pradesh,57,Male,Primary,Factory Worker,Employed,65,18214,4,2025-07-10,False
REC005153,ENU0219,Gujarat,37,Other,Secondary,None,Unemployed,0,0,5,2025-11-30,False
REC005154,ENU0238,Tamil Nadu,39,Female,Graduate,Sales Executive,Employed,42,17729,1,2025-11-30,False
REC005155,ENU0197,Karnataka,28,Male,Graduate,None,Not in Labour Force,0,0,3,2025-10-20,False
REC005156,ENU0024,Maharashtra,77,Male,Primary,None,Not in Labour Force,0,0,4,2025-01-14,False
REC005157,ENU0099,Maharashtra,31,Female,Higher Secondary,Driver,Employed,39,13234,6,2025-09-16,False
REC005158,ENU0126,Maharashtra,29,Male,Graduate,Teacher,Employed,54,25183,4,2025-11-26,False
REC005159,ENU0228,West Bengal,86,Female,Secondary,None,Not in Labour Force,0,0,2,2025-09-10,False
REC005160,ENU0101,Telangana,28,Male,Secondary,None,Unemployed,0,0,8,2025-10-24,False
REC005161,ENU0172,Rajasthan,25,Male,Higher Secondary,Carpenter,Employed,65,20339,3,2025-05-02,False
REC005162,ENU0006,Punjab,27,Male,Illiterate,None,Not in Labour Force,0,0,3,2025-07-20,False
REC005163,ENU0131,Maharashtra,20,Female,Secondary,None,Not in Labour Force,0,0,1,2025-10-09,False
REC005164,ENU0222,Rajasthan,40,Female,Post Graduate,None,Not in Labour Force,0,0,6,2025-08-10,False
REC005165,ENU0163,Telangana,33,Male,Primary,Factory Worker,Employed,57,12136,6,2025-10-22,False
REC005166,ENU0010,Madhya Pradesh,41,Male,Higher Secondary,Shop Assistant,Employed,70,18176,9,2025-04-05,False
REC005167,ENU0014,Andhra Pradesh,22,Female,Higher Secondary,Carpenter,Employed,38,13220,5,2025-10-26,False
REC005168,ENU0167,Uttar Pradesh,44,Male,Primary,None,Not in Labour Force,0,0,7,2025-10-19,False
REC005169,ENU0106,Karnataka,76,Female,Higher Secondary,None,Not in Labour Force,0,0,4,2025-11-19,False
REC005170,ENU0062,West Bengal,30,Male,Primary,Street Vendor,Employed,44,10922,3,2025-10-20,False
REC005171,ENU0126,Madhya Pradesh,28,Male,Higher Secondary,Driver,Employed,54,12731,1,2025-09-23,False
REC005172,ENU0004,Madhya Pradesh,89,Male,Secondary,None,Not in Labour Force,5,0,7,2025-01-22,False
REC005173,ENU0158,Karnataka,22,Male,Primary,None,Not in Labour Force,0,0,2,2025-08-14,False
REC005174,ENU0034,Bihar,16,Male,Secondary,Street Vendor,Employed,36,2714,4,2025-03-06,False
REC005175,ENU0068,Gujarat,54,Male,Secondary,Factory Worker,Employed,47,7675,5,2025-07-04,False
REC005176,ENU0115,Bihar,54,Male,Higher Secondary,None,Not in Labour Force,0,0,1,2025-03-20,False
REC005177,ENU0076,Uttar Pradesh,37,Male,Primary,None,Not in Labour Force,0,0,5,2025-08-24,False
REC005178,ENU0030,Uttar Pradesh,52,Male,Secondary,None,Not in Labour Force,0,0,7,2025-11-22,False
REC005179,ENU0135,Tamil Nadu,30,Female,Secondary,Carpenter,Employed,36,9465,2,2025-11-25,False
REC005180,ENU0221,Rajasthan,48,Male,Illiterate,Agricultural Labourer,Employed,35,5782,5,2025-07-30,False
REC005181,ENU0142,Tamil Nadu,32,Male,Illiterate,Street Vendor,Employed,50,9560,6,2025-08-24,False
REC005182,ENU0129,Rajasthan,16,Female,Primary,None,Unemployed,0,0,6,2025-01-29,False
REC005183,ENU0139,Gujarat,15,Male,Primary,None,Not in Labour Force,0,0,7,2025-10-21,False
REC005184,ENU0052,Karnataka,39,Female,Secondary,Driver,Employed,51,10402,4,2025-10-03,False
REC005185,ENU0131,Madhya Pradesh,25,Male,Post Graduate,Bank Employee,Employed,49,35756,4,2025-09-07,False
REC005186,ENU0108,Odisha,20,Female,Illiterate,Street Vendor,Employed,33,5690,3,2025-06-26,False
REC005187,ENU0105,Tamil Nadu,26,Male,Primary,Domestic Help,Employed,57,11629,5,2025-12-06,False
REC005188,ENU0007,Uttar Pradesh,35,Female,Graduate,Bank Employee,Employed,62,63248,0,2025-01-25,True
REC005189,ENU0075,Rajasthan,12,Male,Primary,None,Not in Labour Force,0,0,4,2025-05-07,False
REC005190,ENU0249,Uttar Pradesh,32,Male,Secondary,Carpenter,Employed,60,14016,4,2025-05-04,False
REC005191,ENU0154,Assam,9,Female,Primary,None,Not in Labour Force,0,0,2,2025-12-02,False
REC005192,ENU0122,Odisha,36,Male,Primary,None,Unemployed,0,0,3,2025-09-25,False
REC005193,ENU0218,Madhya Pradesh,59,Female,Secondary,Driver,Employed,37,8905,2,2025-03-05,False
REC005194,ENU0048,Tamil Nadu,39,Female,Secondary,Shop Assistant,Employed,49,14759,6,2025-08-12,False
REC005195,ENU0109,Uttar Pradesh,26,Male,Graduate,None,Unemployed,0,0,2,2025-10-02,False
REC005196,ENU0111,Uttar Pradesh,22,Male,Primary,None,Not in Labour Force,0,0,6,2025-05-30,False
REC005197,ENU0024,Kerala,17,Male,Primary,None,Not in Labour Force,0,0,8,2025-04-27,False
REC005198,ENU0011,Uttar Pradesh,42,Female,Primary,None,Not in Labour Force,3,0,5,2025-01-01,False
REC005199,ENU0212,Madhya Pradesh,40,Female,Higher Secondary,Shop Assistant,Employed,42,8533,2,2025-07-15,False
REC005200,ENU0213,Gujarat,12,Female,Primary,None,Not in Labour Force,0,0,2,2025-11-05,False
REC005201,ENU0182,Tamil Nadu,5,Female,Illiterate,None,Not in Labour Force,0,0,2,2025-06-20,False
REC005202,ENU0183,Assam,26,Female,Secondary,Carpenter,Employed,19,6856,5,2025-02-03,False
REC005203,ENU0165,Tamil Nadu,52,Male,Secondary,Shop Assistant,Employed,15,4769,6,2025-11-17,False
REC005204,ENU0159,Gujarat,6,Female,Primary,None,Not in Labour Force,0,0,3,2025-07-03,False
REC005205,ENU0221,Bihar,35,Male,Graduate,Clerk,Unemployed,0,0,3,2025-04-01,False
REC005206,ENU0192,Gujarat,22,Female,Post Graduate,None,Unemployed,0,0,8,2025-01-21,False
REC005207,ENU0187,Maharashtra,35,Male,Secondary,None,Employed,0,9050497,4,2025-06-12,True
REC005208,ENU0030,Gujarat,35,Male,Secondary,None,Not in Labour Force,0,0,4,2025-05-29,False
REC005209,ENU0018,Kerala,9,Female,Primary,None,Not in Labour Force,0,0,1,2025-07-22,False
REC005210,ENU0022,Karnataka,12,Male,Primary,None,Not in Labour Force,0,0,10,2025-06-21,False
REC005211,ENU0244,Gujarat,35,Male,Secondary,Street Vendor,Employed,24,4449,2,2025-08-08,False
REC005212,ENU0052,Assam,11,Female,Primary,None,Not in Labour Force,0,0,5,2025-03-08,False
REC005213,ENU0090,Uttar Pradesh,41,Male,Secondary,Factory Worker,Employed,43,8569,5,2025-05-26,False
REC005214,ENU0018,Andhra Pradesh,46,Female,Secondary,Shop Assistant,Employed,72,18624,3,2025-01-29,False
REC005215,ENU0145,Bihar,51,Male,Higher Secondary,Driver,Unemployed,0,0,4,2025-08-22,False
REC005216,ENU0247,Rajasthan,10,Male,Primary,None,Not in Labour Force,1,0,6,2025-01-24,False
REC005217,ENU0150,Andhra Pradesh,76,Female,Graduate,None,Not in Labour Force,4,0,1,2025-06-18,False
REC005218,ENU0219,Karnataka,44,Male,Secondary,None,Unemployed,0,0,2,2025-02-05,False
REC005219,ENU0169,Kerala,21,Male,Secondary,None,Unemployed,0,0,4,2025-02-22,False
REC005220,ENU0030,Uttar Pradesh,84,Female,Primary,None,Not in Labour Force,5,0,9,2025-10-24,False
REC005221,ENU0106,Rajasthan,29,Male,Primary,Agricultural Labourer,Employed,73,9696,4,2025-06-29,False
REC005222,ENU0198,Madhya Pradesh,13,Female,Primary,None,Not in Labour Force,0,0,3,2025-10-22,False
REC005223,ENU0098,Punjab,7,Female,Primary,None,Not in Labour Force,0,0,4,2025-11-23,False
REC005224,ENU0046,Madhya Pradesh,37,Female,Primary,Street Vendor,Employed,52,8518,3,2025-11-20,False
REC005225,ENU0119,Assam,50,Female,Higher Secondary,Carpenter,Employed,48,8887,2,2025-05-26,False
REC005226,ENU0111,Karnataka,31,Female,Secondary,None,Unemployed,0,0,4,2025-11-16,False
REC005227,ENU0009,Tamil Nadu,44,Female,Post Graduate,None,Not in Labour Force,0,0,5,2025-01-26,False
REC005228,ENU0107,Odisha,33,Male,Higher Secondary,Driver,Employed,36,6670,3,2025-04-19,False
REC005229,ENU0024,Assam,58,Male,Post Graduate,None,Not in Labour Force,0,0,8,2025-05-02,False
REC005230,ENU0149,Punjab,33,Male,Higher Secondary,None,Not in Labour Force,0,0,3,2025-04-08,False
REC005231,ENU0218,Gujarat,55,Female,Graduate,Teacher,Employed,33,18826,3,2025-05-07,False
REC005232,ENU0115,Maharashtra,33,Female,Primary,Street Vendor,Employed,43,8815,5,2025-11-03,False
REC005233,ENU0002,Telangana,29,Female,Secondary,Driver,Employed,49,12500,3,2025-10-08,False
REC005234,ENU0147,Kerala,40,Female,Primary,None,Not in Labour Force,0,0,2,2025-09-17,False
REC005235,ENU0010,Madhya Pradesh,18,Female,Secondary,Shop Assistant,Employed,54,10303,1,2025-03-08,False
REC005236,ENU0022,Rajasthan,57,Male,Illiterate,Domestic Help,Employed,57,10410,4,2025-12-27,False
REC005237,ENU0161,Kerala,38,Male,Graduate,Bank Employee,Employed,50,47909,6,2025-08-29,False
REC005238,ENU0194,Punjab,32,Female,Post Graduate,Teacher,Employed,41,18603,4,2025-12-25,False
REC005239,ENU0038,Uttar Pradesh,32,Male,Primary,Construction Worker,Employed,36,7788,1,2025-04-18,False
REC005240,ENU0070,Uttar Pradesh,30,Male,Graduate,None,Not in Labour Force,0,0,4,2025-10-10,False
REC005241,ENU0129,Gujarat,28,Female,Secondary,None,Not in Labour Force,0,0,2,2025-09-25,False
REC005242,ENU0176,Uttar Pradesh,20,Male,Graduate,Bank Employee,Employed,46,54996,4,2025-06-03,False
REC005243,ENU0061,Gujarat,150,Male,Secondary,Street Vendor,Employed,52,13244,4,2025-07-23,True
REC005244,ENU0095,Madhya Pradesh,36,Male,Graduate,None,Unemployed,0,0,6,2025-07-24,False
REC005245,ENU0139,Gujarat,69,Female,Secondary,None,Not in Labour Force,0,0,7,2025-05-24,False
REC005246,ENU0184,Telangana,24,Female,Illiterate,Construction Worker,Employed,62,14524,5,2025-08-09,False
REC005247,ENU0054,Telangana,43,Male,Higher Secondary,Carpenter,Employed,45,9513,5,2025-11-25,False
REC005248,ENU0189,Rajasthan,46,Male,Primary,Street Vendor,Employed,0,195702,3,2025-07-12,True
REC005249,ENU0020,Andhra Pradesh,7,Female,Primary,None,Not in Labour Force,0,0,4,2025-08-11,False
REC005250,ENU0221,Uttar Pradesh,29,Male,Primary,Domestic Help,Employed,49,7363,4,2025-07-04,False
REC005251,ENU0090,Rajasthan,16,Female,Post Graduate,Doctor,Employed,38,73052,2,2025-10-29,False
REC005252,ENU0241,Bihar,23,Male,Graduate,None,Not in Labour Force,0,0,4,2025-04-18,False
REC005253,ENU0048,Tamil Nadu,60,Male,Higher Secondary,Driver,Employed,39,6819,3,2025-05-12,False
REC005254,ENU0205,Maharashtra,47,Male,Illiterate,None,Not in Labour Force,7,0,6,2025-04-10,False
REC005255,ENU0064,Kerala,9,Male,Primary,None,Not in Labour Force,0,0,7,2025-07-07,False
REC005256,ENU0105,Assam,35,Female,Higher Secondary,Clerk,Employed,65,21731,5,2025-04-04,False
REC005257,ENU0158,Odisha,40,Male,Secondary,Factory Worker,Employed,42,11186,4,2025-08-24,False
REC005258,ENU0246,Assam,36,Male,Higher Secondary,None,Unemployed,0,0,5,2025-06-22,False
REC005259,ENU0236,Andhra Pradesh,13,Male,Primary,None,Not in Labour Force,9,0,2,2025-03-31,False
REC005260,ENU0230,Telangana,25,Male,Illiterate,Domestic Help,Employed,34,4469,4,2025-01-07,False
REC005261,ENU0106,Uttar Pradesh,38,Male,Secondary,None,Not in Labour Force,0,0,3,2025-02-20,False
REC005262,ENU0066,Tamil Nadu,16,Male,Secondary,None,Unemployed,0,0,4,2025-06-18,False
REC005263,ENU0217,Rajasthan,46,Male,Secondary,Street Vendor,Employed,39,8469,1,2025-04-04,False
REC005264,ENU0214,Maharashtra,68,Male,Higher Secondary,None,Not in Labour Force,0,0,2,2025-07-08,False
REC005265,ENU0006,Uttar Pradesh,54,Male,Higher Secondary,None,Not in Labour Force,8,0,4,2025-04-17,False
REC005266,ENU0148,Karnataka,36,Male,Higher Secondary,Clerk,Employed,45,14518,6,2025-10-27,False
REC005267,ENU0037,Telangana,65,Female,Higher Secondary,Technician,Employed,48,14339,4,2025-08-18,False
REC005268,ENU0236,Karnataka,31,Male,Illiterate,None,Not in Labour Force,0,0,7,2025-07-02,False
REC005269,ENU0036,West Bengal,47,Female,Post Graduate,Bank Employee,Employed,33,44107,2,2025-06-19,False
REC005270,ENU0222,Gujarat,75,Female,Graduate,None,Not in Labour Force,0,0,4,2025-04-24,False
REC005271,ENU0060,West Bengal,16,Female,Higher Secondary,None,Not in Labour Force,0,0,4,2025-02-27,False
REC005272,ENU0184,Tamil Nadu,11,Female,Primary,None,Not in Labour Force,6,0,3,2025-04-15,False
REC005273,ENU0054,Andhra Pradesh,16,Male,Post Graduate,Teacher,Employed,47,30860,2,2025-05-09,False
REC005274,ENU0017,Gujarat,28,Male,Higher Secondary,None,Unemployed,0,0,1,2025-05-31,False
REC005275,ENU0032,Uttar Pradesh,65,Male,Graduate,Sales Executive,Employed,60,36578,3,2025-06-20,False
REC005276,ENU0014,Karnataka,20,Male,Graduate,IT Professional,Employed,53,88622,4,2025-06-26,False
REC005277,ENU0100,Assam,45,Female,Secondary,Factory Worker,Employed,39,8953,4,2025-12-24,False
REC005278,ENU0163,Madhya Pradesh,51,Female,Primary,Domestic Help,Employed,61,11729,3,2025-01-05,False
REC005279,ENU0062,Karnataka,31,Female,Illiterate,Construction Worker,Employed,45,11266,4,2025-04-24,False
REC005280,ENU0229,Uttar Pradesh,28,Female,Secondary,None,Not in Labour Force,2,0,3,2025-08-19,False
REC005281,ENU0074,Rajasthan,29,Male,Post Graduate,Doctor,Employed,33,72874,5,2025-02-15,False
REC005282,ENU0058,West Bengal,33,Male,Secondary,None,Not in Labour Force,0,0,6,2025-09-21,False
REC005283,ENU0071,Gujarat,48,Male,Graduate,IT Professional,Employed,38,29046,5,2025-05-12,False
REC005284,ENU0129,Karnataka,38,Male,Higher Secondary,None,Unemployed,0,0,2,2025-03-03,False
REC005285,ENU0035,Maharashtra,69,Male,Graduate,None,Not in Labour Force,0,0,8,2025-08-03,False
REC005286,ENU0043,Odisha,24,Male,Secondary,None,Not in Labour Force,0,0,9,2025-11-02,False
REC005287,ENU0013,Telangana,10,Female,Primary,None,Not in Labour Force,0,0,6,2025-07-22,False
REC005288,ENU0194,Uttar Pradesh,43,Male,Secondary,None,Unemployed,0,0,5,2025-08-01,False
REC005289,ENU0043,Tamil Nadu,33,Male,Primary,None,Not in Labour Force,0,0,4,2025-05-22,False
REC005290,ENU0201,Punjab,7,Male,Primary,None,Not in Labour Force,0,0,2,2025-03-24,False
REC005291,ENU0196,Uttar Pradesh,27,Female,Secondary,Street Vendor,Employed,60,13407,1,2025-03-11,False
REC005292,ENU0126,Odisha,7,Female,Primary,None,Not in Labour Force,9,0,5,2025-11-12,False
REC005293,ENU0111,Maharashtra,11,Female,Primary,None,Not in Labour Force,0,0,3,2025-07-05,False
REC005294,ENU0154,Rajasthan,41,Female,Secondary,None,Not in Labour Force,0,0,3,2025-02-25,False
REC005295,ENU0100,Tamil Nadu,40,Female,Graduate,Clerk,Employed,49,15691,2,2025-07-13,False
REC005296,ENU0213,Assam,65,Male,Illiterate,Agricultural Labourer,Employed,34,4946,6,2025-10-20,False
REC005297,ENU0177,Madhya Pradesh,28,Female,Post Graduate,Doctor,Employed,45,91390,3,2025-06-21,False
REC005298,ENU0072,Bihar,82,Female,Higher Secondary,None,Unemployed,0,0,5,2025-08-25,False
REC005299,ENU0102,Kerala,13,Female,Primary,None,Not in Labour Force,0,0,9,2025-09-06,False
REC005300,ENU0221,Karnataka,45,Female,Post Graduate,IT Professional,Employed,54,74076,9,2025-07-12,False
REC005301,ENU0086,Uttar Pradesh,83,Male,Illiterate,None,Not in Labour Force,0,0,3,2025-06-15,False
REC005302,ENU0174,Odisha,47,Male,Primary,Street Vendor,Employed,21,3161,4,2025-01-15,False
REC005303,ENU0223,Gujarat,44,Female,Primary,Domestic Help,Employed,46,4873,4,2025-03-27,False
REC005304,ENU0235,Kerala,30,Female,Secondary,Shop Assistant,Employed,31,7442,6,2025-08-05,False
REC005305,ENU0071,Karnataka,7,Male,Primary,None,Not in Labour Force,0,0,5,2025-02-27,False
REC005306,ENU0120,Assam,51,Female,Secondary,None,Not in Labour Force,0,0,12,2025-10-26,False
REC005307,ENU0027,Gujarat,37,Male,Secondary,Carpenter,Employed,30,12230,4,2025-12-29,False
REC005308,ENU0031,Odisha,53,Female,Primary,Domestic Help,Employed,39,4443,7,2025-12-05,False
REC005309,ENU0141,Bihar,32,Female,Primary,Domestic Help,Employed,24,1208,2,2025-10-26,False
REC005310,ENU0063,Bihar,42,Male,Higher Secondary,Technician,Unemployed,0,0,4,2025-11-05,False
REC005311,ENU0014,Andhra Pradesh,52,Male,Secondary,Street Vendor,Employed,23,3539,3,2025-10-03,False
REC005312,ENU0100,West Bengal,35,Male,Graduate,None,Not in Labour Force,0,0,5,2025-09-05,False
REC005313,ENU0060,Karnataka,30,Male,Higher Secondary,Driver,Employed,29,9349,4,2025-07-21,False
REC005314,ENU0024,Gujarat,32,Female,Primary,Street Vendor,Employed,40,5055,5,2025-04-08,False
REC005315,ENU0102,Madhya Pradesh,29,Female,Graduate,None,Unemployed,0,0,1,2025-04-04,False
REC005316,ENU0188,Punjab,10,Male,Primary,None,Not in Labour Force,0,0,6,2025-10-26,False
REC005317,ENU0100,Tamil Nadu,14,Female,Primary,None,Not in Labour Force,0,0,3,2025-05-09,False
REC005318,ENU0172,Maharashtra,20,Female,Secondary,Factory Worker,Employed,48,13490,4,2025-12-30,False
REC005319,ENU0041,Madhya Pradesh,36,Male,Primary,Street Vendor,Employed,46,10228,4,2025-10-01,False
REC005320,ENU0141,Rajasthan,50,Female,Secondary,Street Vendor,Employed,51,9321,6,2025-10-05,False
REC005321,ENU0015,Assam,41,Female,Higher Secondary,Clerk,Employed,53,25460,1,2025-08-19,False
REC005322,ENU0115,Madhya Pradesh,61,Male,Primary,Construction Worker,Employed,40,9093,6,2025-10-21,False
REC005323,ENU0185,Punjab,49,Male,Higher Secondary,Carpenter,Employed,49,19300,3,2025-11-23,False
REC005324,ENU0030,Madhya Pradesh,57,Male,Primary,None,Not in Labour Force,0,0,2,2025-12-21,False
REC005325,ENU0126,Assam,41,Male,Secondary,Street Vendor,Employed,39,4927,5,2025-03-22,False
REC005326,ENU0196,Odisha,24,Male,Illiterate,Street Vendor,Employed,44,6432,1,2025-06-30,False
REC005327,ENU0121,Rajasthan,67,Male,Higher Secondary,None,Not in Labour Force,4,0,5,2025-03-23,False
REC005328,ENU0241,Rajasthan,47,Female,Graduate,Bank Employee,Employed,36,25230,7,2025-05-05,False
REC005329,ENU0021,Kerala,35,Male,Higher Secondary,Clerk,Employed,37,11907,7,2025-10-13,False
REC005330,ENU0196,Tamil Nadu,59,Female,Secondary,None,Not in Labour Force,0,0,5,2025-12-15,False
REC005331,ENU0231,Punjab,42,Male,Higher Secondary,Carpenter,Employed,35,6254,3,2025-03-29,False
REC005332,ENU0186,Karnataka,28,Male,Graduate,Teacher,Employed,81,54115,5,2025-04-11,False
REC005333,ENU0227,Uttar Pradesh,28,Female,Secondary,None,Not in Labour Force,5,0,8,2025-03-20,False
REC005334,ENU0159,Karnataka,45,Female,Illiterate,None,Not in Labour Force,0,0,6,2025-08-19,False
REC005335,ENU0104,Odisha,20,Male,Primary,None,Not in Labour Force,0,0,2,2025-06-07,False
REC005336,ENU0035,Madhya Pradesh,8,Female,Primary,None,Not in Labour Force,0,0,4,2025-09-04,False
REC005337,ENU0178,Madhya Pradesh,45,Female,Graduate,IT Professional,Employed,18,18601,6,2025-10-09,False
REC005338,ENU0019,Gujarat,17,Female,Post Graduate,None,Unemployed,0,0,3,2025-10-29,False
REC005339,ENU0165,Kerala,48,Female,Post Graduate,Engineer,Employed,52,51045,4,2025-12-27,False
REC005340,ENU0144,Assam,64,Female,Secondary,None,Not in Labour Force,0,0,4,2025-07-13,False
REC005341,ENU0098,Madhya Pradesh,63,Female,Higher Secondary,None,Not in Labour Force,0,0,6,2025-02-05,False
REC005342,ENU0081,Madhya Pradesh,20,Female,Higher Secondary,Carpenter,Employed,35,7440,3,2025-01-25,False
REC005343,ENU0096,Rajasthan,17,Male,Secondary,None,Not in Labour Force,0,0,5,2025-01-25,False
REC005344,ENU0195,Rajasthan,73,Female,Graduate,None,Not in Labour Force,0,0,4,2025-06-13,False
REC005345,ENU0228,Gujarat,33,Male,Graduate,IT Professional,Employed,60,63499,1,2025-03-21,False
REC005346,ENU0017,Assam,35,Male,Secondary,Shop Assistant,Employed,34,6585,2,2025-05-13,False
REC005347,ENU0223,Madhya Pradesh,75,Female,Secondary,None,Not in Labour Force,0,0,2,2025-10-13,False
REC005348,ENU0095,Odisha,42,Female,Primary,Agricultural Labourer,Employed,38,5280,9,2025-11-30,False
REC005349,ENU0001,West Bengal,34,Male,Secondary,Shop Assistant,Employed,51,9404,4,2025-08-21,False
REC005350,ENU0055,Madhya Pradesh,26,Female,Secondary,None,Unemployed,0,0,9,2025-07-21,False
REC005351,ENU0069,Andhra Pradesh,39,Male,Secondary,Factory Worker,Employed,36,9665,3,2025-09-26,False
REC005352,ENU0065,Gujarat,47,Male,Post Graduate,Teacher,Employed,52,29320,5,2025-05-06,False
REC005353,ENU0078,Bihar,40,Male,Graduate,Clerk,Unemployed,0,0,3,2025-05-27,False
REC005354,ENU0024,Assam,21,Male,Higher Secondary,None,Not in Labour Force,0,0,5,2025-02-19,False
REC005355,ENU0026,Kerala,29,Male,Illiterate,Domestic Help,Employed,47,6392,3,2025-05-22,False
REC005356,ENU0033,Maharashtra,14,Male,Primary,None,Not in Labour Force,0,0,6,2025-09-13,False
REC005357,ENU0042,West Bengal,45,Female,Primary,Domestic Help,Employed,69,9507,6,2025-07-24,False
REC005358,ENU0141,Gujarat,13,Male,Primary,None,Not in Labour Force,0,0,6,2025-09-04,False
REC005359,ENU0082,Assam,33,Female,Higher Secondary,Carpenter,Employed,45,12493,5,2025-06-23,False
REC005360,ENU0094,Odisha,55,Male,Graduate,Teacher,Employed,75,48585,4,2025-09-12,False
REC005361,ENU0111,Rajasthan,16,Female,Post Graduate,Doctor,Employed,31,51911,3,2025-05-01,False
REC005362,ENU0018,West Bengal,13,Female,Primary,None,Not in Labour Force,0,0,5,2025-06-19,False
REC005363,ENU0063,Bihar,29,Female,Higher Secondary,Technician,Unemployed,0,0,3,2025-11-27,False
REC005364,ENU0249,Telangana,35,Female,Secondary,Driver,Employed,40,11137,3,2025-03-24,False
REC005365,ENU0095,Uttar Pradesh,39,Male,Secondary,Street Vendor,Employed,38,8263,2,2025-08-13,False
REC005366,ENU0029,Telangana,150,Female,Graduate,Clerk,Employed,33,11584,3,2025-07-08,True
REC005367,ENU0079,Karnataka,11,Male,Primary,None,Not in Labour Force,0,0,2,2025-04-29,False
REC005368,ENU0222,Uttar Pradesh,13,Male,Primary,None,Not in Labour Force,0,0,1,2025-05-13,False
REC005369,ENU0094,Punjab,7,Female,Primary,None,Not in Labour Force,0,0,3,2025-07-05,False
REC005370,ENU0013,Madhya Pradesh,32,Male,Graduate,None,Not in Labour Force,0,0,4,2025-12-05,False
REC005371,ENU0173,Maharashtra,33,Female,Graduate,Sales Executive,Employed,39,9039,6,2025-05-21,False
REC005372,ENU0177,Tamil Nadu,35,Male,Graduate,None,Not in Labour Force,0,0,5,2025-03-30,False
REC005373,ENU0198,Kerala,43,Female,Graduate,Teacher,Employed,45,29995,4,2025-05-13,False
REC005374,ENU0204,Bihar,40,Male,Illiterate,None,Unemployed,0,0,6,2025-12-16,False
REC005375,ENU0146,Maharashtra,13,Female,Primary,None,Not in Labour Force,4,0,9,2025-05-15,False
REC005376,ENU0130,Odisha,48,Other,Higher Secondary,Shop Assistant,Employed,37,7393,4,2025-05-04,False
REC005377,ENU0136,Assam,28,Male,Secondary,Shop Assistant,Employed,57,11179,2,2025-05-03,False
REC005378,ENU0204,Madhya Pradesh,59,Male,Post Graduate,Teacher,Employed,67,34321,4,2025-01-26,False
REC005379,ENU0137,Odisha,10,Male,Primary,None,Not in Labour Force,0,0,3,2025-03-23,False
REC005380,ENU0016,Assam,24,Male,Secondary,Driver,Employed,67,12533,3,2025-11-16,False
REC005381,ENU0029,Karnataka,-6,Male,Graduate,None,Not in Labour Force,0,0,3,2025-08-12,True
REC005382,ENU0018,Karnataka,22,Female,Graduate,IT Professional,Employed,37,49488,2,2025-03-30,False
REC005383,ENU0135,Assam,81,Male,Graduate,None,Not in Labour Force,4,0,4,2025-03-31,False
REC005384,ENU0099,Bihar,37,Female,Primary,Agricultural Labourer,Employed,38,2582,5,2025-06-10,False
REC005385,ENU0158,Assam,46,Male,Graduate,Bank Employee,Employed,54,38352,7,2025-09-21,False
REC005386,ENU0204,Odisha,36,Male,Graduate,Bank Employee,Employed,55,43585,3,2025-07-17,False
REC005387,ENU0232,Gujarat,61,Male,Primary,None,Not in Labour Force,0,0,4,2025-03-15,False
REC005388,ENU0250,Telangana,48,Female,Secondary,Driver,Employed,60,15687,7,2025-04-10,False
REC005389,ENU0171,Karnataka,35,Female,Graduate,None,Not in Labour Force,7,0,5,2025-10-29,False
REC005390,ENU0203,Gujarat,15,Female,Higher Secondary,None,Not in Labour Force,0,0,3,2025-03-18,False
REC005391,ENU0056,Karnataka,48,Male,Graduate,None,Not in Labour Force,7,0,6,2025-12-12,False
REC005392,ENU0036,Tamil Nadu,69,Female,Higher Secondary,None,Not in Labour Force,0,0,3,2025-05-16,False
REC005393,ENU0224,Assam,39,Male,Post Graduate,Bank Employee,Employed,22,21162,5,2025-03-03,False
REC005394,ENU0151,Madhya Pradesh,29,Female,Post Graduate,None,Unemployed,0,0,2,2025-04-01,False
REC005395,ENU0071,Maharashtra,48,Male,Graduate,None,Not in Labour Force,7,0,5,2025-10-28,False
REC005396,ENU0081,Karnataka,52,Female,Graduate,Sales Executive,Employed,52,20659,4,2025-06-08,False
REC005397,ENU0206,Assam,45,Male,Secondary,Shop Assistant,Employed,69,21999,2,2025-06-12,False
REC005398,ENU0005,Punjab,25,Female,Primary,Domestic Help,Employed,54,5489,3,2025-01-17,False
REC005399,ENU0222,Maharashtra,32,Female,Higher Secondary,Shop Assistant,Employed,27,4411,7,2025-08-11,False
REC005400,ENU0028,Gujarat,71,Female,Graduate,None,Not in Labour Force,0,0,4,2025-09-07,False
REC005401,ENU0152,Uttar Pradesh,57,Male,Graduate,Bank Employee,Employed,46,31072,7,2025-06-12,False
REC005402,ENU0248,Odisha,35,Male,Secondary,None,Not in Labour Force,8,0,3,2025-04-03,False
REC005403,ENU0055,Maharashtra,17,Female,Primary,None,Unemployed,0,0,6,2025-03-07,False
REC005404,ENU0109,Maharashtra,21,Female,Secondary,None,Unemployed,0,0,4,2025-11-21,False
REC005405,ENU0084,Tamil Nadu,16,Male,Secondary,Driver,Employed,65,14244,8,2025-04-30,False
REC005406,ENU0128,Karnataka,10,Female,Primary,None,Not in Labour Force,0,0,4,2025-05-26,False
REC005407,ENU0162,Tamil Nadu,48,Female,Graduate,Teacher,Employed,29,18162,8,2025-12-05,False
REC005408,ENU0016,Maharashtra,38,Male,Post Graduate,Bank Employee,Employed,61,56245,6,2025-06-29,False
REC005409,ENU0157,Madhya Pradesh,69,Female,Secondary,None,Not in Labour Force,0,0,3,2025-03-30,False
REC005410,ENU0061,Maharashtra,28,Male,Secondary,Street Vendor,Employed,53,9280,4,2025-10-07,False
REC005411,ENU0013,Punjab,16,Female,Higher Secondary,Carpenter,Employed,39,8051,5,2025-12-05,False
REC005412,ENU0149,West Bengal,34,Female,Secondary,Shop Assistant,Employed,51,10595,6,2025-07-16,False
REC005413,ENU0052,Madhya Pradesh,28,Male,Secondary,None,Not in Labour Force,0,0,3,2025-10-22,False
REC005414,ENU0071,Gujarat,9,Female,Primary,None,Not in Labour Force,2,0,4,2025-02-26,False
REC005415,ENU0100,Bihar,13,Male,Primary,None,Not in Labour Force,6,0,3,2025-03-12,False
REC005416,ENU0221,Tamil Nadu,50,Male,Graduate,Clerk,Employed,57,26351,10,2025-09-06,False
REC005417,ENU0004,Karnataka,33,Female,Secondary,None,Unemployed,0,0,3,2025-12-17,False
REC005418,ENU0129,Tamil Nadu,43,Male,Secondary,Carpenter,Employed,40,14200,5,2025-12-10,False
REC005419,ENU0091,Telangana,45,Male,Higher Secondary,Carpenter,Employed,50,16183,1,2025-04-11,False
REC005420,ENU0153,Andhra Pradesh,41,Male,Primary,Street Vendor,Employed,46,9049,3,2025-03-30,False
REC005421,ENU0062,Maharashtra,26,Male,Primary,None,Not in Labour Force,0,0,2,2025-11-30,False
REC005422,ENU0108,Maharashtra,33,Female,Higher Secondary,Driver,Employed,52,14090,1,2025-08-31,False
REC005423,ENU0059,Rajasthan,32,Male,Secondary,Factory Worker,Employed,45,11708,4,2025-02-24,False
REC005424,ENU0008,Uttar Pradesh,36,Male,Higher Secondary,None,Unemployed,0,0,2,2025-04-09,False
REC005425,ENU0134,Andhra Pradesh,36,Female,Primary,Domestic Help,Employed,41,4877,2,2025-01-23,False
REC005426,ENU0059,Bihar,33,Female,Higher Secondary,Carpenter,Unemployed,0,0,3,2025-08-22,False
REC005427,ENU0200,Tamil Nadu,60,Female,Higher Secondary,None,Not in Labour Force,8,0,7,2025-06-28,False
REC005428,ENU0246,Kerala,20,Female,Secondary,None,Not in Labour Force,0,0,4,2025-09-24,False
REC005429,ENU0198,Rajasthan,30,Female,Higher Secondary,Shop Assistant,Employed,49,7476,3,2025-08-21,False
REC005430,ENU0057,Punjab,16,Female,Higher Secondary,None,Unemployed,0,0,7,2025-10-23,False
REC005431,ENU0071,Uttar Pradesh,53,Male,Graduate,Clerk,Employed,45,18438,10,2025-02-28,False
REC005432,ENU0054,West Bengal,30,Male,Higher Secondary,Clerk,Employed,42,17230,3,2025-01-29,False
REC005433,ENU0098,Madhya Pradesh,34,Female,Secondary,Street Vendor,Employed,44,8188,5,2025-06-22,False
REC005434,ENU0051,Uttar Pradesh,43,Female,Secondary,Carpenter,Employed,46,15828,8,2025-09-14,False
REC005435,ENU0084,Odisha,34,Male,Primary,Agricultural Labourer,Employed,51,10834,4,2025-10-10,False
REC005436,ENU0104,Odisha,43,Male,Primary,Agricultural Labourer,Employed,42,5011,6,2025-05-14,False
REC005437,ENU0195,Maharashtra,30,Male,Higher Secondary,None,Not in Labour Force,7,0,1,2025-11-21,False
REC005438,ENU0142,Punjab,17,Male,Post Graduate,None,Not in Labour Force,0,0,1,2025-01-28,False
REC005439,ENU0157,Tamil Nadu,25,Male,Graduate,Sales Executive,Employed,41,21145,1,2025-05-10,False
REC005440,ENU0192,Maharashtra,40,Female,Post Graduate,Teacher,Employed,44,24663,7,2025-06-07,False
REC005441,ENU0188,Andhra Pradesh,77,Female,Graduate,None,Not in Labour Force,0,0,2,2025-03-05,False
REC005442,ENU0017,Gujarat,49,Male,Higher Secondary,Clerk,Employed,40,17112,5,2025-06-21,False
REC005443,ENU0224,Telangana,32,Female,Graduate,IT Professional,Employed,43,44712,3,2025-05-16,False
REC005444,ENU0114,Rajasthan,48,Female,Higher Secondary,Driver,Employed,18,3351,2,2025-03-17,False
REC005445,ENU0038,Bihar,33,Male,Higher Secondary,Technician,Employed,35,4898,1,2025-08-17,False
REC005446,ENU0110,Maharashtra,64,Male,Higher Secondary,None,Not in Labour Force,6,0,1,2025-01-05,False
REC005447,ENU0041,Gujarat,23,Male,Higher Secondary,None,Unemployed,0,0,5,2025-01-11,False
REC005448,ENU0233,Rajasthan,26,Female,Post Graduate,None,Not in Labour Force,0,0,4,2025-07-20,False
REC005449,ENU0086,Assam,40,Male,Primary,Agricultural Labourer,Employed,39,5163,2,2025-11-29,False
REC005450,ENU0144,Assam,50,Female,Secondary,Driver,Employed,45,12771,2,2025-09-10,False
REC005451,ENU0187,Maharashtra,23,Male,Secondary,None,Unemployed,0,0,3,2025-01-25,False
REC005452,ENU0236,Kerala,7,Male,Primary,None,Not in Labour Force,0,0,5,2025-03-13,False
REC005453,ENU0032,Andhra Pradesh,66,Male,Primary,None,Not in Labour Force,0,0,3,2025-09-28,False
REC005454,ENU0037,Karnataka,42,Male,Graduate,Clerk,Employed,58,24561,3,2025-06-01,False
REC005455,ENU0001,Madhya Pradesh,23,Male,Secondary,None,Not in Labour Force,0,0,8,2025-11-18,False
REC005456,ENU0068,Punjab,37,Male,Primary,None,Not in Labour Force,0,0,7,2025-08-13,False
REC005457,ENU0035,Bihar,43,Female,Post Graduate,Bank Employee,Unemployed,0,0,5,2025-02-07,False
REC005458,ENU0183,Kerala,37,Male,Illiterate,None,Not in Labour Force,0,0,4,2025-05-10,False
REC005459,ENU0011,Karnataka,73,Male,Primary,None,Not in Labour Force,0,0,4,2025-03-08,False
REC005460,ENU0198,Telangana,16,Male,Illiterate,None,Not in Labour Force,5,0,3,2025-05-19,False
REC005461,ENU0137,Uttar Pradesh,16,Female,Graduate,None,Unemployed,0,0,4,2025-01-05,False
REC005462,ENU0214,Tamil Nadu,8,Male,Primary,None,Not in Labour Force,8,0,6,2025-12-12,False
REC005463,ENU0003,Kerala,48,Female,Secondary,Street Vendor,Employed,30,5221,5,2025-11-21,False
REC005464,ENU0031,West Bengal,54,Male,Graduate,Teacher,Employed,42,20372,5,2025-01-16,False
REC005465,ENU0125,Tamil Nadu,57,Female,Secondary,Factory Worker,Employed,45,8380,5,2025-10-08,False
REC005466,ENU0024,Madhya Pradesh,65,Female,Secondary,None,Not in Labour Force,0,0,6,2025-08-31,False
REC005467,ENU0205,Andhra Pradesh,26,Male,Higher Secondary,Carpenter,Employed,39,10926,6,2025-10-16,False
REC005468,ENU0132,Telangana,39,Male,Graduate,None,Not in Labour Force,0,0,5,2025-06-24,False
REC005469,ENU0132,Tamil Nadu,6,Male,Primary,None,Not in Labour Force,0,0,1,2025-10-08,False
REC005470,ENU0117,Punjab,60,Male,Post Graduate,Government Officer,Employed,54,53631,4,2025-04-22,False
REC005471,ENU0189,Telangana,22,Male,Graduate,None,Unemployed,0,0,10,2025-03-09,False
REC005472,ENU0228,Tamil Nadu,45,Female,Secondary,Shop Assistant,Employed,37,6823,3,2025-08-30,False
REC005473,ENU0198,Gujarat,8,Female,Primary,None,Not in Labour Force,0,0,7,2025-01-31,False
REC005474,ENU0206,Andhra Pradesh,63,Male,Illiterate,None,Not in Labour Force,2,0,4,2025-08-09,False
REC005475,ENU0203,Assam,31,Male,Graduate,Bank Employee,Employed,40,36387,6,2025-12-04,False
REC005476,ENU0002,Kerala,32,Female,Graduate,IT Professional,Employed,55,81879,6,2025-12-19,False
REC005477,ENU0052,Madhya Pradesh,16,Female,Primary,Construction Worker,Employed,35,8914,6,2025-01-27,False
REC005478,ENU0010,Odisha,36,Female,Higher Secondary,Carpenter,Employed,37,10928,1,2025-06-29,False
REC005479,ENU0095,Kerala,69,Female,Higher Secondary,None,Not in Labour Force,0,0,3,2025-09-27,False
REC005480,ENU0035,Karnataka,32,Female,Graduate,Clerk,Employed,41,12337,3,2025-06-03,False
REC005481,ENU0105,West Bengal,29,Female,Higher Secondary,None,Unemployed,0,0,1,2025-07-27,False
REC005482,ENU0073,West Bengal,41,Male,Higher Secondary,Shop Assistant,Employed,33,6170,7,2025-04-18,False
REC005483,ENU0221,Rajasthan,86,Female,Graduate,None,Not in Labour Force,0,0,3,2025-04-16,False
REC005484,ENU0116,Kerala,71,Female,Illiterate,None,Not in Labour Force,9,0,5,2025-01-06,False
REC005485,ENU0112,Bihar,39,Male,Secondary,None,Unemployed,0,0,7,2025-03-31,False
REC005486,ENU0095,Kerala,75,Male,Secondary,None,Not in Labour Force,9,0,6,2025-08-01,False
REC005487,ENU0117,Assam,36,Male,Primary,Street Vendor,Employed,54,10515,1,2025-01-08,False
REC005488,ENU0233,Telangana,35,Male,Secondary,Carpenter,Employed,50,10499,7,2025-12-04,False
REC005489,ENU0212,Kerala,32,Male,Primary,Domestic Help,Employed,54,5195,8,2025-06-17,False
REC005490,ENU0216,Madhya Pradesh,47,Male,Higher Secondary,None,Not in Labour Force,0,0,6,2025-10-04,False
REC005491,ENU0184,Uttar Pradesh,30,Female,Primary,Construction Worker,Employed,49,6555,6,2025-10-02,False
REC005492,ENU0051,Karnataka,16,Male,Secondary,Carpenter,Employed,51,11458,4,2025-04-14,False
REC005493,ENU0198,Bihar,20,Male,Primary,None,Unemployed,0,0,5,2025-07-20,False
REC005494,ENU0017,Telangana,24,Female,Higher Secondary,Shop Assistant,Employed,52,14335,2,2025-02-13,False
REC005495,ENU0125,Andhra Pradesh,36,Female,Primary,None,Not in Labour Force,0,0,4,2025-01-11,False
REC005496,ENU0162,Assam,8,Female,Primary,None,Not in Labour Force,5,0,4,2025-08-20,False
REC005497,ENU0181,Andhra Pradesh,14,Female,Primary,None,Not in Labour Force,1,0,4,2025-07-10,False
REC005498,ENU0022,Punjab,45,Male,Post Graduate,Bank Employee,Employed,48,25815,4,2025-05-27,False
REC005499,ENU0243,Karnataka,28,Male,Post Graduate,Engineer,Employed,39,43019,5,2025-12-23,False
REC005500,ENU0148,Assam,17,Female,Primary,Construction Worker,Employed,17,4004,1,2025-06-27,False
REC005501,ENU0192,Kerala,37,Female,Higher Secondary,Technician,Employed,40,13949,4,2025-08-09,False
REC005502,ENU0135,Karnataka,40,Male,Primary,Factory Worker,Employed,54,14324,4,2025-01-12,False
REC005503,ENU0021,Rajasthan,9,Female,Primary,None,Not in Labour Force,7,0,4,2025-04-06,False
REC005504,ENU0003,Tamil Nadu,71,Male,Graduate,None,Not in Labour Force,0,0,5,2025-03-22,False
REC005505,ENU0068,Assam,34,Female,Secondary,None,Not in Labour Force,4,0,4,2025-05-24,False
REC005506,ENU0116,Odisha,24,Male,Secondary,Factory Worker,Employed,50,11029,5,2025-05-03,False
REC005507,ENU0025,Madhya Pradesh,35,Male,Post Graduate,IT Professional,Employed,51,51287,5,2025-07-27,False
REC005508,ENU0151,Andhra Pradesh,27,Male,Primary,Agricultural Labourer,Employed,37,6192,3,2025-10-17,False
REC005509,ENU0204,Maharashtra,15,Female,Primary,None,Not in Labour Force,0,0,2,2025-03-01,False
REC005510,ENU0119,Assam,56,Male,Illiterate,Street Vendor,Employed,32,4120,7,2025-09-13,False
REC005511,ENU0108,Kerala,16,Female,Graduate,IT Professional,Employed,43,52058,1,2025-04-12,False
REC005512,ENU0225,Rajasthan,42,Female,Secondary,Driver,Employed,26,9117,4,2025-10-08,False
REC005513,ENU0042,Madhya Pradesh,34,Male,Higher Secondary,Shop Assistant,Employed,64,19935,3,2025-11-04,False
REC005514,ENU0151,Odisha,14,Female,Primary,None,Not in Labour Force,0,0,4,2025-02-22,False
REC005515,ENU0122,Karnataka,31,Female,Graduate,Sales Executive,Employed,53,25565,4,2025-07-19,False
REC005516,ENU0009,Rajasthan,37,Male,Primary,Domestic Help,Employed,40,5803,2,2025-01-27,False
REC005517,ENU0210,Andhra Pradesh,14,Female,Primary,None,Not in Labour Force,7,0,4,2025-10-04,False
REC005518,ENU0028,Telangana,65,Female,Graduate,None,Not in Labour Force,4,0,9,2025-09-11,False
REC005519,ENU0186,Gujarat,7,Male,Primary,None,Not in Labour Force,0,0,4,2025-08-03,False
REC005520,ENU0051,Telangana,51,Female,Graduate,Sales Executive,Employed,34,17322,2,2025-01-19,False
REC005521,ENU0229,Uttar Pradesh,41,Female,Higher Secondary,Carpenter,Employed,59,17541,6,2025-07-25,False
REC005522,ENU0200,Telangana,10,Female,Primary,None,Not in Labour Force,0,0,2,2025-04-23,False
REC005523,ENU0224,Uttar Pradesh,41,Female,Secondary,None,Unemployed,0,0,4,2025-05-05,False
REC005524,ENU0050,Punjab,30,Female,Secondary,Carpenter,Employed,38,11391,5,2025-07-31,False
REC005525,ENU0167,Andhra Pradesh,27,Male,Illiterate,Construction Worker,Employed,63,14006,1,2025-01-20,False
REC005526,ENU0214,Assam,26,Male,Secondary,Shop Assistant,Employed,51,10633,5,2025-01-31,False
REC005527,ENU0144,Gujarat,78,Male,Secondary,None,Not in Labour Force,0,0,1,2025-02-10,False
REC005528,ENU0217,Odisha,50,Male,Higher Secondary,Shop Assistant,Employed,36,8951,5,2025-09-12,False
REC005529,ENU0164,Uttar Pradesh,38,Female,Graduate,Clerk,Employed,31,12402,1,2025-07-06,False
REC005530,ENU0097,Tamil Nadu,47,Male,Illiterate,Street Vendor,Employed,36,6842,7,2025-08-07,False
REC005531,ENU0142,Punjab,29,Female,Primary,None,Unemployed,0,0,1,2025-06-29,False
REC005532,ENU0080,Assam,70,Female,Higher Secondary,None,Not in Labour Force,0,0,2,2025-01-27,False
REC005533,ENU0114,Kerala,20,Male,Higher Secondary,None,Unemployed,0,0,1,2025-02-05,False
REC005534,ENU0130,Gujarat,62,Female,Primary,None,Not in Labour Force,0,0,3,2025-09-08,False
REC005535,ENU0059,Odisha,49,Female,Secondary,Shop Assistant,Employed,50,11537,3,2025-03-11,False
REC005536,ENU0014,Karnataka,48,Male,Illiterate,Construction Worker,Employed,53,16025,5,2025-09-27,False
REC005537,ENU0037,Rajasthan,30,Female,Secondary,Carpenter,Employed,32,10824,5,2025-01-01,False
REC005538,ENU0025,Uttar Pradesh,71,Female,Secondary,None,Not in Labour Force,0,0,3,2025-07-31,False
REC005539,ENU0225,West Bengal,40,Female,Secondary,None,Not in Labour Force,0,0,1,2025-12-30,False
REC005540,ENU0141,Maharashtra,23,Male,Higher Secondary,Technician,Employed,12,2096,1,2025-12-03,False
REC005541,ENU0031,Andhra Pradesh,9,Female,Graduate,Doctor,Employed,37,16062,3,2025-05-18,True
REC005542,ENU0247,Uttar Pradesh,60,Male,Primary,None,Not in Labour Force,0,0,5,2025-04-14,False
REC005543,ENU0068,Odisha,32,Male,Secondary,Carpenter,Employed,46,14899,4,2025-05-08,False
REC005544,ENU0224,Madhya Pradesh,37,Male,Illiterate,None,Not in Labour Force,0,0,7,2025-09-17,False
REC005545,ENU0182,Karnataka,71,Male,Illiterate,None,Not in Labour Force,0,0,9,2025-04-04,False
REC005546,ENU0069,Telangana,8,Female,Primary,None,Not in Labour Force,0,0,3,2025-01-07,False
REC005547,ENU0074,Karnataka,13,Male,Primary,None,Not in Labour Force,0,0,6,2025-05-22,False
REC005548,ENU0188,Tamil Nadu,72,Male,Primary,None,Not in Labour Force,0,0,6,2025-02-06,False
REC005549,ENU0095,Punjab,41,Male,Secondary,Factory Worker,Employed,29,7643,3,2025-11-27,False
REC005550,ENU0049,West Bengal,82,Male,Secondary,None,Not in Labour Force,0,0,6,2025-06-13,False
REC005551,ENU0059,Kerala,74,Male,Illiterate,None,Not in Labour Force,0,0,2,2025-10-02,False
REC005552,ENU0139,Assam,11,Female,Primary,None,Not in Labour Force,0,0,6,2025-04-14,False
REC005553,ENU0156,Assam,150,Female,Primary,Agricultural Labourer,Employed,50,5692,6,2025-05-06,True
REC005554,ENU0002,West Bengal,49,Female,Primary,Domestic Help,Employed,33,4772,5,2025-04-03,False
REC005555,ENU0114,Madhya Pradesh,47,Male,Higher Secondary,Technician,Employed,58,19396,3,2025-06-01,False
REC005556,ENU0189,Bihar,47,Male,Higher Secondary,None,Not in Labour Force,0,0,4,2025-06-08,False
REC005557,ENU0138,Punjab,17,Male,Higher Secondary,Shop Assistant,Employed,51,9692,6,2025-10-12,False
REC005558,ENU0079,Tamil Nadu,11,Female,Primary,None,Not in Labour Force,8,0,8,2025-09-15,False
REC005559,ENU0014,Gujarat,15,Male,Secondary,None,Not in Labour Force,0,0,5,2025-08-07,False
REC005560,ENU0070,Karnataka,11,Male,Primary,None,Not in Labour Force,0,0,7,2025-06-01,False
REC005561,ENU0021,Kerala,41,Male,Secondary,Carpenter,Employed,37,10051,4,2025-04-06,False
REC005562,ENU0066,Telangana,39,Male,Secondary,Factory Worker,Employed,45,7671,2,2025-01-23,False
REC005563,ENU0231,Kerala,14,Male,Primary,None,Not in Labour Force,0,0,4,2025-03-28,False
REC005564,ENU0212,Uttar Pradesh,33,Female,Secondary,Factory Worker,Employed,53,9192,6,2025-08-23,False
REC005565,ENU0227,Maharashtra,27,Male,Higher Secondary,Carpenter,Employed,33,7210,3,2025-11-20,False
REC005566,ENU0045,Madhya Pradesh,27,Male,Post Graduate,Teacher,Employed,55,6499098,3,2025-11-01,True
REC005567,ENU0084,Odisha,18,Female,Primary,Street Vendor,Employed,43,7781,2,2025-06-15,False
REC005568,ENU0158,West Bengal,40,Male,Primary,None,Unemployed,0,0,6,2025-07-05,False
REC005569,ENU0211,Punjab,38,Female,Secondary,Driver,Employed,38,13358,5,2025-06-10,False
REC005570,ENU0123,Tamil Nadu,38,Female,Secondary,Driver,Employed,35,9353,5,2025-01-01,False
REC005571,ENU0140,Punjab,59,Male,Higher Secondary,None,Not in Labour Force,1,0,4,2025-10-17,False
REC005572,ENU0074,Madhya Pradesh,16,Male,Illiterate,Agricultural Labourer,Employed,56,8170,5,2025-07-14,False
REC005573,ENU0059,Andhra Pradesh,33,Female,Primary,None,Unemployed,0,0,3,2025-07-21,False
REC005574,ENU0179,Karnataka,36,Male,Graduate,Teacher,Employed,59,33185,5,2025-08-14,False
REC005575,ENU0230,Madhya Pradesh,19,Male,Primary,None,Not in Labour Force,0,0,7,2025-12-14,False
REC005576,ENU0025,Madhya Pradesh,31,Female,Higher Secondary,Technician,Employed,57,20488,3,2025-07-16,False
REC005577,ENU0119,Tamil Nadu,30,Male,Graduate,None,Not in Labour Force,0,0,5,2025-11-19,False
REC005578,ENU0103,Tamil Nadu,26,Male,Primary,Domestic Help,Employed,44,4101,5,2025-12-01,False
REC005579,ENU0067,Maharashtra,42,Male,Secondary,Street Vendor,Employed,18,2873,6,2025-12-02,False
REC005580,ENU0088,Odisha,19,Male,Secondary,Factory Worker,Employed,31,7918,3,2025-05-01,False
REC005581,ENU0132,West Bengal,63,Male,Secondary,None,Not in Labour Force,1,0,5,2025-07-20,False
REC005582,ENU0223,Maharashtra,36,Female,Graduate,Bank Employee,Employed,49,56234,4,2025-04-27,False
REC005583,ENU0008,Karnataka,14,Male,Primary,None,Not in Labour Force,0,0,1,2025-04-14,False
REC005584,ENU0223,Bihar,16,Female,Secondary,None,Unemployed,0,0,3,2025-09-03,False
REC005585,ENU0138,Bihar,42,Female,Post Graduate,IT Professional,Unemployed,0,0,1,2025-11-11,False
REC005586,ENU0112,Uttar Pradesh,9,Male,Primary,None,Not in Labour Force,0,0,3,2025-10-20,False
REC005587,ENU0179,Andhra Pradesh,17,Male,Secondary,Carpenter,Employed,56,12240,5,2025-07-29,False
REC005588,ENU0237,Maharashtra,34,Male,Secondary,Driver,Employed,39,10414,7,2025-12-18,False
REC005589,ENU0072,West Bengal,66,Male,Primary,None,Not in Labour Force,0,0,3,2025-03-29,False
REC005590,ENU0193,Maharashtra,27,Female,Illiterate,None,Unemployed,0,0,4,2025-08-16,False
REC005591,ENU0208,Bihar,46,Male,Primary,Factory Worker,Employed,26,2324,4,2025-01-04,False
REC005592,ENU0079,Rajasthan,22,Male,Illiterate,Agricultural Labourer,Employed,30,5780,6,2025-01-15,False
REC005593,ENU0079,Odisha,35,Other,Primary,None,Unemployed,0,0,8,2025-02-21,False
REC005594,ENU0116,Andhra Pradesh,38,Male,Primary,Agricultural Labourer,Employed,53,7972,3,2025-08-03,False
REC005595,ENU0101,Gujarat,41,Male,Secondary,Driver,Employed,48,15272,10,2025-03-28,False
REC005596,ENU0074,Maharashtra,36,Male,Higher Secondary,None,Not in Labour Force,6,0,2,2025-10-19,False
REC005597,ENU0199,Bihar,70,Male,Primary,None,Not in Labour Force,0,0,4,2025-04-11,False
REC005598,ENU0160,Tamil Nadu,34,Male,Higher Secondary,None,Unemployed,0,0,7,2025-04-17,False
REC005599,ENU0066,Karnataka,27,Male,Secondary,Carpenter,Employed,35,10515,6,2025-08-16,False
REC005600,ENU0054,Assam,51,Male,Primary,Factory Worker,Employed,46,17274,2,2025-06-17,False
REC005601,ENU0010,Andhra Pradesh,22,Female,Illiterate,Agricultural Labourer,Employed,43,5947,3,2025-02-25,False
REC005602,ENU0188,Bihar,41,Male,Primary,Agricultural Labourer,Employed,53,4230,2,2025-10-03,False
REC005603,ENU0142,Karnataka,34,Male,Secondary,Carpenter,Employed,42,14378,3,2025-09-11,False
REC005604,ENU0170,Odisha,23,Male,Primary,Street Vendor,Employed,45,6727,1,2025-01-16,False
REC005605,ENU0233,Uttar Pradesh,49,Male,Higher Secondary,Shop Assistant,Employed,33,9116,4,2025-01-18,False
REC005606,ENU0049,Maharashtra,30,Male,Post Graduate,None,Not in Labour Force,0,0,4,2025-10-25,False
REC005607,ENU0026,Madhya Pradesh,31,Female,Post Graduate,Doctor,Employed,44,63661,3,2025-05-01,False
REC005608,ENU0168,Odisha,55,Male,Secondary,Street Vendor,Employed,51,6444,6,2025-08-20,False
REC005609,ENU0077,Punjab,11,Male,Primary,None,Not in Labour Force,0,0,5,2025-06-25,False
REC005610,ENU0121,Tamil Nadu,55,Female,Secondary,Driver,Employed,55,16747,1,2025-03-23,False
REC005611,ENU0149,Karnataka,51,Female,Graduate,Bank Employee,Employed,38,26342,8,2025-03-31,False
REC005612,ENU0205,Andhra Pradesh,39,Female,Secondary,Carpenter,Employed,46,13863,6,2025-05-21,False
REC005613,ENU0231,Gujarat,31,Female,Higher Secondary,Driver,Employed,21,4968,4,2025-03-30,False
REC005614,ENU0030,West Bengal,16,Male,Graduate,Sales Executive,Employed,39,19267,4,2025-08-01,False
REC005615,ENU0234,Maharashtra,71,Female,Secondary,None,Not in Labour Force,0,0,2,2025-08-02,False
REC005616,ENU0153,Telangana,33,Female,Primary,None,Unemployed,0,0,5,2025-05-29,False
REC005617,ENU0147,Assam,29,Female,Secondary,Street Vendor,Employed,33,6656,6,2025-04-25,False
REC005618,ENU0145,Uttar Pradesh,51,Male,Secondary,Driver,Employed,63,15180,3,2025-06-11,False
REC005619,ENU0122,Andhra Pradesh,28,Female,Primary,None,Unemployed,0,0,7,2025-12-28,False
REC005620,ENU0149,Andhra Pradesh,55,Female,Secondary,None,Not in Labour Force,0,0,4,2025-02-19,False
REC005621,ENU0109,Rajasthan,27,Female,Post Graduate,Government Officer,Employed,30,18366,6,2025-06-28,False
REC005622,ENU0067,Bihar,48,Male,Primary,Construction Worker,Unemployed,0,0,6,2025-02-08,False
REC005623,ENU0208,Andhra Pradesh,23,Female,Secondary,None,Not in Labour Force,0,0,6,2025-12-22,False
REC005624,ENU0129,Madhya Pradesh,12,Female,Primary,None,Not in Labour Force,8,0,2,2025-05-16,False
REC005625,ENU0170,Tamil Nadu,45,Other,Graduate,None,Unemployed,0,0,1,2025-09-19,False
REC005626,ENU0050,Bihar,53,Male,Secondary,Street Vendor,Employed,61,5262,5,2025-01-17,False
REC005627,ENU0001,Madhya Pradesh,66,Male,Secondary,None,Not in Labour Force,0,0,3,2025-01-28,False
REC005628,ENU0195,Kerala,45,Female,Secondary,Shop Assistant,Employed,57,11622,7,2025-02-18,False
REC005629,ENU0181,Gujarat,36,Female,Higher Secondary,None,Not in Labour Force,0,0,1,2025-07-04,False
REC005630,ENU0243,Tamil Nadu,43,Female,Illiterate,None,Not in Labour Force,8,0,9,2025-07-13,False
REC005631,ENU0224,Maharashtra,19,Male,Higher Secondary,Carpenter,Employed,59,18799,1,2025-03-01,False
REC005632,ENU0042,Karnataka,74,Female,Secondary,None,Not in Labour Force,0,0,7,2025-02-01,False
REC005633,ENU0153,Punjab,75,Male,Secondary,None,Not in Labour Force,0,0,2,2025-01-21,False
REC005634,ENU0201,Punjab,79,Male,Primary,None,Not in Labour Force,5,0,5,2025-08-07,False
REC005635,ENU0022,Kerala,77,Male,Higher Secondary,None,Not in Labour Force,0,0,2,2025-05-08,False
REC005636,ENU0002,Odisha,34,Female,Higher Secondary,Technician,Employed,50,18221,1,2025-12-15,False
REC005637,ENU0058,Telangana,59,Male,Secondary,Driver,Employed,52,13768,3,2025-05-21,False
REC005638,ENU0176,Andhra Pradesh,67,Female,Higher Secondary,None,Not in Labour Force,0,0,6,2025-03-13,False
REC005639,ENU0063,Telangana,58,Female,Primary,Domestic Help,Employed,36,4911,3,2025-12-15,False
REC005640,ENU0187,Madhya Pradesh,47,Female,Illiterate,Street Vendor,Employed,35,6191,4,2025-09-15,False
REC005641,ENU0037,Telangana,30,Female,Graduate,IT Professional,Employed,64,95773,5,2025-05-31,False
REC005642,ENU0192,Karnataka,37,Male,Higher Secondary,None,Not in Labour Force,0,0,5,2025-12-13,False
REC005643,ENU0233,Kerala,37,Female,Graduate,Teacher,Employed,33,18832,4,2025-02-18,False
REC005644,ENU0041,Bihar,27,Female,Graduate,None,Unemployed,0,0,1,2025-04-10,False
REC005645,ENU0004,Andhra Pradesh,55,Male,Secondary,Street Vendor,Employed,44,8381,2,2025-12-19,False
REC005646,ENU0202,West Bengal,45,Female,Higher Secondary,Technician,Employed,45,16815,2,2025-12-07,False
REC005647,ENU0008,Kerala,16,Male,Primary,None,Unemployed,0,0,3,2025-12-08,False
REC005648,ENU0220,Karnataka,39,Male,Graduate,Sales Executive,Employed,45,19606,4,2025-08-29,False
REC005649,ENU0170,Punjab,5,Male,Illiterate,None,Not in Labour Force,6,0,5,2025-03-14,False
REC005650,ENU0178,Assam,43,Female,Primary,Domestic Help,Employed,36,4416,3,2025-08-23,False
REC005651,ENU0076,Telangana,67,Female,Higher Secondary,None,Not in Labour Force,0,0,4,2025-10-19,False
REC005652,ENU0071,Andhra Pradesh,25,Male,Post Graduate,Doctor,Employed,47,130084,3,2025-03-14,False
REC005653,ENU0114,Karnataka,40,Female,Post Graduate,Teacher,Employed,43,17484,10,2025-08-16,False
REC005654,ENU0046,Tamil Nadu,38,Male,Post Graduate,IT Professional,Employed,39,49814,2,2025-08-04,False
REC005655,ENU0037,Rajasthan,7,Male,Primary,None,Not in Labour Force,2,0,2,2025-04-07,False
REC005656,ENU0079,Bihar,52,Female,Illiterate,Construction Worker,Unemployed,0,0,4,2025-04-25,False
REC005657,ENU0180,Uttar Pradesh,20,Female,Graduate,None,Not in Labour Force,0,0,2,2025-05-07,False
REC005658,ENU0205,Kerala,8,Male,Primary,None,Not in Labour Force,0,0,1,2025-07-18,False
REC005659,ENU0156,Assam,64,Male,Post Graduate,None,Not in Labour Force,0,0,5,2025-04-20,False
REC005660,ENU0212,Telangana,77,Male,Post Graduate,None,Not in Labour Force,0,0,5,2025-04-17,False
REC005661,ENU0091,Madhya Pradesh,34,Female,Higher Secondary,Carpenter,Employed,30,8837,5,2025-03-16,False
REC005662,ENU0055,Karnataka,31,Female,Illiterate,Street Vendor,Employed,43,5363,6,2025-12-11,False
REC005663,ENU0043,Punjab,64,Female,Primary,None,Not in Labour Force,0,0,5,2025-09-03,False
REC005664,ENU0124,Punjab,46,Male,Secondary,Factory Worker,Employed,58,17097,5,2025-12-06,False
REC005665,ENU0198,Odisha,24,Male,Primary,None,Unemployed,0,0,2,2025-04-13,False
REC005666,ENU0088,Andhra Pradesh,26,Male,Secondary,None,Unemployed,0,0,3,2025-07-01,False
REC005667,ENU0172,Uttar Pradesh,18,Female,Primary,Agricultural Labourer,Employed,60,9073,5,2025-06-24,False
REC005668,ENU0062,Kerala,66,Male,Primary,None,Not in Labour Force,0,0,7,2025-10-29,False
REC005669,ENU0132,Assam,78,Male,Secondary,None,Not in Labour Force,0,0,4,2025-03-22,False
REC005670,ENU0128,Rajasthan,33,Female,Graduate,IT Professional,Employed,39,53152,4,2025-04-27,False
REC005671,ENU0233,West Bengal,33,Female,Primary,None,Unemployed,0,0,9,2025-05-03,False
REC005672,ENU0042,Kerala,57,Male,Higher Secondary,None,Not in Labour Force,3,0,3,2025-02-07,False
REC005673,ENU0195,Bihar,5,Female,Illiterate,None,Not in Labour Force,0,0,1,2025-10-24,False
REC005674,ENU0060,Gujarat,31,Female,Secondary,None,Not in Labour Force,2,0,4,2025-10-15,False
REC005675,ENU0002,Assam,59,Female,Primary,Agricultural Labourer,Employed,44,6615,7,2025-03-25,False
REC005676,ENU0051,Rajasthan,28,Male,Post Graduate,Doctor,Employed,41,85402,5,2025-03-13,False
REC005677,ENU0054,Gujarat,19,Female,Secondary,None,Not in Labour Force,0,0,4,2025-11-08,False
REC005678,ENU0195,Tamil Nadu,15,Male,Primary,None,Not in Labour Force,0,0,5,2025-10-23,False
REC005679,ENU0169,Rajasthan,44,Male,Secondary,None,Unemployed,0,0,2,2025-09-28,False
REC005680,ENU0196,Madhya Pradesh,31,Male,Higher Secondary,Carpenter,Employed,27,9423,5,2025-11-17,False
REC005681,ENU0133,Andhra Pradesh,59,Female,Secondary,Carpenter,Employed,42,16876,2,2025-03-14,False
REC005682,ENU0066,Kerala,44,Male,Secondary,Street Vendor,Employed,49,7557,1,2025-10-27,False
REC005683,ENU0196,Kerala,71,Female,Secondary,None,Not in Labour Force,0,0,2,2025-03-04,False
REC005684,ENU0195,Rajasthan,43,Female,Illiterate,Construction Worker,Employed,35,6874,3,2025-06-04,False
REC005685,ENU0019,Punjab,34,Female,Primary,Domestic Help,Employed,32,4714,6,2025-01-16,False
REC005686,ENU0005,Maharashtra,54,Male,Secondary,Driver,Employed,20,7774,6,2025-09-01,False
REC005687,ENU0164,Rajasthan,15,Female,Secondary,None,Not in Labour Force,0,0,4,2025-07-25,False
REC005688,ENU0080,Madhya Pradesh,73,Male,Primary,None,Employed,0,2509655,3,2025-12-14,True
REC005689,ENU0113,Tamil Nadu,42,Male,Graduate,IT Professional,Employed,51,49244,2,2025-08-09,False
REC005690,ENU0133,Kerala,34,Male,Illiterate,None,Unemployed,0,0,5,2025-08-09,False
REC005691,ENU0032,Bihar,36,Female,Secondary,Shop Assistant,Unemployed,0,0,3,2025-05-14,False
REC005692,ENU0048,Karnataka,30,Male,Secondary,Driver,Employed,48,15720,5,2025-11-18,False
REC005693,ENU0158,Tamil Nadu,16,Male,Primary,None,Unemployed,0,0,4,2025-08-14,False
REC005694,ENU0216,Assam,49,Male,Post Graduate,Engineer,Employed,44,64587,6,2025-07-08,False
REC005695,ENU0230,Gujarat,26,Female,Graduate,IT Professional,Employed,33,53891,4,2025-08-01,False
REC005696,ENU0049,Bihar,49,Female,Illiterate,None,Unemployed,0,0,3,2025-09-23,False
REC005697,ENU0066,Bihar,16,Female,Primary,Construction Worker,Employed,40,2820,4,2025-08-22,False
REC005698,ENU0117,Bihar,31,Female,Graduate,None,Unemployed,0,0,4,2025-11-15,False
REC005699,ENU0120,Gujarat,5,Male,Illiterate,None,Not in Labour Force,5,0,4,2025-08-20,False
REC005700,ENU0110,Karnataka,53,Female,Illiterate,None,Not in Labour Force,6,0,3,2025-07-10,False
REC005701,ENU0065,Assam,41,Male,Graduate,IT Professional,Employed,36,41622,4,2025-02-02,False
REC005702,ENU0014,Uttar Pradesh,54,Female,Secondary,Street Vendor,Employed,51,6114,2,2025-07-10,False
REC005703,ENU0002,Odisha,36,Male,Post Graduate,IT Professional,Employed,45,55024,2,2025-11-18,False
REC005704,ENU0066,Assam,30,Male,Primary,Domestic Help,Employed,34,3444,4,2025-03-11,False
REC005705,ENU0205,West Bengal,48,Male,Graduate,Teacher,Employed,42,23102,5,2025-05-13,False
REC005706,ENU0175,Bihar,22,Female,Graduate,Teacher,Unemployed,0,0,1,2025-10-07,False
REC005707,ENU0024,Kerala,5,Male,Illiterate,None,Not in Labour Force,0,0,5,2025-03-13,False
REC005708,ENU0234,Madhya Pradesh,75,Female,Secondary,None,Not in Labour Force,2,0,1,2025-03-11,False
REC005709,ENU0178,Rajasthan,42,Female,Higher Secondary,Shop Assistant,Employed,55,11195,4,2025-03-09,False
REC005710,ENU0003,Telangana,41,Female,Secondary,Street Vendor,Employed,56,5501,4,2025-02-17,False
REC005711,ENU0186,Kerala,19,Male,Graduate,Clerk,Employed,38,14198,3,2025-05-25,False
REC005712,ENU0236,Gujarat,51,Female,Higher Secondary,Carpenter,Employed,43,10441,1,2025-01-22,False
REC005713,ENU0001,Punjab,73,Female,Secondary,None,Not in Labour Force,3,0,2,2025-05-15,False
REC005714,ENU0071,Karnataka,5,Female,Illiterate,None,Not in Labour Force,1,0,4,2025-08-15,False
REC005715,ENU0119,Tamil Nadu,70,Male,Primary,None,Not in Labour Force,8,0,4,2025-02-13,False
REC005716,ENU0062,Karnataka,18,Female,Post Graduate,None,Not in Labour Force,0,0,3,2025-06-23,False
REC005717,ENU0198,Bihar,69,Female,Primary,None,Unemployed,0,0,3,2025-06-12,False
REC005718,ENU0079,Telangana,11,Male,Primary,None,Not in Labour Force,0,0,4,2025-02-09,False
REC005719,ENU0011,Uttar Pradesh,38,Female,Post Graduate,IT Professional,Employed,32,37813,7,2025-08-05,False
REC005720,ENU0047,Kerala,26,Female,Higher Secondary,Driver,Employed,51,13839,1,2025-09-02,False
REC005721,ENU0060,Assam,43,Female,Secondary,Street Vendor,Employed,42,4532,7,2025-10-13,False
REC005722,ENU0146,Uttar Pradesh,45,Female,Secondary,Street Vendor,Employed,48,8164,4,2025-04-25,False
REC005723,ENU0047,Odisha,5,Female,Illiterate,None,Not in Labour Force,0,0,5,2025-12-19,False
REC005724,ENU0136,Maharashtra,26,Male,Illiterate,Street Vendor,Employed,37,5329,4,2025-09-21,False
REC005725,ENU0088,Odisha,23,Female,Secondary,None,Not in Labour Force,0,0,8,2025-04-21,False
REC005726,ENU0199,Tamil Nadu,25,Female,Primary,None,Unemployed,0,0,4,2025-07-28,False
REC005727,ENU0058,Punjab,39,Male,Graduate,Sales Executive,Employed,51,31174,3,2025-12-19,False
REC005728,ENU0100,Punjab,29,Male,Higher Secondary,None,Not in Labour Force,0,0,2,2025-10-15,False
REC005729,ENU0037,Gujarat,28,Female,Primary,None,Not in Labour Force,0,0,2,2025-11-18,False
REC005730,ENU0020,Odisha,38,Male,Primary,Agricultural Labourer,Employed,44,5046,4,2025-10-07,False
REC005731,ENU0211,Bihar,43,Male,Higher Secondary,Carpenter,Employed,50,5012,5,2025-04-22,False
REC005732,ENU0235,Bihar,47,Female,Higher Secondary,Driver,Employed,27,2468,2,2025-02-26,False
REC005733,ENU0205,Uttar Pradesh,39,Male,Secondary,Street Vendor,Employed,38,6737,5,2025-03-07,False
REC005734,ENU0061,Tamil Nadu,31,Male,Graduate,Bank Employee,Employed,28,19263,2,2025-08-20,False
REC005735,ENU0070,Madhya Pradesh,64,Male,Secondary,None,Not in Labour Force,0,0,1,2025-08-28,False
REC005736,ENU0141,Assam,28,Male,Graduate,None,Not in Labour Force,0,0,5,2025-08-17,False
REC005737,ENU0237,Karnataka,33,Female,Primary,Factory Worker,Employed,47,10096,2,2025-11-10,False
REC005738,ENU0057,Bihar,48,Male,Illiterate,Agricultural Labourer,Employed,59,2760,5,2025-08-28,False
REC005739,ENU0241,Kerala,33,Male,Illiterate,Construction Worker,Employed,38,6550,2,2025-11-06,False
REC005740,ENU0054,Assam,42,Male,Secondary,Driver,Employed,43,10746,5,2025-08-13,False
REC005741,ENU0145,Maharashtra,38,Male,Secondary,Factory Worker,Employed,37,8775,4,2025-03-26,False
REC005742,ENU0140,Gujarat,5,Male,Illiterate,None,Not in Labour Force,0,0,7,2025-09-16,False
REC005743,ENU0190,Madhya Pradesh,50,Male,Illiterate,Agricultural Labourer,Employed,42,4206,8,2025-12-06,False
REC005744,ENU0236,Punjab,41,Female,Graduate,Sales Executive,Employed,46,30142,9,2025-05-28,False
REC005745,ENU0007,Odisha,-1,Male,Illiterate,None,Unemployed,0,0,1,2025-12-17,True
REC005746,ENU0178,Rajasthan,20,Male,Primary,Domestic Help,Employed,39,4483,1,2025-06-05,False
REC005747,ENU0202,Rajasthan,9,Male,Primary,None,Not in Labour Force,0,0,7,2025-04-28,False
REC005748,ENU0181,Punjab,34,Female,Graduate,Bank Employee,Employed,29,30921,5,2025-11-11,False
REC005749,ENU0208,West Bengal,19,Male,Secondary,None,Not in Labour Force,0,0,7,2025-10-04,False
REC005750,ENU0113,Karnataka,30,Male,Secondary,None,Unemployed,0,0,5,2025-08-17,False
REC005751,ENU0087,Assam,14,Male,Primary,None,Not in Labour Force,0,0,1,2025-01-21,False
REC005752,ENU0081,Maharashtra,14,Male,Primary,None,Not in Labour Force,0,0,6,2025-08-10,False
REC005753,ENU0135,Odisha,31,Female,Primary,Construction Worker,Employed,41,7938,2,2025-07-06,False
REC005754,ENU0154,Maharashtra,52,Male,Secondary,Factory Worker,Employed,48,9061,3,2025-03-28,False
REC005755,ENU0170,Andhra Pradesh,38,Female,Primary,None,Not in Labour Force,0,0,4,2025-03-14,False
REC005756,ENU0059,Bihar,38,Male,Graduate,None,Not in Labour Force,1,0,2,2025-01-14,False
REC005757,ENU0173,Karnataka,23,Male,Secondary,None,Not in Labour Force,6,0,6,2025-06-13,False
REC005758,ENU0040,Uttar Pradesh,11,Male,Primary,None,Not in Labour Force,1,0,5,2025-01-07,False
REC005759,ENU0098,Andhra Pradesh,17,Male,Primary,None,Unemployed,0,0,9,2025-12-11,False
REC005760,ENU0111,Bihar,40,Female,Secondary,Street Vendor,Unemployed,0,0,2,2025-01-19,False
REC005761,ENU0082,Odisha,18,Male,Higher Secondary,None,Not in Labour Force,0,0,4,2025-08-23,False
REC005762,ENU0110,Karnataka,23,Female,Post Graduate,None,Not in Labour Force,0,0,3,2025-05-14,False
REC005763,ENU0187,West Bengal,11,Male,Primary,None,Not in Labour Force,0,0,7,2025-09-25,False
REC005764,ENU0106,Assam,34,Male,Primary,Domestic Help,Employed,66,12509,4,2025-01-15,False
REC005765,ENU0047,Maharashtra,32,Female,Secondary,None,Unemployed,0,0,3,2025-03-21,False
REC005766,ENU0174,Madhya Pradesh,41,Female,Post Graduate,Teacher,Employed,60,44723,2,2025-07-28,False
REC005767,ENU0170,Maharashtra,8,Female,Primary,None,Not in Labour Force,0,0,5,2025-04-19,False
REC005768,ENU0012,West Bengal,32,Male,Graduate,None,Unemployed,0,0,3,2025-06-18,False
REC005769,ENU0018,Karnataka,30,Female,Secondary,None,Not in Labour Force,5,0,3,2025-11-01,False
REC005770,ENU0247,Maharashtra,59,Male,Post Graduate,Doctor,Employed,63,52868,5,2025-07-20,False
REC005771,ENU0205,Karnataka,31,Female,Post Graduate,None,Unemployed,0,0,8,2025-06-11,False
REC005772,ENU0135,Bihar,35,Male,Illiterate,None,Unemployed,0,0,4,2025-12-30,False
REC005773,ENU0178,Telangana,47,Male,Secondary,None,Not in Labour Force,9,0,7,2025-07-25,False
REC005774,ENU0207,Karnataka,45,Male,Secondary,Carpenter,Employed,26,7554,4,2025-04-26,False
REC005775,ENU0018,Bihar,36,Male,Secondary,Factory Worker,Employed,57,5564,3,2025-06-29,False
REC005776,ENU0221,Punjab,31,Male,Graduate,Teacher,Employed,52,30551,5,2025-12-15,False
REC005777,ENU0175,Tamil Nadu,43,Male,Secondary,Shop Assistant,Employed,29,7254,5,2025-02-27,False
REC005778,ENU0089,Assam,61,Male,Higher Secondary,Clerk,Employed,60,24635,7,2025-06-09,False
REC005779,ENU0243,Odisha,16,Male,Secondary,Shop Assistant,Employed,24,8531,1,2025-08-10,False
REC005780,ENU0148,Telangana,14,Female,Primary,None,Not in Labour Force,0,0,8,2025-12-05,False
REC005781,ENU0215,Punjab,33,Female,Secondary,Street Vendor,Employed,36,7967,5,2025-07-08,False
REC005782,ENU0190,Karnataka,39,Female,Higher Secondary,None,Not in Labour Force,0,0,5,2025-12-05,False
REC005783,ENU0177,Telangana,45,Female,Primary,Agricultural Labourer,Employed,32,1512,7,2025-04-05,False
REC005784,ENU0084,Assam,45,Female,Primary,Agricultural Labourer,Employed,51,8519,1,2025-04-06,False
REC005785,ENU0139,Maharashtra,11,Male,Primary,None,Not in Labour Force,7,0,1,2025-02-17,False
REC005786,ENU0158,West Bengal,31,Male,Post Graduate,Teacher,Employed,46,27174,1,2025-03-24,False
REC005787,ENU0162,Madhya Pradesh,39,Male,Higher Secondary,Technician,Employed,64,26737,3,2025-01-11,False
REC005788,ENU0010,Rajasthan,44,Female,Secondary,Driver,Employed,45,12210,1,2025-08-08,False
REC005789,ENU0124,Odisha,40,Male,Primary,Domestic Help,Employed,27,3471,4,2025-01-18,False
REC005790,ENU0116,Rajasthan,42,Male,Primary,Street Vendor,Employed,32,6697,6,2025-11-09,False
REC005791,ENU0117,Maharashtra,38,Female,Post Graduate,None,Not in Labour Force,5,0,5,2025-09-05,False
REC005792,ENU0016,Maharashtra,12,Male,Primary,None,Not in Labour Force,0,0,5,2025-08-23,False
REC005793,ENU0206,Madhya Pradesh,10,Female,Primary,None,Not in Labour Force,8,0,4,2025-04-12,False
REC005794,ENU0237,Tamil Nadu,47,Female,Primary,Agricultural Labourer,Employed,70,10412,2,2025-11-16,False
REC005795,ENU0106,Maharashtra,68,Male,Post Graduate,None,Not in Labour Force,0,0,5,2025-04-02,False
REC005796,ENU0040,West Bengal,5,Female,Illiterate,None,Not in Labour Force,0,0,9,2025-05-21,False
REC005797,ENU0081,Kerala,5,Female,Illiterate,None,Not in Labour Force,0,0,8,2025-08-17,False
REC005798,ENU0177,Rajasthan,73,Male,Primary,None,Not in Labour Force,6,0,1,2025-02-24,False
REC005799,ENU0189,Odisha,51,Female,Graduate,Bank Employee,Employed,43,39201,3,2025-05-08,False
REC005800,ENU0132,Andhra Pradesh,43,Male,Primary,Street Vendor,Employed,27,4934,5,2025-09-28,False
REC005801,ENU0192,Assam,33,Female,Secondary,Shop Assistant,Employed,55,13029,2,2025-07-12,False
REC005802,ENU0112,Karnataka,31,Female,Illiterate,Agricultural Labourer,Employed,47,7897,7,2025-09-22,False
REC005803,ENU0146,Kerala,37,Female,Higher Secondary,None,Not in Labour Force,0,0,1,2025-05-18,False
REC005804,ENU0048,Bihar,5,Female,Illiterate,None,Not in Labour Force,0,0,9,2025-08-29,False
REC005805,ENU0104,Maharashtra,60,Female,Post Graduate,Government Officer,Employed,68,43267,9,2025-07-31,False
REC005806,ENU0151,Maharashtra,47,Female,Secondary,Carpenter,Employed,25,8500,3,2025-03-30,False
REC005807,ENU0018,Punjab,47,Male,Higher Secondary,Clerk,Employed,42,16323,6,2025-04-10,False
REC005808,ENU0017,Rajasthan,13,Male,Primary,None,Not in Labour Force,4,0,5,2025-11-23,False
REC005809,ENU0099,Maharashtra,37,Male,Secondary,Driver,Employed,45,16433,9,2025-03-24,False
REC005810,ENU0058,Andhra Pradesh,38,Female,Secondary,Shop Assistant,Employed,10,1711,1,2025-09-05,False
REC005811,ENU0178,Odisha,62,Female,Primary,None,Not in Labour Force,0,0,5,2025-02-05,False
REC005812,ENU0135,West Bengal,19,Female,Secondary,None,Not in Labour Force,0,0,2,2025-12-12,False
REC005813,ENU0072,Uttar Pradesh,61,Male,Secondary,None,Not in Labour Force,0,0,7,2025-08-29,False
REC005814,ENU0067,Maharashtra,50,Male,Secondary,None,Not in Labour Force,0,0,3,2025-11-20,False
REC005815,ENU0225,Gujarat,67,Male,Secondary,None,Not in Labour Force,0,0,5,2025-11-17,False
REC005816,ENU0215,Gujarat,43,Male,Secondary,Carpenter,Employed,38,13403,3,2025-05-19,False
REC005817,ENU0050,Tamil Nadu,37,Female,Secondary,Driver,Employed,65,18008,7,2025-12-10,False
REC005818,ENU0086,Madhya Pradesh,39,Female,Higher Secondary,Technician,Employed,24,7852,5,2025-03-12,False
REC005819,ENU0170,Assam,9,Female,Primary,None,Not in Labour Force,0,0,5,2025-03-02,False
REC005820,ENU0163,Telangana,40,Female,Secondary,Factory Worker,Employed,65,19560,4,2025-09-27,False
REC005821,ENU0135,Odisha,62,Female,Graduate,None,Not in Labour Force,0,0,4,2025-06-17,False
REC005822,ENU0067,Uttar Pradesh,28,Male,Higher Secondary,None,Unemployed,0,0,1,2025-07-11,False
REC005823,ENU0079,Andhra Pradesh,24,Male,Primary,Factory Worker,Employed,22,5890,5,2025-09-03,False
REC005824,ENU0051,Uttar Pradesh,21,Male,Primary,None,Unemployed,0,0,4,2025-12-17,False
REC005825,ENU0141,Assam,31,Male,Secondary,Carpenter,Employed,65,25828,4,2025-12-07,False
REC005826,ENU0055,Odisha,62,Female,Secondary,None,Not in Labour Force,0,0,7,2025-09-11,False
REC005827,ENU0233,Andhra Pradesh,57,Male,Post Graduate,Doctor,Employed,62,121196,7,2025-03-09,False
REC005828,ENU0240,Kerala,26,Female,Secondary,Carpenter,Employed,54,12281,7,2025-08-10,False
REC005829,ENU0027,Andhra Pradesh,71,Male,Higher Secondary,None,Not in Labour Force,0,0,4,2025-11-19,False
REC005830,ENU0226,Kerala,22,Male,Primary,None,Unemployed,0,0,6,2025-06-26,False
REC005831,ENU0181,Assam,37,Male,Graduate,Sales Executive,Employed,67,36546,2,2025-09-26,False
REC005832,ENU0003,Punjab,36,Other,Graduate,None,Not in Labour Force,4,0,5,2025-11-10,False
REC005833,ENU0028,Gujarat,16,Female,Primary,None,Unemployed,0,0,4,2025-08-06,False
REC005834,ENU0108,Maharashtra,28,Male,Graduate,None,Not in Labour Force,0,0,9,2025-05-15,False
REC005835,ENU0144,Kerala,36,Female,Post Graduate,None,Not in Labour Force,6,0,3,2025-12-04,False
REC005836,ENU0001,Telangana,73,Male,Primary,None,Not in Labour Force,0,0,5,2025-01-12,False
REC005837,ENU0091,Gujarat,44,Male,Secondary,Driver,Employed,32,2490,4,2025-04-01,False
REC005838,ENU0148,Gujarat,59,Female,Post Graduate,None,Not in Labour Force,0,0,3,2025-04-13,False
REC005839,ENU0114,Telangana,35,Male,Higher Secondary,None,Not in Labour Force,0,0,5,2025-07-23,False
REC005840,ENU0214,Andhra Pradesh,45,Female,Secondary,Shop Assistant,Employed,42,8224,4,2025-01-05,False
REC005841,ENU0039,Madhya Pradesh,47,Male,Secondary,None,Unemployed,0,0,5,2025-10-22,False
REC005842,ENU0079,West Bengal,24,Male,Illiterate,None,Unemployed,0,0,7,2025-07-11,False
REC005843,ENU0144,Maharashtra,29,Male,Higher Secondary,Driver,Employed,52,16813,3,2025-11-22,False
REC005844,ENU0195,Rajasthan,38,Female,Secondary,Carpenter,Employed,46,15535,5,2025-03-21,False
REC005845,ENU0201,Maharashtra,35,Female,Post Graduate,None,Not in Labour Force,0,0,7,2025-11-09,False
REC005846,ENU0018,Madhya Pradesh,37,Male,Illiterate,Domestic Help,Employed,33,3046,3,2025-02-28,False
REC005847,ENU0079,West Bengal,25,Male,Secondary,Street Vendor,Employed,41,5687,9,2025-07-12,False
REC005848,ENU0061,Punjab,45,Male,Primary,Agricultural Labourer,Employed,42,6693,7,2025-09-02,False
REC005849,ENU0049,Karnataka,40,Female,Secondary,Factory Worker,Employed,56,14564,8,2025-10-04,False
REC005850,ENU0025,Bihar,44,Female,Higher Secondary,Shop Assistant,Unemployed,0,0,6,2025-03-03,False
REC005851,ENU0043,Telangana,78,Male,Primary,None,Not in Labour Force,0,0,5,2025-08-11,False
REC005852,ENU0085,Madhya Pradesh,37,Male,Graduate,Bank Employee,Employed,24,13278,2,2025-03-29,False
REC005853,ENU0218,Gujarat,24,Male,Higher Secondary,Shop Assistant,Employed,45,11449,4,2025-09-24,False
REC005854,ENU0182,Andhra Pradesh,73,Female,Higher Secondary,None,Not in Labour Force,0,0,3,2025-09-07,False
REC005855,ENU0128,Maharashtra,60,Male,Secondary,Shop Assistant,Employed,59,12908,8,2025-01-23,False
REC005856,ENU0148,Gujarat,15,Female,Secondary,None,Not in Labour Force,0,0,3,2025-06-20,False
REC005857,ENU0245,Odisha,11,Male,Primary,None,Not in Labour Force,0,0,3,2025-03-09,False
REC005858,ENU0083,Tamil Nadu,31,Male,Primary,Factory Worker,Employed,44,10869,7,2025-12-17,False
REC005859,ENU0220,Tamil Nadu,27,Male,Primary,None,Not in Labour Force,0,0,2,2025-11-10,False
REC005860,ENU0159,Tamil Nadu,31,Male,Illiterate,Street Vendor,Employed,61,14984,5,2025-01-03,False
REC005861,ENU0133,Rajasthan,65,Female,Secondary,None,Not in Labour Force,0,0,2,2025-09-18,False
REC005862,ENU0222,Bihar,28,Female,Secondary,None,Unemployed,0,0,4,2025-05-22,False
REC005863,ENU0121,Bihar,18,Male,Graduate,None,Unemployed,0,0,5,2025-07-22,False
REC005864,ENU0222,Maharashtra,35,Male,Illiterate,None,Not in Labour Force,0,0,5,2025-05-13,False
REC005865,ENU0123,Madhya Pradesh,16,Male,Post Graduate,Teacher,Employed,50,32676,5,2025-09-06,False
REC005866,ENU0068,Punjab,39,Male,Graduate,Teacher,Employed,20,12844,4,2025-06-10,False
REC005867,ENU0228,Maharashtra,30,Male,Secondary,Carpenter,Employed,59,19317,3,2025-09-17,False
REC005868,ENU0177,Bihar,40,Male,Higher Secondary,Driver,Unemployed,0,0,11,2025-08-09,False
REC005869,ENU0166,Maharashtra,61,Male,Graduate,None,Not in Labour Force,0,0,4,2025-03-20,False
REC005870,ENU0056,Bihar,39,Female,Graduate,Clerk,Employed,36,6217,4,2025-07-30,False
REC005871,ENU0232,West Bengal,32,Male,Secondary,Factory Worker,Employed,26,5101,7,2025-12-17,False
REC005872,ENU0065,Assam,37,Female,Secondary,Factory Worker,Employed,7,1559,6,2025-09-15,False
REC005873,ENU0111,Gujarat,53,Male,Higher Secondary,Carpenter,Employed,41,11395,2,2025-04-06,False
REC005874,ENU0008,Tamil Nadu,54,Female,Primary,None,Not in Labour Force,0,0,2,2025-09-10,False
REC005875,ENU0040,Punjab,72,Female,Graduate,None,Not in Labour Force,0,0,3,2025-04-07,False
REC005876,ENU0190,Odisha,20,Female,Graduate,None,Not in Labour Force,4,0,2,2025-02-08,False
REC005877,ENU0176,Uttar Pradesh,79,Female,Secondary,None,Not in Labour Force,0,0,4,2025-05-05,False
REC005878,ENU0173,Telangana,14,Male,Primary,None,Not in Labour Force,0,0,6,2025-02-04,False
REC005879,ENU0118,Rajasthan,10,Male,Primary,None,Not in Labour Force,0,0,4,2025-08-20,False
REC005880,ENU0194,Uttar Pradesh,23,Female,Illiterate,Street Vendor,Employed,51,9737,1,2025-08-04,False
REC005881,ENU0154,Telangana,39,Female,Secondary,Factory Worker,Employed,41,9387,2,2025-08-25,False
REC005882,ENU0065,Maharashtra,11,Female,Primary,None,Not in Labour Force,1,0,6,2025-09-04,False
REC005883,ENU0138,Kerala,35,Female,Primary,Street Vendor,Employed,48,8581,4,2025-04-01,False
REC005884,ENU0229,Gujarat,70,Male,Post Graduate,None,Not in Labour Force,2,0,4,2025-12-23,False
REC005885,ENU0030,Rajasthan,41,Male,Graduate,Sales Executive,Employed,49,23450,5,2025-11-22,False
REC005886,ENU0115,Karnataka,12,Female,Primary,None,Not in Labour Force,0,0,6,2025-08-11,False
REC005887,ENU0014,Uttar Pradesh,74,Male,Graduate,None,Not in Labour Force,0,0,8,2025-05-21,False
REC005888,ENU0149,Gujarat,70,Male,Graduate,None,Not in Labour Force,2,0,5,2025-11-11,False
REC005889,ENU0043,Bihar,42,Male,Higher Secondary,Driver,Employed,38,5455,3,2025-11-13,False
REC005890,ENU0125,Bihar,39,Female,Primary,Factory Worker,Unemployed,0,0,2,2025-06-01,False
REC005891,ENU0181,Kerala,16,Female,Primary,Construction Worker,Employed,49,6645,4,2025-10-04,False
REC005892,ENU0018,West Bengal,46,Male,Secondary,None,Not in Labour Force,0,0,3,2025-01-23,False
REC005893,ENU0095,Tamil Nadu,75,Female,Post Graduate,None,Not in Labour Force,0,0,2,2025-07-06,False
REC005894,ENU0232,Maharashtra,23,Male,Illiterate,Construction Worker,Employed,51,8884,5,2025-07-31,False
REC005895,ENU0221,Rajasthan,35,Female,Secondary,None,Unemployed,0,0,7,2025-02-08,False
REC005896,ENU0120,Rajasthan,66,Male,Primary,None,Not in Labour Force,2,0,4,2025-10-16,False
REC005897,ENU0192,Bihar,42,Male,Graduate,Bank Employee,Unemployed,0,0,10,2025-05-20,False
REC005898,ENU0120,Gujarat,36,Female,Illiterate,Domestic Help,Employed,51,7526,3,2025-05-23,False
REC005899,ENU0057,Kerala,45,Male,Post Graduate,Bank Employee,Employed,48,46071,2,2025-09-03,False
REC005900,ENU0151,Tamil Nadu,16,Male,Secondary,Shop Assistant,Employed,46,8272,6,2025-03-02,False
REC005901,ENU0165,Kerala,84,Male,Secondary,None,Not in Labour Force,0,0,8,2025-02-21,False
REC005902,ENU0128,Andhra Pradesh,50,Female,Higher Secondary,Shop Assistant,Employed,30,6195,6,2025-05-27,False
REC005903,ENU0206,Rajasthan,7,Male,Primary,None,Not in Labour Force,0,0,5,2025-06-30,False
REC005904,ENU0168,Karnataka,34,Female,Graduate,IT Professional,Employed,47,66775,4,2025-11-11,False
REC005905,ENU0087,Uttar Pradesh,26,Male,Primary,None,Not in Labour Force,0,0,5,2025-08-30,False
REC005906,ENU0231,Telangana,8,Male,Primary,None,Not in Labour Force,0,0,3,2025-11-30,False
REC005907,ENU0114,Maharashtra,37,Female,Primary,Agricultural Labourer,Employed,40,5881,3,2025-07-11,False
REC005908,ENU0227,Telangana,73,Female,Illiterate,None,Not in Labour Force,0,0,3,2025-02-24,False
REC005909,ENU0054,Rajasthan,17,Male,Secondary,None,Not in Labour Force,3,0,5,2025-08-03,False
REC005910,ENU0242,Gujarat,36,Male,Post Graduate,Teacher,Employed,50,27418,5,2025-03-13,False
REC005911,ENU0062,Kerala,30,Female,Primary,Factory Worker,Employed,67,13410,7,2025-10-21,False
REC005912,ENU0217,Assam,16,Female,Primary,None,Not in Labour Force,0,0,7,2025-01-09,False
REC005913,ENU0135,Tamil Nadu,59,Female,Post Graduate,None,Not in Labour Force,0,0,7,2025-10-07,False
REC005914,ENU0074,Odisha,33,Female,Secondary,Driver,Employed,27,5474,2,2025-02-08,False
REC005915,ENU0193,Tamil Nadu,16,Male,Post Graduate,Engineer,Employed,51,67433,7,2025-11-28,False
REC005916,ENU0102,Tamil Nadu,49,Male,Illiterate,Agricultural Labourer,Employed,49,8667,2,2025-07-22,False
REC005917,ENU0248,Tamil Nadu,29,Female,Higher Secondary,None,Unemployed,0,0,4,2025-12-07,False
REC005918,ENU0211,Assam,25,Male,Primary,None,Unemployed,0,0,6,2025-07-28,False
REC005919,ENU0141,Telangana,21,Male,Secondary,None,Not in Labour Force,0,0,4,2025-07-15,False
REC005920,ENU0069,Uttar Pradesh,33,Female,Primary,Agricultural Labourer,Employed,39,5203,3,2025-05-21,False
REC005921,ENU0128,Uttar Pradesh,36,Male,Primary,Domestic Help,Employed,65,7470,4,2025-05-24,False
REC005922,ENU0098,Uttar Pradesh,62,Female,Secondary,None,Not in Labour Force,7,0,1,2025-09-09,False
REC005923,ENU0091,Kerala,67,Female,Post Graduate,None,Not in Labour Force,0,0,1,2025-02-10,False
REC005924,ENU0005,Tamil Nadu,30,Female,Graduate,Bank Employee,Employed,69,53755,4,2025-11-14,False
REC005925,ENU0081,Maharashtra,44,Female,Primary,Street Vendor,Employed,50,8698,3,2025-05-14,False
REC005926,ENU0108,West Bengal,69,Female,Primary,None,Not in Labour Force,0,0,10,2025-04-02,False
REC005927,ENU0162,Gujarat,70,Male,Post Graduate,None,Not in Labour Force,3,0,2,2025-01-22,False
REC005928,ENU0239,Kerala,23,Male,Higher Secondary,Shop Assistant,Employed,32,7912,5,2025-05-11,False
REC005929,ENU0066,Karnataka,38,Female,Higher Secondary,Driver,Employed,28,8340,3,2025-08-25,False
REC005930,ENU0222,Gujarat,29,Female,Primary,None,Unemployed,0,0,2,2025-03-12,False
REC005931,ENU0193,Assam,37,Male,Higher Secondary,Carpenter,Employed,38,13516,2,2025-03-19,False
REC005932,ENU0005,Madhya Pradesh,38,Other,Primary,None,Not in Labour Force,0,0,5,2025-09-26,False
REC005933,ENU0001,Tamil Nadu,49,Female,Higher Secondary,Driver,Employed,39,13306,12,2025-05-22,False
REC005934,ENU0103,West Bengal,22,Female,Higher Secondary,Driver,Employed,49,11156,7,2025-06-06,False
REC005935,ENU0215,Gujarat,57,Male,Primary,Construction Worker,Employed,58,14813,7,2025-04-12,False
REC005936,ENU0129,Odisha,16,Female,Secondary,Shop Assistant,Employed,62,13890,3,2025-12-31,False
REC005937,ENU0088,Karnataka,25,Male,Post Graduate,None,Not in Labour Force,0,0,4,2025-04-27,False
REC005938,ENU0087,Assam,38,Female,Secondary,None,Not in Labour Force,0,0,5,2025-11-15,False
REC005939,ENU0053,Karnataka,70,Male,Secondary,None,Not in Labour Force,7,0,5,2025-02-08,False
REC005940,ENU0080,Karnataka,16,Female,Post Graduate,None,Not in Labour Force,0,0,5,2025-10-09,False
REC005941,ENU0133,Rajasthan,61,Male,Primary,None,Not in Labour Force,0,0,6,2025-10-08,False
REC005942,ENU0220,Bihar,24,Male,Higher Secondary,Carpenter,Unemployed,0,0,5,2025-05-03,False
REC005943,ENU0220,Karnataka,33,Male,Illiterate,Domestic Help,Employed,50,5873,4,2025-08-19,False
REC005944,ENU0054,Gujarat,8,Female,Primary,None,Not in Labour Force,0,0,2,2025-01-20,False
REC005945,ENU0194,Andhra Pradesh,57,Male,Graduate,Bank Employee,Employed,26,20016,4,2025-03-27,False
REC005946,ENU0027,Assam,34,Male,Secondary,None,Not in Labour Force,0,0,4,2025-12-17,False
REC005947,ENU0157,Maharashtra,43,Female,Primary,None,Not in Labour Force,3,0,4,2025-03-14,False
REC005948,ENU0020,Assam,31,Male,Higher Secondary,Clerk,Employed,43,13412,1,2025-06-14,False
REC005949,ENU0228,Odisha,5,Female,Illiterate,None,Not in Labour Force,0,0,7,2025-07-08,False
REC005950,ENU0126,Andhra Pradesh,41,Male,Secondary,Factory Worker,Employed,49,12870,1,2025-05-06,False
REC005951,ENU0031,Uttar Pradesh,17,Male,Secondary,Factory Worker,Employed,6,1234,6,2025-06-20,False
REC005952,ENU0022,Kerala,52,Male,Illiterate,Agricultural Labourer,Employed,49,7732,5,2025-12-27,False
REC005953,ENU0063,West Bengal,68,Female,Primary,None,Not in Labour Force,0,0,5,2025-04-16,False
REC005954,ENU0025,Karnataka,19,Male,Primary,Factory Worker,Employed,44,10072,3,2025-06-10,False
REC005955,ENU0248,Telangana,33,Female,Higher Secondary,Clerk,Employed,48,19246,3,2025-05-19,False
REC005956,ENU0227,Madhya Pradesh,49,Female,Primary,Factory Worker,Employed,54,10013,7,2025-01-21,False
REC005957,ENU0015,Telangana,31,Female,Secondary,Shop Assistant,Employed,59,13037,2,2025-05-28,False
REC005958,ENU0104,Bihar,17,Male,Secondary,None,Not in Labour Force,0,0,4,2025-08-20,False
REC005959,ENU0037,West Bengal,29,Female,Graduate,None,Unemployed,0,0,5,2025-12-27,False
REC005960,ENU0123,Maharashtra,35,Female,Illiterate,Street Vendor,Employed,13,2719,3,2025-01-03,False
REC005961,ENU0006,Andhra Pradesh,34,Male,Secondary,Shop Assistant,Employed,67,12681,2,2025-06-20,False
REC005962,ENU0224,Tamil Nadu,8,Male,Primary,Government Officer,Employed,36,6168,6,2025-05-16,True
REC005963,ENU0190,Madhya Pradesh,10,Female,Primary,None,Not in Labour Force,0,0,6,2025-07-18,False
REC005964,ENU0218,Madhya Pradesh,55,Female,Secondary,None,Not in Labour Force,1,0,5,2025-02-22,False
REC005965,ENU0239,Bihar,47,Female,Graduate,Teacher,Unemployed,0,0,1,2025-11-10,False
REC005966,ENU0134,Gujarat,29,Male,Graduate,Clerk,Employed,11,4012,2,2025-04-27,False
REC005967,ENU0136,West Bengal,40,Female,Primary,Domestic Help,Employed,23,2936,8,2025-11-27,False
REC005968,ENU0162,Andhra Pradesh,24,Male,Secondary,None,Unemployed,0,0,4,2025-10-19,False
REC005969,ENU0147,Andhra Pradesh,16,Male,Graduate,None,Not in Labour Force,0,0,3,2025-05-24,False
REC005970,ENU0174,Andhra Pradesh,22,Female,Post Graduate,Teacher,Employed,71,20893,6,2025-09-23,False
REC005971,ENU0055,Karnataka,74,Male,Higher Secondary,None,Not in Labour Force,9,0,6,2025-11-04,False
REC005972,ENU0017,Uttar Pradesh,37,Female,Higher Secondary,Clerk,Employed,52,25978,7,2025-11-25,False
REC005973,ENU0195,Andhra Pradesh,87,Female,Illiterate,None,Not in Labour Force,0,0,4,2025-06-13,False
REC005974,ENU0121,Telangana,78,Female,Primary,None,Not in Labour Force,0,0,4,2025-12-31,False
REC005975,ENU0034,Punjab,38,Male,Graduate,Sales Executive,Employed,36,17115,5,2025-10-16,False
REC005976,ENU0085,Bihar,38,Other,Primary,Factory Worker,Employed,32,3346,3,2025-03-20,False
REC005977,ENU0038,Assam,10,Female,Primary,None,Not in Labour Force,0,0,3,2025-02-01,False
REC005978,ENU0237,Maharashtra,64,Male,Graduate,None,Not in Labour Force,0,0,2,2025-08-11,False
REC005979,ENU0016,West Bengal,68,Male,Graduate,None,Not in Labour Force,0,0,3,2025-11-29,False
REC005980,ENU0031,Assam,37,Male,Secondary,Street Vendor,Employed,52,9135,3,2025-01-28,False
REC005981,ENU0059,Maharashtra,37,Female,Secondary,None,Not in Labour Force,0,0,5,2025-06-07,False
REC005982,ENU0166,Rajasthan,69,Female,Higher Secondary,None,Not in Labour Force,0,0,2,2025-09-14,False
REC005983,ENU0080,West Bengal,51,Male,Graduate,None,Not in Labour Force,0,0,1,2025-02-02,False
REC005984,ENU0233,Odisha,18,Female,Post Graduate,None,Not in Labour Force,0,0,3,2025-11-17,False
REC005985,ENU0238,Punjab,46,Male,Secondary,Street Vendor,Employed,45,8020,3,2025-01-15,False
REC005986,ENU0190,Gujarat,27,Female,Graduate,Clerk,Employed,44,19709,5,2025-01-27,False
REC005987,ENU0166,Telangana,41,Female,Secondary,None,Unemployed,0,0,2,2025-07-06,False
REC005988,ENU0175,Maharashtra,51,Male,Post Graduate,None,Not in Labour Force,0,0,4,2025-06-12,False
REC005989,ENU0025,Uttar Pradesh,40,Female,Primary,None,Not in Labour Force,0,0,7,2025-01-01,False
REC005990,ENU0031,Karnataka,56,Male,Graduate,IT Professional,Employed,38,53236,1,2025-10-13,False
REC005991,ENU0027,Uttar Pradesh,44,Male,Post Graduate,None,Unemployed,0,0,4,2025-01-05,False
REC005992,ENU0213,Uttar Pradesh,12,Male,Primary,None,Not in Labour Force,0,0,3,2025-10-23,False
REC005993,ENU0086,Madhya Pradesh,28,Female,Higher Secondary,None,Not in Labour Force,7,0,3,2025-07-02,False
REC005994,ENU0045,Bihar,75,Female,Higher Secondary,None,Unemployed,0,0,3,2025-05-29,False
REC005995,ENU0155,Madhya Pradesh,31,Male,Primary,Agricultural Labourer,Employed,46,6614,8,2025-10-12,False
REC005996,ENU0006,Rajasthan,64,Female,Higher Secondary,Technician,Employed,46,15486,4,2025-03-22,False
REC005997,ENU0072,Bihar,27,Female,Higher Secondary,Clerk,Unemployed,0,0,9,2025-05-31,False
REC005998,ENU0126,Kerala,23,Male,Graduate,Teacher,Employed,47,26714,9,2025-03-12,False
REC005999,ENU0023,Karnataka,71,Male,Primary,None,Not in Labour Force,0,0,4,2025-10-06,False
REC006000,ENU0141,Rajasthan,50,Male,Secondary,Shop Assistant,Employed,28,5943,4,2025-03-24,False
REC006001,ENU0017,Rajasthan,11,Male,Primary,None,Not in Labour Force,0,0,6,2025-10-01,False
REC006002,ENU0175,Odisha,43,Male,Post Graduate,IT Professional,Employed,57,66839,4,2025-05-04,False
REC006003,ENU0016,Assam,48,Female,Illiterate,None,Not in Labour Force,8,0,5,2025-06-15,False
REC006004,ENU0051,Andhra Pradesh,58,Male,Primary,None,Not in Labour Force,0,0,3,2025-02-26,False
REC006005,ENU0088,Assam,42,Female,Secondary,Driver,Employed,39,10282,6,2025-01-27,False
REC006006,ENU0063,Assam,47,Female,Primary,Domestic Help,Employed,64,9338,6,2025-07-09,False
REC006007,ENU0210,Madhya Pradesh,27,Male,Primary,None,Unemployed,0,0,2,2025-04-29,False
REC006008,ENU0007,Punjab,14,Male,Primary,None,Not in Labour Force,0,0,0,2025-04-04,True
REC006009,ENU0141,Telangana,33,Male,Higher Secondary,None,Unemployed,0,0,3,2025-05-11,False
REC006010,ENU0141,Odisha,35,Female,Primary,None,Unemployed,0,0,5,2025-07-21,False
REC006011,ENU0179,Gujarat,51,Female,Higher Secondary,None,Not in Labour Force,0,0,2,2025-08-12,False
REC006012,ENU0202,Gujarat,53,Female,Secondary,Street Vendor,Employed,43,8694,5,2025-10-13,False
REC006013,ENU0105,West Bengal,16,Female,Primary,None,Not in Labour Force,0,0,5,2025-01-15,False
REC006014,ENU0204,Bihar,75,Female,Graduate,None,Unemployed,0,0,5,2025-08-08,False
REC006015,ENU0196,Tamil Nadu,49,Female,Primary,Factory Worker,Employed,51,7486,3,2025-12-11,False
REC006016,ENU0007,Punjab,11,Male,Primary,None,Not in Labour Force,0,0,5,2025-11-19,False
REC006017,ENU0087,Maharashtra,17,Female,Post Graduate,None,Not in Labour Force,0,0,7,2025-05-07,False
REC006018,ENU0210,Uttar Pradesh,68,Male,Higher Secondary,None,Not in Labour Force,0,0,2,2025-02-07,False
REC006019,ENU0235,Gujarat,76,Female,Primary,None,Not in Labour Force,0,0,3,2025-04-04,False
REC006020,ENU0063,Odisha,55,Male,Graduate,Sales Executive,Employed,38,17016,3,2025-02-14,False
REC006021,ENU0100,Assam,31,Female,Secondary,Street Vendor,Employed,26,4314,4,2025-04-12,False
REC006022,ENU0160,Tamil Nadu,48,Female,Post Graduate,IT Professional,Employed,56,81737,1,2025-04-28,False
REC006023,ENU0085,Odisha,33,Female,Illiterate,Street Vendor,Employed,58,8288,4,2025-07-01,False
REC006024,ENU0042,Uttar Pradesh,18,Male,Post Graduate,None,Unemployed,0,0,2,2025-03-14,False
REC006025,ENU0159,Bihar,45,Female,Higher Secondary,Shop Assistant,Unemployed,0,0,4,2025-03-21,False
REC006026,ENU0084,Karnataka,37,Male,Illiterate,Street Vendor,Employed,29,6522,3,2025-03-14,False
REC006027,ENU0196,Madhya Pradesh,42,Female,Secondary,None,Not in Labour Force,0,0,2,2025-05-26,False
REC006028,ENU0131,Telangana,44,Female,Higher Secondary,None,Not in Labour Force,0,0,5,2025-03-25,False
REC006029,ENU0169,Maharashtra,41,Male,Secondary,Driver,Employed,41,10500,6,2025-09-24,False
REC006030,ENU0039,Assam,29,Male,Secondary,Shop Assistant,Employed,47,9961,6,2025-08-04,False
REC006031,ENU0164,Gujarat,19,Male,Secondary,None,Unemployed,0,0,7,2025-03-13,False
REC006032,ENU0089,West Bengal,49,Female,Primary,Domestic Help,Employed,47,6149,2,2025-04-10,False
REC006033,ENU0047,Kerala,16,Male,Higher Secondary,None,Unemployed,0,0,2,2025-04-30,False
REC006034,ENU0094,Madhya Pradesh,41,Male,Secondary,Factory Worker,Employed,52,14053,3,2025-05-25,False
REC006035,ENU0223,Telangana,26,Male,Primary,Construction Worker,Employed,57,13005,5,2025-10-16,False
REC006036,ENU0238,Maharashtra,36,Male,Primary,Agricultural Labourer,Employed,48,8476,1,2025-03-28,False
REC006037,ENU0018,Madhya Pradesh,84,Male,Higher Secondary,None,Not in Labour Force,0,0,3,2025-08-05,False
REC006038,ENU0003,Maharashtra,65,Female,Higher Secondary,None,Not in Labour Force,0,0,2,2025-10-08,False
REC006039,ENU0048,Uttar Pradesh,41,Female,Higher Secondary,Shop Assistant,Employed,34,5921,3,2025-01-14,False
REC006040,ENU0111,Telangana,7,Male,Primary,None,Not in Labour Force,0,0,2,2025-02-24,False
REC006041,ENU0078,Telangana,55,Female,Secondary,Shop Assistant,Employed,40,8326,3,2025-05-31,False
REC006042,ENU0166,Tamil Nadu,36,Male,Higher Secondary,Technician,Employed,22,5402,7,2025-12-17,False
REC006043,ENU0096,Madhya Pradesh,43,Male,Primary,Factory Worker,Employed,48,8297,2,2025-08-28,False
REC006044,ENU0157,Karnataka,31,Male,Primary,None,Not in Labour Force,0,0,7,2025-09-09,False
REC006045,ENU0152,Uttar Pradesh,16,Male,Secondary,Carpenter,Employed,53,10621,5,2025-10-15,False
REC006046,ENU0244,Uttar Pradesh,48,Female,Primary,Factory Worker,Employed,61,12369,3,2025-02-16,False
REC006047,ENU0037,Tamil Nadu,25,Male,Primary,None,Unemployed,0,0,1,2025-09-24,False
REC006048,ENU0248,Odisha,41,Male,Graduate,IT Professional,Employed,41,46336,5,2025-10-21,False
REC006049,ENU0206,West Bengal,71,Female,Graduate,None,Not in Labour Force,0,0,8,2025-02-17,False
REC006050,ENU0176,Gujarat,26,Male,Graduate,Bank Employee,Employed,55,45543,2,2025-11-26,False
REC006051,ENU0105,Rajasthan,61,Male,Graduate,None,Not in Labour Force,0,0,6,2025-03-18,False
REC006052,ENU0040,Andhra Pradesh,43,Male,Primary,Factory Worker,Employed,42,11607,3,2025-09-23,False
REC006053,ENU0075,Karnataka,38,Male,Primary,Street Vendor,Employed,57,6744,6,2025-12-04,False
REC006054,ENU0164,Tamil Nadu,38,Male,Higher Secondary,Technician,Employed,41,15293,2,2025-06-25,False
REC006055,ENU0049,Tamil Nadu,50,Female,Higher Secondary,None,Not in Labour Force,0,0,4,2025-02-15,False
REC006056,ENU0218,Kerala,38,Male,Secondary,None,Not in Labour Force,0,0,1,2025-05-29,False
REC006057,ENU0090,Kerala,51,Male,Higher Secondary,Carpenter,Employed,51,14631,4,2025-10-09,False
REC006058,ENU0049,Tamil Nadu,42,Male,Graduate,Clerk,Employed,33,16325,4,2025-11-08,False
REC006059,ENU0069,Odisha,30,Female,Illiterate,Construction Worker,Employed,34,8704,1,2025-11-25,False
REC006060,ENU0103,Tamil Nadu,45,Female,Secondary,None,Not in Labour Force,7,0,5,2025-11-26,False
REC006061,ENU0032,Rajasthan,7,Male,Primary,None,Not in Labour Force,0,0,4,2025-05-27,False
REC006062,ENU0173,Assam,42,Male,Secondary,Factory Worker,Employed,44,10520,4,2025-10-05,False
REC006063,ENU0170,Odisha,28,Male,Illiterate,Domestic Help,Employed,35,4183,4,2025-05-01,False
REC006064,ENU0094,Madhya Pradesh,41,Male,Higher Secondary,Shop Assistant,Employed,28,5533,7,2025-11-19,False
REC006065,ENU0199,Madhya Pradesh,47,Male,Higher Secondary,None,Not in Labour Force,0,0,5,2025-04-07,False
REC006066,ENU0075,Maharashtra,79,Female,Secondary,None,Not in Labour Force,0,0,3,2025-08-28,False
REC006067,ENU0204,Punjab,36,Male,Higher Secondary,Driver,Employed,57,12785,3,2025-06-14,False
REC006068,ENU0180,Madhya Pradesh,41,Male,Illiterate,Street Vendor,Employed,29,5231,4,2025-09-12,False
REC006069,ENU0034,Tamil Nadu,34,Male,Graduate,None,Unemployed,0,0,4,2025-09-11,False
REC006070,ENU0014,Maharashtra,51,Female,Secondary,Carpenter,Employed,60,16703,1,2025-07-08,False
REC006071,ENU0113,Rajasthan,28,Other,Secondary,None,Unemployed,0,0,4,2025-10-01,False
REC006072,ENU0008,Uttar Pradesh,74,Female,Secondary,None,Not in Labour Force,0,0,3,2025-05-26,False
REC006073,ENU0081,Andhra Pradesh,19,Female,Higher Secondary,None,Not in Labour Force,0,0,4,2025-01-30,False
REC006074,ENU0146,West Bengal,39,Male,Secondary,Carpenter,Employed,40,9089,2,2025-08-05,False
REC006075,ENU0224,Punjab,10,Female,Primary,None,Not in Labour Force,6,0,3,2025-02-11,False
REC006076,ENU0024,Karnataka,42,Female,Graduate,Sales Executive,Employed,29,17495,1,2025-06-17,False
REC006077,ENU0151,Odisha,12,Male,Primary,None,Not in Labour Force,0,0,2,2025-11-03,False
REC006078,ENU0217,Odisha,55,Male,Primary,Agricultural Labourer,Employed,34,5667,4,2025-07-19,False
REC006079,ENU0034,West Bengal,42,Female,Secondary,Factory Worker,Employed,46,10669,5,2025-05-18,False
REC006080,ENU0008,Rajasthan,33,Male,Higher Secondary,None,Not in Labour Force,0,0,4,2025-09-09,False
REC006081,ENU0056,Tamil Nadu,39,Male,Graduate,Teacher,Employed,38,26739,8,2025-03-07,False
REC006082,ENU0183,Gujarat,38,Female,Secondary,Street Vendor,Employed,31,5183,3,2025-08-29,False
REC006083,ENU0065,Maharashtra,45,Male,Primary,Construction Worker,Employed,61,13129,5,2025-12-19,False
REC006084,ENU0046,Rajasthan,81,Female,Graduate,None,Not in Labour Force,0,0,4,2025-03-04,False
REC006085,ENU0041,Kerala,23,Female,Secondary,Shop Assistant,Employed,45,12493,2,2025-11-19,False
REC006086,ENU0208,Rajasthan,26,Male,Secondary,None,Unemployed,0,0,1,2025-09-30,False
REC006087,ENU0169,Odisha,24,Male,Post Graduate,None,Unemployed,0,0,5,2025-07-22,False
REC006088,ENU0113,Madhya Pradesh,36,Female,Secondary,None,Not in Labour Force,0,0,4,2025-12-03,False
REC006089,ENU0238,Karnataka,31,Male,Illiterate,None,Unemployed,0,0,4,2025-11-09,False
REC006090,ENU0031,Madhya Pradesh,41,Female,Illiterate,Agricultural Labourer,Employed,40,4033,4,2025-04-12,False
REC006091,ENU0007,Andhra Pradesh,5,Male,Illiterate,None,Not in Labour Force,0,0,5,2025-11-04,False
REC006092,ENU0155,Karnataka,26,Male,Post Graduate,None,Unemployed,0,0,3,2025-10-24,False
REC006093,ENU0009,Madhya Pradesh,28,Male,Primary,Construction Worker,Employed,22,5150,2,2025-05-02,False
REC006094,ENU0049,Assam,64,Female,Post Graduate,None,Not in Labour Force,0,0,5,2025-06-06,False
REC006095,ENU0056,Gujarat,13,Male,Primary,None,Not in Labour Force,0,0,2,2025-04-04,False
REC006096,ENU0014,West Bengal,37,Female,Higher Secondary,None,Unemployed,0,0,3,2025-02-21,False
REC006097,ENU0132,Tamil Nadu,34,Male,Primary,Street Vendor,Employed,44,6782,1,2025-05-26,False
REC006098,ENU0155,Kerala,38,Male,Illiterate,None,Not in Labour Force,5,0,1,2025-07-27,False
REC006099,ENU0202,Bihar,10,Female,Primary,None,Not in Labour Force,8,0,4,2025-06-09,False
REC006100,ENU0227,Maharashtra,49,Male,Illiterate,Domestic Help,Employed,50,5907,3,2025-11-13,False
REC006101,ENU0164,Punjab,37,Female,Secondary,Factory Worker,Employed,40,11814,2,2025-06-05,False
REC006102,ENU0089,Bihar,80,Male,Primary,None,Unemployed,0,0,4,2025-08-21,False
REC006103,ENU0038,Madhya Pradesh,37,Female,Primary,Street Vendor,Employed,37,6836,6,2025-12-11,False
REC006104,ENU0087,Assam,12,Male,Primary,None,Not in Labour Force,0,0,3,2025-10-23,False
REC006105,ENU0152,Odisha,62,Male,Higher Secondary,None,Not in Labour Force,0,0,4,2025-11-19,False
REC006106,ENU0127,Karnataka,8,Female,Primary,None,Not in Labour Force,5,0,2,2025-07-17,False
REC006107,ENU0178,Uttar Pradesh,14,Male,Primary,None,Not in Labour Force,1,0,2,2025-06-03,False
REC006108,ENU0076,West Bengal,28,Male,Primary,None,Not in Labour Force,0,0,3,2025-10-07,False
REC006109,ENU0074,Gujarat,16,Male,Graduate,None,Not in Labour Force,0,0,5,2025-09-19,False
REC006110,ENU0146,Rajasthan,38,Female,Higher Secondary,Technician,Employed,27,10485,3,2025-06-25,False
REC006111,ENU0016,Odisha,44,Female,Higher Secondary,Shop Assistant,Employed,44,12774,6,2025-09-20,False
REC006112,ENU0166,Odisha,11,Male,Primary,None,Not in Labour Force,5,0,7,2025-09-05,False
REC006113,ENU0010,Bihar,64,Male,Secondary,None,Unemployed,0,0,4,2025-06-04,False
REC006114,ENU0222,Tamil Nadu,26,Female,Graduate,Clerk,Employed,45,10273,1,2025-02-17,False
REC006115,ENU0051,Gujarat,50,Male,Graduate,Sales Executive,Employed,43,22762,7,2025-06-29,False
REC006116,ENU0105,Assam,29,Male,Secondary,Shop Assistant,Employed,45,9970,5,2025-02-09,False
REC006117,ENU0202,Uttar Pradesh,61,Male,Secondary,Street Vendor,Employed,41,6272,1,2025-09-29,False
REC006118,ENU0020,West Bengal,34,Female,Primary,Street Vendor,Employed,49,9674,3,2025-05-24,False
REC006119,ENU0023,Karnataka,77,Female,Higher Secondary,None,Not in Labour Force,0,0,4,2025-07-30,False
REC006120,ENU0153,West Bengal,16,Female,Higher Secondary,None,Unemployed,0,0,3,2025-08-19,False
REC006121,ENU0212,Rajasthan,43,Male,Illiterate,Street Vendor,Employed,49,7697,2,2025-02-05,False
REC006122,ENU0223,Telangana,62,Male,Primary,None,Not in Labour Force,0,0,5,2025-06-08,False
REC006123,ENU0119,Odisha,37,Male,Higher Secondary,Carpenter,Employed,58,10667,3,2025-08-11,False
REC006124,ENU0128,Karnataka,24,Female,Higher Secondary,Clerk,Employed,54,27701,3,2025-07-30,False
REC006125,ENU0105,Andhra Pradesh,20,Female,Graduate,None,Unemployed,0,0,3,2025-07-25,False
REC006126,ENU0213,Assam,24,Female,Secondary,None,Unemployed,0,0,6,2025-04-21,False
REC006127,ENU0233,Madhya Pradesh,26,Female,Secondary,None,Not in Labour Force,0,0,6,2025-11-12,False
REC006128,ENU0100,West Bengal,41,Male,Secondary,Carpenter,Employed,49,12526,2,2025-08-12,False
REC006129,ENU0049,Rajasthan,76,Female,Primary,None,Not in Labour Force,0,0,5,2025-11-03,False
REC006130,ENU0035,Karnataka,48,Female,Primary,Street Vendor,Employed,53,9346,4,2025-04-08,False
REC006131,ENU0063,West Bengal,31,Female,Illiterate,Agricultural Labourer,Employed,48,7077,6,2025-03-30,False
REC006132,ENU0096,Assam,30,Female,Primary,None,Unemployed,0,0,3,2025-06-03,False
REC006133,ENU0227,Madhya Pradesh,27,Male,Secondary,Street Vendor,Employed,62,11833,4,2025-08-26,False
REC006134,ENU0139,Bihar,15,Male,Secondary,None,Unemployed,0,0,3,2025-12-15,False
REC006135,ENU0064,Madhya Pradesh,36,Male,Primary,Factory Worker,Employed,55,8240,1,2025-03-09,False
REC006136,ENU0181,Gujarat,8,Male,Primary,None,Not in Labour Force,4,0,1,2025-12-26,False
REC006137,ENU0123,Kerala,51,Male,Graduate,Bank Employee,Employed,34,36054,5,2025-05-06,False
REC006138,ENU0008,Punjab,40,Female,Secondary,Street Vendor,Employed,44,10018,3,2025-01-06,False
REC006139,ENU0231,Uttar Pradesh,36,Female,Graduate,Bank Employee,Employed,49,54107,5,2025-06-09,False
REC006140,ENU0192,Uttar Pradesh,38,Male,Higher Secondary,None,Not in Labour Force,0,0,5,2025-05-18,False
REC006141,ENU0228,Maharashtra,37,Female,Higher Secondary,Carpenter,Employed,33,11869,8,2025-08-11,False
REC006142,ENU0135,Punjab,62,Male,Graduate,Clerk,Employed,56,21961,3,2025-12-22,False
REC006143,ENU0237,Uttar Pradesh,34,Female,Primary,Agricultural Labourer,Employed,39,5387,3,2025-08-06,False
REC006144,ENU0203,Rajasthan,35,Female,Illiterate,Construction Worker,Employed,48,9930,6,2025-04-06,False
REC006145,ENU0194,Telangana,26,Male,Secondary,None,Not in Labour Force,0,0,5,2025-11-08,False
REC006146,ENU0161,Kerala,36,Male,Primary,Agricultural Labourer,Employed,34,3210,5,2025-10-07,False
REC006147,ENU0100,Punjab,15,Female,Graduate,None,Not in Labour Force,0,0,1,2025-07-20,False
REC006148,ENU0104,Karnataka,12,Female,Primary,None,Not in Labour Force,0,0,4,2025-04-22,False
REC006149,ENU0165,Gujarat,76,Male,Higher Secondary,None,Not in Labour Force,9,0,2,2025-08-21,False
REC006150,ENU0230,Kerala,37,Female,Higher Secondary,Driver,Employed,53,17358,5,2025-05-26,False
REC006151,ENU0066,Assam,47,Male,Graduate,Sales Executive,Employed,61,35507,6,2025-10-28,False
REC006152,ENU0096,Uttar Pradesh,41,Female,Primary,Street Vendor,Employed,34,4683,2,2025-10-07,False
REC006153,ENU0058,Gujarat,79,Female,Secondary,None,Not in Labour Force,0,0,4,2025-02-15,False
REC006154,ENU0005,Tamil Nadu,16,Female,Secondary,Carpenter,Employed,34,10139,2,2025-10-06,False
REC006155,ENU0086,Gujarat,12,Female,Primary,None,Not in Labour Force,0,0,6,2025-06-28,False
REC006156,ENU0024,Uttar Pradesh,36,Other,Graduate,None,Not in Labour Force,0,0,2,2025-03-24,False
REC006157,ENU0071,Karnataka,33,Female,Post Graduate,None,Not in Labour Force,0,0,3,2025-02-22,False
REC006158,ENU0173,Kerala,70,Male,Secondary,None,Not in Labour Force,0,0,4,2025-10-24,False
REC006159,ENU0010,Andhra Pradesh,70,Male,Primary,None,Not in Labour Force,0,0,7,2025-10-29,False
REC006160,ENU0083,Maharashtra,16,Male,Higher Secondary,Technician,Employed,38,15595,5,2025-11-08,False
REC006161,ENU0243,Madhya Pradesh,40,Female,Higher Secondary,Carpenter,Employed,69,17125,3,2025-08-09,False
REC006162,ENU0204,Madhya Pradesh,25,Female,Graduate,None,Not in Labour Force,0,0,2,2025-03-20,False
REC006163,ENU0237,Karnataka,40,Male,Primary,Construction Worker,Employed,39,6815,5,2025-04-06,False
REC006164,ENU0031,West Bengal,39,Female,Secondary,Carpenter,Employed,47,16169,1,2025-11-16,False
REC006165,ENU0101,Tamil Nadu,34,Female,Post Graduate,IT Professional,Employed,47,72507,6,2025-09-05,False
REC006166,ENU0165,West Bengal,28,Male,Graduate,Sales Executive,Employed,40,16332,5,2025-02-07,False
REC006167,ENU0052,Kerala,44,Female,Secondary,Street Vendor,Employed,34,7815,4,2025-07-24,False
REC006168,ENU0107,Punjab,32,Female,Higher Secondary,None,Not in Labour Force,0,0,3,2025-08-26,False
REC006169,ENU0080,Andhra Pradesh,22,Female,Graduate,None,Not in Labour Force,0,0,3,2025-07-01,False
REC006170,ENU0168,West Bengal,56,Male,Secondary,Carpenter,Employed,53,15343,6,2025-09-05,False
REC006171,ENU0095,Tamil Nadu,40,Male,Graduate,None,Unemployed,0,0,4,2025-10-30,False
REC006172,ENU0120,Karnataka,35,Female,Primary,None,Not in Labour Force,0,0,6,2025-07-31,False
REC006173,ENU0188,Madhya Pradesh,12,Male,Primary,None,Not in Labour Force,0,0,2,2025-03-21,False
REC006174,ENU0181,Maharashtra,26,Male,Illiterate,Street Vendor,Employed,28,5407,4,2025-06-09,False
REC006175,ENU0207,Rajasthan,25,Male,Higher Secondary,Clerk,Employed,35,17735,4,2025-04-05,False
REC006176,ENU0192,Kerala,50,Male,Primary,Street Vendor,Employed,47,7533,3,2025-05-30,False
REC006177,ENU0241,Maharashtra,48,Female,Illiterate,Domestic Help,Employed,50,8222,5,2025-09-02,False
REC006178,ENU0022,Punjab,47,Female,Higher Secondary,Clerk,Employed,30,14563,6,2025-03-21,False
REC006179,ENU0226,Bihar,42,Female,Secondary,Factory Worker,Employed,51,5307,7,2025-07-29,False
REC006180,ENU0111,Madhya Pradesh,27,Female,Secondary,Factory Worker,Employed,71,19467,2,2025-02-25,False
REC006181,ENU0246,Telangana,34,Female,Higher Secondary,None,Not in Labour Force,0,0,6,2025-03-29,False
REC006182,ENU0176,Karnataka,45,Male,Higher Secondary,Technician,Employed,27,11192,7,2025-10-24,False
REC006183,ENU0026,Maharashtra,35,Male,Graduate,Clerk,Employed,38,16201,3,2025-11-01,False
REC006184,ENU0233,West Bengal,46,Male,Higher Secondary,Driver,Employed,48,12379,2,2025-05-13,False
REC006185,ENU0102,Odisha,26,Male,Graduate,Clerk,Employed,49,14597,5,2025-07-04,False
REC006186,ENU0078,Maharashtra,73,Male,Primary,None,Not in Labour Force,9,0,5,2025-06-12,False
REC006187,ENU0109,Kerala,35,Female,Secondary,Street Vendor,Employed,37,9760,7,2025-11-12,False
REC006188,ENU0105,West Bengal,10,Male,Primary,None,Not in Labour Force,0,0,4,2025-07-11,False
REC006189,ENU0094,Telangana,34,Male,Higher Secondary,None,Not in Labour Force,130,0,2,2025-09-17,True
REC006190,ENU0244,Odisha,9,Male,Primary,None,Not in Labour Force,0,0,5,2025-11-24,False
REC006191,ENU0099,Telangana,32,Female,Graduate,Clerk,Employed,41,12329,2,2025-04-02,False
REC006192,ENU0014,Telangana,39,Male,Illiterate,Domestic Help,Employed,49,7205,7,2025-05-26,False
REC006193,ENU0048,Kerala,36,Male,Higher Secondary,Clerk,Employed,42,12344,1,2025-04-08,False
REC006194,ENU0035,Assam,34,Female,Illiterate,Agricultural Labourer,Employed,65,11342,4,2025-05-09,False
REC006195,ENU0175,Madhya Pradesh,60,Other,Graduate,None,Not in Labour Force,0,0,4,2025-03-07,False
REC006196,ENU0059,Bihar,42,Female,Secondary,Factory Worker,Unemployed,0,0,1,2025-01-21,False
REC006197,ENU0168,Andhra Pradesh,53,Male,Higher Secondary,Carpenter,Employed,32,10663,7,2025-07-01,False
REC006198,ENU0025,Tamil Nadu,32,Male,Primary,Domestic Help,Employed,36,3513,5,2025-10-06,False
REC006199,ENU0235,Tamil Nadu,35,Female,Post Graduate,Engineer,Employed,56,91493,7,2025-04-29,False
REC006200,ENU0243,Odisha,6,Female,Primary,None,Not in Labour Force,0,0,4,2025-12-17,False
REC006201,ENU0121,Uttar Pradesh,11,Female,Primary,None,Not in Labour Force,0,0,4,2025-04-17,False
REC006202,ENU0237,Kerala,40,Male,Higher Secondary,Driver,Employed,40,13345,5,2025-10-17,False
REC006203,ENU0247,Assam,29,Female,Post Graduate,Engineer,Employed,52,50464,1,2025-11-18,False
REC006204,ENU0092,Tamil Nadu,22,Male,Secondary,Driver,Employed,28,9311,5,2025-02-04,False
REC006205,ENU0185,Gujarat,70,Female,Graduate,None,Not in Labour Force,0,0,8,2025-07-07,False
REC006206,ENU0084,Bihar,45,Male,Illiterate,None,Unemployed,0,0,9,2025-07-26,False
REC006207,ENU0115,West Bengal,31,Female,Secondary,None,Unemployed,0,0,3,2025-01-22,False
REC006208,ENU0230,Assam,35,Female,Primary,Agricultural Labourer,Employed,31,4927,3,2025-04-17,False
REC006209,ENU0159,Punjab,42,Male,Higher Secondary,Driver,Employed,36,12158,3,2025-02-01,False
REC006210,ENU0063,West Bengal,42,Male,Graduate,Clerk,Employed,55,22793,6,2025-11-18,False
REC006211,ENU0176,Tamil Nadu,28,Male,Graduate,None,Not in Labour Force,7,0,6,2025-10-25,False
REC006212,ENU0021,Karnataka,28,Male,Primary,Agricultural Labourer,Employed,78,12468,4,2025-08-01,False
REC006213,ENU0224,Tamil Nadu,43,Male,Illiterate,None,Not in Labour Force,0,0,4,2025-04-11,False
REC006214,ENU0145,Rajasthan,62,Female,Graduate,None,Not in Labour Force,0,0,2,2025-05-13,False
REC006215,ENU0198,West Bengal,150,Female,Secondary,None,Not in Labour Force,0,0,3,2025-11-02,True
REC006216,ENU0219,West Bengal,32,Female,Secondary,Shop Assistant,Employed,56,10458,2,2025-02-13,False
REC006217,ENU0205,Kerala,48,Female,Primary,Agricultural Labourer,Employed,35,4061,4,2025-08-13,False
REC006218,ENU0116,Kerala,35,Female,Secondary,Shop Assistant,Employed,46,9000,3,2025-02-02,False
REC006219,ENU0169,Maharashtra,16,Male,Primary,Domestic Help,Employed,29,3064,6,2025-08-26,False
REC006220,ENU0069,Gujarat,44,Female,Secondary,Factory Worker,Employed,39,9285489,3,2025-07-05,True
REC006221,ENU0149,Andhra Pradesh,48,Male,Primary,Construction Worker,Employed,69,11846,6,2025-04-19,False
REC006222,ENU0181,Telangana,43,Female,Secondary,None,Not in Labour Force,0,0,4,2025-08-29,False
REC006223,ENU0249,Telangana,54,Male,Higher Secondary,Clerk,Employed,67,29692,3,2025-12-03,False
REC006224,ENU0047,Andhra Pradesh,14,Female,Primary,None,Not in Labour Force,0,0,3,2025-03-07,False
REC006225,ENU0004,Bihar,15,Male,Graduate,None,Not in Labour Force,0,0,5,2025-12-16,False
REC006226,ENU0240,Tamil Nadu,53,Female,Graduate,Teacher,Employed,46,17256,9,2025-07-01,False
REC006227,ENU0127,Karnataka,25,Female,Primary,None,Not in Labour Force,7,0,8,2025-01-20,False
REC006228,ENU0041,Assam,74,Female,Secondary,None,Not in Labour Force,0,0,1,2025-03-04,False
REC006229,ENU0222,Gujarat,29,Male,Graduate,None,Unemployed,0,0,4,2025-06-22,False
REC006230,ENU0175,Gujarat,11,Female,Primary,None,Not in Labour Force,0,0,5,2025-01-30,False
REC006231,ENU0237,Kerala,33,Female,Secondary,Factory Worker,Employed,32,7654,9,2025-04-19,False
REC006232,ENU0143,Andhra Pradesh,35,Female,Primary,Agricultural Labourer,Employed,32,5456,7,2025-05-24,False
REC006233,ENU0051,Uttar Pradesh,24,Female,Higher Secondary,Driver,Employed,35,6714,5,2025-09-22,False
REC006234,ENU0077,Tamil Nadu,27,Male,Secondary,Carpenter,Employed,46,11840,2,2025-08-29,False
REC006235,ENU0042,Assam,35,Female,Primary,Street Vendor,Employed,53,10113,3,2025-02-23,False
REC006236,ENU0030,West Bengal,42,Male,Illiterate,Street Vendor,Employed,58,8853,4,2025-04-07,False
REC006237,ENU0250,Andhra Pradesh,22,Male,Secondary,None,Unemployed,0,0,7,2025-03-16,False
REC006238,ENU0133,Andhra Pradesh,76,Female,Primary,None,Not in Labour Force,0,0,6,2025-08-26,False
REC006239,ENU0165,Rajasthan,24,Male,Higher Secondary,Carpenter,Employed,36,11155,5,2025-06-14,False
REC006240,ENU0196,Gujarat,24,Female,Illiterate,Street Vendor,Employed,50,11401,6,2025-06-24,False
REC006241,ENU0061,Karnataka,34,Male,Higher Secondary,None,Unemployed,0,0,8,2025-10-16,False
REC006242,ENU0121,Bihar,22,Male,Higher Secondary,None,Unemployed,0,0,6,2025-08-22,False
REC006243,ENU0094,Odisha,59,Male,Graduate,Teacher,Employed,32,17426,4,2025-12-11,False
REC006244,ENU0093,Tamil Nadu,43,Male,Illiterate,Domestic Help,Employed,31,4928,8,2025-01-17,False
REC006245,ENU0096,Assam,35,Female,Higher Secondary,Driver,Employed,33,10139,4,2025-06-19,False
REC006246,ENU0042,Punjab,11,Female,Primary,None,Not in Labour Force,0,0,6,2025-02-25,False
REC006247,ENU0145,Odisha,77,Male,Illiterate,None,Not in Labour Force,0,0,5,2025-06-13,False
REC006248,ENU0072,Kerala,33,Male,Secondary,None,Not in Labour Force,9,0,4,2025-09-24,False
REC006249,ENU0159,Kerala,23,Female,Primary,None,Unemployed,0,0,7,2025-04-01,False
REC006250,ENU0233,Madhya Pradesh,67,Female,Higher Secondary,None,Not in Labour Force,0,0,4,2025-01-14,False
REC006251,ENU0042,Rajasthan,16,Female,Secondary,Street Vendor,Employed,60,10289,3,2025-02-08,False
REC006252,ENU0001,Rajasthan,35,Male,Illiterate,Agricultural Labourer,Employed,64,12038,5,2025-02-03,False
REC006253,ENU0209,Tamil Nadu,59,Female,Graduate,Clerk,Employed,25,12273,5,2025-04-02,False
REC006254,ENU0170,Odisha,31,Male,Primary,None,Unemployed,0,0,4,2025-02-28,False
REC006255,ENU0224,Punjab,37,Male,Higher Secondary,None,Unemployed,0,0,7,2025-11-13,False
REC006256,ENU0147,Maharashtra,40,Male,Secondary,Carpenter,Employed,35,9801,6,2025-04-19,False
REC006257,ENU0184,Bihar,13,Female,Primary,None,Not in Labour Force,0,0,2,2025-03-24,False
REC006258,ENU0249,Andhra Pradesh,33,Female,Secondary,Shop Assistant,Employed,43,12603,4,2025-06-21,False
REC006259,ENU0034,Uttar Pradesh,59,Female,Higher Secondary,Technician,Employed,50,14125,7,2025-05-14,False
REC006260,ENU0222,Uttar Pradesh,48,Female,Higher Secondary,None,Not in Labour Force,0,0,6,2025-07-19,False
REC006261,ENU0113,Karnataka,40,Male,Secondary,Carpenter,Employed,48,16299,5,2025-03-29,False
REC006262,ENU0239,Andhra Pradesh,47,Female,Secondary,Driver,Employed,41,11939,10,2025-12-22,False
REC006263,ENU0184,Madhya Pradesh,21,Female,Primary,None,Not in Labour Force,4,0,5,2025-09-09,False
REC006264,ENU0055,Kerala,39,Female,Higher Secondary,Shop Assistant,Employed,47,13427,5,2025-05-28,False
REC006265,ENU0134,Bihar,38,Female,Illiterate,None,Not in Labour Force,0,0,2,2025-06-20,False
REC006266,ENU0111,Punjab,30,Female,Higher Secondary,Clerk,Employed,48,17797,4,2025-05-05,False
REC006267,ENU0119,Kerala,16,Male,Illiterate,Domestic Help,Employed,49,8225,3,2025-12-31,False
REC006268,ENU0126,Telangana,44,Female,Secondary,Factory Worker,Employed,10,1941,2,2025-09-02,False
REC006269,ENU0193,Rajasthan,69,Female,Illiterate,None,Not in Labour Force,0,0,2,2025-06-16,False
REC006270,ENU0073,Punjab,56,Male,Secondary,Driver,Employed,54,13120,6,2025-09-17,False
REC006271,ENU0150,West Bengal,46,Male,Secondary,Street Vendor,Employed,52,9787,5,2025-03-14,False
REC006272,ENU0053,Bihar,25,Male,Secondary,Street Vendor,Unemployed,0,0,5,2025-11-03,False
REC006273,ENU0048,Odisha,14,Male,Primary,None,Not in Labour Force,0,0,3,2025-10-13,False
REC006274,ENU0151,Andhra Pradesh,44,Female,Secondary,Shop Assistant,Employed,51,10751,3,2025-05-08,False
REC006275,ENU0045,Rajasthan,23,Other,Higher Secondary,None,Unemployed,0,0,5,2025-02-11,False
REC006276,ENU0241,Andhra Pradesh,71,Female,Illiterate,None,Not in Labour Force,0,0,6,2025-04-26,False
REC006277,ENU0017,Karnataka,23,Female,Primary,Agricultural Labourer,Employed,16,1920,6,2025-11-10,False
REC006278,ENU0082,Odisha,45,Female,Primary,Agricultural Labourer,Employed,40,6192,3,2025-02-05,False
REC006279,ENU0122,Punjab,77,Other,Secondary,None,Not in Labour Force,0,0,5,2025-08-25,False
REC006280,ENU0086,Uttar Pradesh,81,Female,Primary,None,Not in Labour Force,0,0,5,2025-01-24,False
REC006281,ENU0100,Maharashtra,30,Female,Primary,None,Not in Labour Force,0,0,1,2025-12-03,False
REC006282,ENU0108,Odisha,36,Female,Secondary,Street Vendor,Employed,31,6227,3,2025-02-20,False
REC006283,ENU0103,Rajasthan,37,Female,Secondary,None,Not in Labour Force,0,0,3,2025-09-06,False
REC006284,ENU0140,Punjab,22,Male,Secondary,Carpenter,Employed,40,11341,3,2025-04-14,False
REC006285,ENU0004,Punjab,33,Male,Post Graduate,Engineer,Employed,34,49020,5,2025-01-17,False
REC006286,ENU0074,Maharashtra,35,Male,Primary,Construction Worker,Employed,43,7162,5,2025-07-23,False
REC006287,ENU0005,Telangana,6,Male,Primary,None,Not in Labour Force,0,0,4,2025-08-29,False
REC006288,ENU0059,Andhra Pradesh,51,Male,Primary,Agricultural Labourer,Employed,53,9064,3,2025-06-19,False
REC006289,ENU0012,Rajasthan,35,Male,Primary,Agricultural Labourer,Employed,45,8679,3,2025-03-09,False
REC006290,ENU0068,Andhra Pradesh,37,Male,Graduate,Teacher,Employed,24,14466,1,2025-11-15,False
REC006291,ENU0019,Odisha,33,Male,Higher Secondary,Technician,Employed,24,8555,2,2025-10-06,False
REC006292,ENU0246,Andhra Pradesh,48,Female,Secondary,Driver,Employed,32,7377,4,2025-12-04,False
REC006293,ENU0182,Punjab,33,Female,Secondary,Street Vendor,Employed,56,12771,7,2025-10-20,False
REC006294,ENU0232,West Bengal,14,Male,Primary,None,Not in Labour Force,8,0,6,2025-03-27,False
REC006295,ENU0077,Kerala,29,Female,Illiterate,None,Not in Labour Force,0,0,4,2025-04-08,False
REC006296,ENU0098,Gujarat,70,Female,Illiterate,None,Not in Labour Force,0,0,9,2025-10-18,False
REC006297,ENU0135,Odisha,32,Female,Graduate,None,Unemployed,0,0,2,2025-06-18,False
REC006298,ENU0218,Maharashtra,38,Male,Higher Secondary,Shop Assistant,Employed,60,11740,7,2025-06-03,False
REC006299,ENU0164,Uttar Pradesh,49,Female,Secondary,Factory Worker,Employed,47,12316,2,2025-11-07,False
REC006300,ENU0217,West Bengal,44,Other,Primary,Street Vendor,Employed,68,9953,7,2025-02-18,False
REC006301,ENU0055,Uttar Pradesh,38,Female,Higher Secondary,Carpenter,Employed,38,11420,2,2025-08-26,False
REC006302,ENU0046,Odisha,38,Male,Secondary,Street Vendor,Employed,37,7208,5,2025-07-24,False
REC006303,ENU0007,West Bengal,47,Male,Higher Secondary,Driver,Employed,63,15360,0,2025-02-11,True
REC006304,ENU0148,Bihar,24,Male,Secondary,Shop Assistant,Employed,56,3568,3,2025-04-09,False
REC006305,ENU0092,Tamil Nadu,39,Female,Graduate,Bank Employee,Employed,36,34127,5,2025-05-06,False
REC006306,ENU0106,Gujarat,30,Male,Primary,Domestic Help,Employed,38,4722,3,2025-09-08,False
REC006307,ENU0095,Andhra Pradesh,9,Male,Primary,None,Not in Labour Force,9,0,5,2025-09-25,False
REC006308,ENU0024,Punjab,34,Female,Higher Secondary,Shop Assistant,Employed,13,3093,5,2025-10-04,False
REC006309,ENU0096,Odisha,27,Male,Higher Secondary,None,Unemployed,0,0,3,2025-02-28,False
REC006310,ENU0233,Odisha,7,Female,Primary,None,Not in Labour Force,0,0,5,2025-10-14,False
REC006311,ENU0047,Assam,57,Female,Secondary,Carpenter,Employed,33,14212,5,2025-11-27,False
REC006312,ENU0247,Punjab,38,Female,Graduate,Clerk,Employed,43,15467,2,2025-08-09,False
REC006313,ENU0238,Kerala,31,Male,Graduate,Bank Employee,Employed,67,63989,4,2025-02-10,False
REC006314,ENU0054,Gujarat,35,Male,Secondary,None,Not in Labour Force,0,0,8,2025-11-02,False
REC006315,ENU0016,Rajasthan,50,Female,Higher Secondary,Shop Assistant,Employed,39,11552,3,2025-06-22,False
REC006316,ENU0135,Uttar Pradesh,31,Female,Higher Secondary,Driver,Employed,55,10451,5,2025-10-12,False
REC006317,ENU0154,West Bengal,60,Female,Secondary,None,Not in Labour Force,0,0,4,2025-08-26,False
REC006318,ENU0076,Maharashtra,9,Female,Primary,None,Not in Labour Force,0,0,5,2025-02-01,False
REC006319,ENU0213,Kerala,23,Female,Secondary,None,Not in Labour Force,3,0,4,2025-11-21,False
REC006320,ENU0175,Tamil Nadu,56,Female,Graduate,Clerk,Employed,27,10079,9,2025-07-11,False
REC006321,ENU0069,Bihar,36,Male,Primary,Factory Worker,Employed,45,3046,3,2025-05-28,False
REC006322,ENU0060,West Bengal,37,Male,Illiterate,None,Not in Labour Force,0,0,4,2025-02-18,False
REC006323,ENU0149,Tamil Nadu,56,Male,Primary,Street Vendor,Employed,54,12332,5,2025-08-09,False
REC006324,ENU0007,Kerala,12,Female,Primary,None,Not in Labour Force,2,0,2,2025-06-19,False
REC006325,ENU0165,Telangana,45,Female,Primary,None,Not in Labour Force,0,0,4,2025-04-10,False
REC006326,ENU0091,West Bengal,73,Male,Graduate,None,Not in Labour Force,0,0,6,2025-09-24,False
REC006327,ENU0148,Karnataka,78,Female,Secondary,None,Not in Labour Force,0,0,7,2025-02-04,False
REC006328,ENU0188,Odisha,35,Other,Higher Secondary,Shop Assistant,Employed,50,13458,3,2025-03-19,False
REC006329,ENU0038,Punjab,33,Female,Higher Secondary,None,Unemployed,0,0,2,2025-12-30,False
REC006330,ENU0078,Bihar,16,Male,Graduate,IT Professional,Employed,63,42444,2,2025-10-05,False
REC006331,ENU0076,West Bengal,78,Female,Higher Secondary,None,Not in Labour Force,0,0,3,2025-02-19,False
REC006332,ENU0080,Maharashtra,21,Female,Primary,None,Unemployed,0,0,7,2025-07-17,False
REC006333,ENU0020,West Bengal,14,Female,Primary,None,Not in Labour Force,0,0,4,2025-03-29,False
REC006334,ENU0232,Odisha,30,Female,Primary,Agricultural Labourer,Employed,44,6834,3,2025-10-04,False
REC006335,ENU0114,Assam,40,Female,Higher Secondary,Driver,Employed,55,11919,4,2025-11-10,False
REC006336,ENU0204,Uttar Pradesh,24,Male,Graduate,Clerk,Employed,57,22596,3,2025-06-26,False
REC006337,ENU0156,Madhya Pradesh,64,Male,Illiterate,None,Not in Labour Force,6,0,6,2025-07-02,False
REC006338,ENU0024,Bihar,30,Female,Post Graduate,Government Officer,Employed,44,17911,2,2025-06-24,False
REC006339,ENU0246,Karnataka,32,Male,Graduate,None,Unemployed,0,0,8,2025-09-30,False
REC006340,ENU0211,Karnataka,56,Female,Graduate,Bank Employee,Employed,45,29734,7,2025-07-11,False
REC006341,ENU0051,Uttar Pradesh,53,Male,Primary,Factory Worker,Employed,32,7912,6,2025-11-22,False
REC006342,ENU0064,Bihar,16,Male,Graduate,IT Professional,Employed,52,29455,2,2025-12-28,False
REC006343,ENU0131,Punjab,44,Male,Secondary,Shop Assistant,Employed,13,3900,3,2025-07-11,False
REC006344,ENU0230,Odisha,30,Female,Secondary,None,Not in Labour Force,0,0,10,2025-04-13,False
REC006345,ENU0163,Karnataka,24,Male,Primary,Street Vendor,Employed,15,2507,7,2025-02-15,False
REC006346,ENU0137,Maharashtra,31,Male,Secondary,Factory Worker,Employed,37,9431,2,2025-06-07,False
REC006347,ENU0248,Punjab,33,Male,Higher Secondary,Technician,Employed,30,10677,3,2025-11-30,False
REC006348,ENU0021,Bihar,75,Male,Secondary,None,Unemployed,0,0,8,2025-12-19,False
REC006349,ENU0053,Punjab,23,Male,Higher Secondary,None,Unemployed,0,0,5,2025-04-19,False
REC006350,ENU0116,Odisha,64,Male,Graduate,None,Not in Labour Force,4,0,4,2025-12-15,False
REC006351,ENU0134,West Bengal,35,Male,Higher Secondary,Shop Assistant,Employed,46,12258,4,2025-09-22,False
REC006352,ENU0130,West Bengal,51,Female,Graduate,Teacher,Employed,49,29427,2,2025-12-18,False
REC006353,ENU0234,Tamil Nadu,61,Male,Higher Secondary,Technician,Employed,44,13545,3,2025-09-16,False
REC006354,ENU0014,Maharashtra,48,Female,Primary,Domestic Help,Employed,34,4745,5,2025-02-22,False
REC006355,ENU0246,Bihar,38,Male,Graduate,Teacher,Employed,75,15662,9,2025-02-01,False
REC006356,ENU0149,Rajasthan,59,Male,Primary,Factory Worker,Employed,39,9795,3,2025-04-07,False
REC006357,ENU0193,Punjab,20,Female,Secondary,Factory Worker,Employed,53,11943,1,2025-02-11,False
REC006358,ENU0143,Rajasthan,44,Female,Graduate,Bank Employee,Employed,41,45130,1,2025-05-18,False
REC006359,ENU0220,Madhya Pradesh,38,Female,Post Graduate,Bank Employee,Employed,63,62426,5,2025-10-17,False
REC006360,ENU0207,Andhra Pradesh,42,Male,Higher Secondary,Shop Assistant,Employed,38,8512,6,2025-09-14,False
REC006361,ENU0114,Tamil Nadu,31,Male,Primary,None,Unemployed,0,0,4,2025-12-27,False
REC006362,ENU0180,Kerala,11,Male,Primary,None,Not in Labour Force,0,0,4,2025-12-08,False
REC006363,ENU0117,West Bengal,33,Female,Secondary,Factory Worker,Employed,34,6260,5,2025-11-12,False
REC006364,ENU0055,Kerala,31,Male,Secondary,None,Not in Labour Force,0,0,4,2025-07-28,False
REC006365,ENU0168,Maharashtra,43,Male,Graduate,Sales Executive,Employed,32,12239,5,2025-03-16,False
REC006366,ENU0149,Assam,13,Male,Primary,None,Not in Labour Force,0,0,2,2025-12-21,False
REC006367,ENU0214,Maharashtra,75,Male,Secondary,None,Not in Labour Force,7,0,4,2025-07-29,False
REC006368,ENU0002,Assam,32,Male,Post Graduate,None,Not in Labour Force,0,0,5,2025-10-31,False
REC006369,ENU0141,West Bengal,85,Male,Secondary,None,Not in Labour Force,5,0,12,2025-06-16,False
REC006370,ENU0040,Kerala,30,Male,Graduate,Sales Executive,Employed,44,29601,5,2025-08-19,False
REC006371,ENU0126,Assam,16,Male,Secondary,Shop Assistant,Employed,37,10162,5,2025-04-23,False
REC006372,ENU0053,West Bengal,52,Male,Higher Secondary,Technician,Employed,55,15193,2,2025-03-16,False
REC006373,ENU0155,Punjab,13,Male,Primary,None,Not in Labour Force,0,0,4,2025-02-24,False
REC006374,ENU0164,Punjab,37,Female,Secondary,None,Unemployed,130,0,5,2025-02-17,True
REC006375,ENU0232,Bihar,41,Female,Secondary,Street Vendor,Unemployed,0,0,3,2025-10-02,False
REC006376,ENU0047,Karnataka,18,Male,Secondary,None,Unemployed,0,0,5,2025-12-18,False
REC006377,ENU0154,Maharashtra,67,Male,Higher Secondary,None,Not in Labour Force,0,0,4,2025-12-30,False
REC006378,ENU0119,Gujarat,35,Female,Primary,Agricultural Labourer,Employed,44,7999,2,2025-07-15,False
REC006379,ENU0047,Karnataka,18,Male,Illiterate,None,Not in Labour Force,0,0,4,2025-01-19,False
REC006380,ENU0144,Bihar,43,Female,Secondary,Street Vendor,Unemployed,0,0,6,2025-01-14,False
REC006381,ENU0138,West Bengal,20,Male,Graduate,IT Professional,Employed,40,50327,1,2025-12-25,False
REC006382,ENU0051,Tamil Nadu,14,Female,Primary,None,Not in Labour Force,0,0,2,2025-06-30,False
REC006383,ENU0203,Odisha,32,Female,Primary,Domestic Help,Employed,50,6578,2,2025-01-05,False
REC006384,ENU0140,Karnataka,72,Female,Higher Secondary,None,Not in Labour Force,0,0,5,2025-07-22,False
REC006385,ENU0019,Madhya Pradesh,23,Male,Illiterate,Construction Worker,Employed,49,9027,3,2025-08-30,False
REC006386,ENU0112,Assam,44,Male,Primary,Street Vendor,Employed,47,11770,5,2025-09-06,False
REC006387,ENU0107,Andhra Pradesh,72,Male,Illiterate,None,Not in Labour Force,0,0,7,2025-09-26,False
REC006388,ENU0121,Assam,47,Female,Higher Secondary,Technician,Employed,50,15639,2,2025-06-04,False
REC006389,ENU0169,Assam,34,Female,Post Graduate,Doctor,Employed,50,123219,7,2025-12-29,False
REC006390,ENU0026,Gujarat,81,Female,Post Graduate,None,Not in Labour Force,0,0,4,2025-10-25,False
REC006391,ENU0023,Odisha,82,Male,Secondary,None,Not in Labour Force,0,0,7,2025-12-29,False
REC006392,ENU0170,Punjab,9,Female,Primary,None,Not in Labour Force,0,0,1,2025-12-29,False
REC006393,ENU0247,Rajasthan,46,Male,Secondary,Factory Worker,Employed,50,8246,6,2025-09-07,False
REC006394,ENU0041,Odisha,67,Male,Secondary,None,Not in Labour Force,7,0,6,2025-08-14,False
REC006395,ENU0003,Karnataka,50,Female,Secondary,Shop Assistant,Employed,56,13449,6,2025-03-11,False
REC006396,ENU0132,Tamil Nadu,8,Female,Primary,None,Not in Labour Force,0,0,5,2025-06-13,False
REC006397,ENU0202,Karnataka,39,Female,Higher Secondary,None,Not in Labour Force,0,0,3,2025-12-17,False
REC006398,ENU0146,Odisha,41,Other,Higher Secondary,Driver,Employed,37,11400,5,2025-07-01,False
REC006399,ENU0205,Odisha,40,Male,Primary,Street Vendor,Employed,37,4711,4,2025-11-19,False
REC006400,ENU0149,Assam,39,Male,Illiterate,Domestic Help,Employed,63,10927,1,2025-11-26,False
REC006401,ENU0029,Rajasthan,-6,Male,Illiterate,Construction Worker,Employed,32,7323,7,2025-02-20,True
REC006402,ENU0086,Uttar Pradesh,42,Female,Illiterate,None,Unemployed,0,0,3,2025-03-31,False
REC006403,ENU0174,West Bengal,21,Female,Secondary,None,Unemployed,0,0,2,2025-10-14,False
REC006404,ENU0235,Bihar,40,Male,Graduate,Teacher,Employed,70,16715,3,2025-04-12,False
REC006405,ENU0208,Uttar Pradesh,62,Male,Secondary,Factory Worker,Employed,43,9327,2,2025-03-15,False
REC006406,ENU0153,Karnataka,34,Male,Graduate,IT Professional,Employed,34,28298,6,2025-02-26,False
REC006407,ENU0209,Karnataka,18,Male,Illiterate,None,Unemployed,0,0,1,2025-07-22,False
REC006408,ENU0001,Madhya Pradesh,48,Male,Graduate,Bank Employee,Employed,60,52629,2,2025-06-17,False
REC006409,ENU0062,Uttar Pradesh,40,Female,Secondary,Driver,Employed,42,13839,2,2025-09-12,False
REC006410,ENU0033,Punjab,60,Female,Graduate,None,Not in Labour Force,1,0,5,2025-06-11,False
REC006411,ENU0051,Bihar,11,Male,Primary,None,Not in Labour Force,0,0,3,2025-08-04,False
REC006412,ENU0136,Bihar,51,Female,Primary,Street Vendor,Employed,53,3038,6,2025-02-03,False
REC006413,ENU0170,Uttar Pradesh,19,Female,Higher Secondary,None,Not in Labour Force,0,0,6,2025-05-08,False
REC006414,ENU0151,Gujarat,8,Female,Primary,None,Not in Labour Force,0,0,4,2025-08-03,False
REC006415,ENU0038,Karnataka,16,Male,Secondary,None,Unemployed,0,0,9,2025-07-07,False
REC006416,ENU0070,Telangana,49,Male,Primary,Street Vendor,Employed,41,8276,1,2025-12-29,False
REC006417,ENU0105,Telangana,39,Male,Illiterate,Construction Worker,Employed,56,16657,6,2025-03-08,False
REC006418,ENU0080,Tamil Nadu,28,Female,Secondary,Shop Assistant,Employed,31,4932,2,2025-03-25,False
REC006419,ENU0197,Maharashtra,17,Male,Secondary,Carpenter,Employed,44,10991,6,2025-01-01,False
REC006420,ENU0246,Assam,10,Male,Primary,None,Not in Labour Force,0,0,5,2025-11-22,False
REC006421,ENU0086,Maharashtra,34,Male,Graduate,Sales Executive,Employed,46,16056,3,2025-11-01,False
REC006422,ENU0054,Uttar Pradesh,16,Male,Graduate,Clerk,Employed,47,9658,6,2025-09-08,False
REC006423,ENU0220,Odisha,51,Female,Secondary,Factory Worker,Employed,46,11669,4,2025-03-06,False
REC006424,ENU0021,Karnataka,26,Male,Primary,Agricultural Labourer,Employed,29,4965,4,2025-02-01,False
REC006425,ENU0056,Tamil Nadu,39,Male,Secondary,Shop Assistant,Employed,62,16235,4,2025-03-24,False
REC006426,ENU0107,West Bengal,47,Female,Higher Secondary,Technician,Employed,49,15167,4,2025-05-21,False
REC006427,ENU0170,Odisha,48,Female,Graduate,IT Professional,Employed,52,82664,3,2025-04-21,False
REC006428,ENU0160,Gujarat,48,Female,Illiterate,None,Not in Labour Force,0,0,3,2025-09-18,False
REC006429,ENU0027,Punjab,35,Female,Illiterate,None,Not in Labour Force,3,0,6,2025-12-14,False
REC006430,ENU0214,Uttar Pradesh,53,Male,Graduate,Teacher,Employed,48,25322,5,2025-10-10,False
REC006431,ENU0130,Punjab,72,Male,Higher Secondary,None,Not in Labour Force,9,0,3,2025-04-19,False
REC006432,ENU0067,Rajasthan,37,Male,Higher Secondary,Shop Assistant,Employed,54,11926,4,2025-11-27,False
REC006433,ENU0040,Andhra Pradesh,20,Female,Secondary,Driver,Employed,42,11098,5,2025-01-13,False
REC006434,ENU0145,Uttar Pradesh,25,Female,Graduate,IT Professional,Employed,59,104138,4,2025-09-06,False
REC006435,ENU0207,Gujarat,4,Female,Primary,IT Professional,Employed,38,0,1,2025-08-23,True
REC006436,ENU0249,Rajasthan,47,Female,Post Graduate,None,Not in Labour Force,0,0,5,2025-02-10,False
REC006437,ENU0247,Rajasthan,30,Male,Higher Secondary,None,Unemployed,0,0,2,2025-08-01,False
REC006438,ENU0056,Madhya Pradesh,32,Male,Secondary,Factory Worker,Employed,20,5268,2,2025-12-21,False
REC006439,ENU0032,Telangana,41,Female,Secondary,Carpenter,Employed,46,17133,6,2025-12-01,False
REC006440,ENU0117,Madhya Pradesh,36,Female,Primary,Agricultural Labourer,Employed,27,3343,1,2025-06-17,False
REC006441,ENU0228,Kerala,15,Female,Illiterate,None,Not in Labour Force,0,0,4,2025-11-06,False
REC006442,ENU0002,Andhra Pradesh,12,Male,Primary,None,Not in Labour Force,0,0,5,2025-05-29,False
REC006443,ENU0136,Odisha,27,Female,Primary,None,Unemployed,0,0,2,2025-05-27,False
REC006444,ENU0188,Maharashtra,37,Female,Primary,Factory Worker,Employed,48,12922,5,2025-09-06,False
REC006445,ENU0154,Odisha,41,Female,Primary,Agricultural Labourer,Employed,39,7491,3,2025-04-04,False
REC006446,ENU0231,Karnataka,48,Male,Post Graduate,IT Professional,Employed,36,46353,2,2025-11-26,False
REC006447,ENU0152,Rajasthan,45,Female,Higher Secondary,Carpenter,Employed,32,7195,4,2025-10-12,False
REC006448,ENU0110,West Bengal,19,Female,Primary,None,Not in Labour Force,4,0,4,2025-06-19,False
REC006449,ENU0232,Gujarat,37,Male,Illiterate,Agricultural Labourer,Employed,45,9499,4,2025-12-12,False
REC006450,ENU0245,Telangana,50,Male,Graduate,Clerk,Employed,46,13694,4,2025-01-04,False
REC006451,ENU0002,Odisha,36,Male,Post Graduate,Teacher,Employed,58,33930,6,2025-01-28,False
REC006452,ENU0236,Rajasthan,28,Female,Primary,None,Unemployed,0,0,4,2025-02-08,False
REC006453,ENU0236,Kerala,25,Female,Graduate,Clerk,Employed,26,9380,2,2025-09-25,False
REC006454,ENU0039,Assam,39,Male,Secondary,Factory Worker,Employed,33,11224,5,2025-09-05,False
REC006455,ENU0231,Bihar,29,Male,Graduate,IT Professional,Unemployed,0,0,3,2025-09-29,False
REC006456,ENU0161,Rajasthan,18,Male,Primary,Agricultural Labourer,Employed,29,4497,6,2025-10-01,False
REC006457,ENU0242,Madhya Pradesh,68,Male,Graduate,None,Not in Labour Force,9,0,4,2025-09-24,False
REC006458,ENU0182,Gujarat,32,Male,Secondary,None,Not in Labour Force,0,0,4,2025-08-21,False
REC006459,ENU0075,Maharashtra,33,Male,Graduate,Clerk,Employed,46,18969,2,2025-12-11,False
REC006460,ENU0094,Punjab,46,Female,Secondary,Carpenter,Employed,50,15451,3,2025-11-16,False
REC006461,ENU0206,Telangana,27,Female,Higher Secondary,Carpenter,Employed,68,24681,7,2025-05-07,False
REC006462,ENU0098,Bihar,68,Male,Illiterate,None,Not in Labour Force,5,0,3,2025-06-16,False
REC006463,ENU0110,Punjab,25,Female,Secondary,None,Unemployed,0,0,3,2025-09-25,False
REC006464,ENU0151,Rajasthan,40,Female,Primary,Construction Worker,Employed,53,10827,6,2025-11-21,False
REC006465,ENU0075,Andhra Pradesh,37,Male,Secondary,Carpenter,Employed,36,10428,4,2025-10-14,False
REC006466,ENU0101,Odisha,41,Female,Primary,Street Vendor,Employed,60,10757,2,2025-08-12,False
REC006467,ENU0195,Uttar Pradesh,26,Male,Primary,Street Vendor,Employed,66,12955,5,2025-06-25,False
REC006468,ENU0055,Gujarat,16,Male,Higher Secondary,Shop Assistant,Employed,51,12589,2,2025-07-04,False
REC006469,ENU0169,Maharashtra,26,Female,Primary,None,Not in Labour Force,0,0,4,2025-09-01,False
REC006470,ENU0157,Punjab,29,Male,Primary,Domestic Help,Employed,22,2921,4,2025-08-22,False
REC006471,ENU0033,Telangana,41,Male,Post Graduate,Government Officer,Employed,43,31250,9,2025-06-18,False
REC006472,ENU0117,Bihar,42,Male,Illiterate,Agricultural Labourer,Employed,32,1814,7,2025-03-07,False
REC006473,ENU0175,Gujarat,36,Male,Graduate,Sales Executive,Employed,31,14543,2,2025-03-28,False
REC006474,ENU0049,Gujarat,74,Male,Higher Secondary,None,Not in Labour Force,0,0,3,2025-03-04,False
REC006475,ENU0117,Bihar,43,Female,Primary,Agricultural Labourer,Employed,56,2604,4,2025-02-28,False
REC006476,ENU0214,Telangana,50,Female,Secondary,Factory Worker,Employed,28,4998,6,2025-09-29,False
REC006477,ENU0058,Uttar Pradesh,23,Male,Secondary,Driver,Employed,38,7706,7,2025-06-02,False
REC006478,ENU0180,Madhya Pradesh,73,Male,Secondary,None,Not in Labour Force,0,0,4,2025-06-08,False
REC006479,ENU0041,Odisha,74,Male,Primary,None,Not in Labour Force,5,0,4,2025-12-05,False
REC006480,ENU0192,Tamil Nadu,35,Male,Higher Secondary,Technician,Employed,33,12789,1,2025-11-12,False
REC006481,ENU0139,Madhya Pradesh,22,Male,Higher Secondary,None,Not in Labour Force,0,0,1,2025-09-18,False
REC006482,ENU0084,Uttar Pradesh,40,Female,Graduate,Teacher,Employed,21,10928,2,2025-12-06,False
REC006483,ENU0224,Uttar Pradesh,24,Male,Higher Secondary,Driver,Employed,37,9783,3,2025-12-19,False
REC006484,ENU0055,Kerala,57,Female,Secondary,Driver,Unemployed,64,11658,2,2025-08-13,True
REC006485,ENU0164,Assam,27,Male,Secondary,None,Unemployed,0,0,6,2025-01-07,False
REC006486,ENU0018,West Bengal,44,Male,Graduate,None,Unemployed,0,0,3,2025-11-23,False
REC006487,ENU0212,Telangana,25,Female,Higher Secondary,Carpenter,Employed,43,13637,4,2025-04-01,False
REC006488,ENU0079,Karnataka,14,Male,Primary,None,Not in Labour Force,6,0,1,2025-07-15,False
REC006489,ENU0197,West Bengal,40,Male,Illiterate,Domestic Help,Employed,44,6509,3,2025-01-04,False
REC006490,ENU0210,Bihar,21,Female,Primary,None,Unemployed,0,0,3,2025-05-10,False
REC006491,ENU0175,Tamil Nadu,27,Male,Higher Secondary,Carpenter,Employed,40,13336,3,2025-06-14,False
REC006492,ENU0149,Uttar Pradesh,19,Female,Graduate,Teacher,Employed,34,13598,3,2025-12-11,False
REC006493,ENU0216,Gujarat,32,Female,Graduate,None,Unemployed,0,0,1,2025-12-18,False
REC006494,ENU0163,Tamil Nadu,8,Male,Primary,None,Not in Labour Force,0,0,4,2025-10-10,False
REC006495,ENU0226,Uttar Pradesh,54,Male,Secondary,Driver,Employed,56,17973,6,2025-06-29,False
REC006496,ENU0071,Andhra Pradesh,53,Male,Higher Secondary,Clerk,Employed,51,14443,6,2025-10-05,False
REC006497,ENU0123,Assam,22,Female,Primary,Street Vendor,Employed,57,9108,3,2025-11-22,False
REC006498,ENU0247,Odisha,19,Female,Illiterate,None,Unemployed,0,0,9,2025-02-03,False
REC006499,ENU0205,Gujarat,40,Female,Secondary,None,Not in Labour Force,0,0,1,2025-08-25,False
REC006500,ENU0186,Uttar Pradesh,23,Male,Primary,Street Vendor,Employed,21,3093,1,2025-10-20,False
REC006501,ENU0188,West Bengal,31,Female,Graduate,None,Not in Labour Force,0,0,4,2025-03-01,False
REC006502,ENU0013,Uttar Pradesh,40,Male,Primary,Factory Worker,Employed,29,6252,4,2025-02-11,False
REC006503,ENU0161,Maharashtra,48,Female,Graduate,IT Professional,Employed,48,65742,2,2025-08-29,False
REC006504,ENU0240,Andhra Pradesh,28,Female,Graduate,None,Not in Labour Force,0,0,6,2025-10-16,False
REC006505,ENU0198,Gujarat,35,Female,Secondary,None,Not in Labour Force,9,0,3,2025-03-11,False
REC006506,ENU0089,Madhya Pradesh,13,Male,Primary,None,Not in Labour Force,0,0,3,2025-11-22,False
REC006507,ENU0018,Karnataka,76,Female,Graduate,None,Not in Labour Force,5,0,3,2025-03-15,False
REC006508,ENU0108,Kerala,72,Female,Secondary,None,Not in Labour Force,0,0,5,2025-10-18,False
REC006509,ENU0113,Madhya Pradesh,14,Male,Primary,None,Not in Labour Force,0,0,5,2025-02-27,False
REC006510,ENU0100,Madhya Pradesh,27,Female,Illiterate,None,Unemployed,0,0,8,2025-03-08,False
REC006511,ENU0042,Karnataka,36,Male,Primary,Domestic Help,Employed,62,8659,4,2025-07-26,False
REC006512,ENU0244,Karnataka,9,Female,Primary,None,Not in Labour Force,0,0,1,2025-08-17,False
REC006513,ENU0065,Bihar,25,Other,Secondary,Driver,Unemployed,0,0,4,2025-03-11,False
REC006514,ENU0238,Telangana,31,Female,Secondary,None,Unemployed,0,0,7,2025-12-02,False
REC006515,ENU0194,Maharashtra,36,Female,Higher Secondary,Carpenter,Employed,23,4678,3,2025-10-16,False
REC006516,ENU0056,Kerala,41,Male,Illiterate,Street Vendor,Employed,61,12925,6,2025-03-09,False
REC006517,ENU0148,Tamil Nadu,61,Female,Higher Secondary,Carpenter,Employed,20,6703,6,2025-10-24,False
REC006518,ENU0053,Maharashtra,32,Male,Graduate,Bank Employee,Employed,52,60246,6,2025-11-29,False
REC006519,ENU0193,Punjab,42,Male,Graduate,None,Unemployed,0,0,5,2025-11-18,False
REC006520,ENU0166,Kerala,22,Female,Primary,None,Not in Labour Force,0,0,2,2025-07-10,False
REC006521,ENU0026,Telangana,56,Female,Post Graduate,Bank Employee,Employed,44,41799,6,2025-01-18,False
REC006522,ENU0224,Maharashtra,37,Male,Secondary,Factory Worker,Employed,43,10318,3,2025-11-11,False
REC006523,ENU0026,Telangana,45,Male,Primary,Street Vendor,Employed,59,13529,4,2025-10-28,False
REC006524,ENU0193,West Bengal,37,Female,Graduate,Bank Employee,Employed,16,11967,2,2025-07-31,False
REC006525,ENU0094,Uttar Pradesh,35,Female,Higher Secondary,None,Not in Labour Force,0,0,8,2025-02-26,False
REC006526,ENU0131,Karnataka,16,Male,Illiterate,None,Not in Labour Force,2,0,2,2025-05-09,False
REC006527,ENU0092,Andhra Pradesh,27,Female,Illiterate,Domestic Help,Employed,40,5188,5,2025-04-09,False
REC006528,ENU0019,Bihar,71,Other,Post Graduate,None,Not in Labour Force,0,0,5,2025-05-29,False
REC006529,ENU0009,Assam,40,Male,Illiterate,Domestic Help,Employed,53,6631,2,2025-07-03,False
REC006530,ENU0007,Telangana,44,Male,Illiterate,Construction Worker,Employed,38,6942770,4,2025-06-14,True
REC006531,ENU0131,Kerala,51,Female,Secondary,Factory Worker,Employed,59,12042,4,2025-08-31,False
REC006532,ENU0117,Bihar,36,Male,Secondary,None,Not in Labour Force,0,0,2,2025-01-27,False
REC006533,ENU0126,Uttar Pradesh,73,Female,Secondary,None,Not in Labour Force,0,0,2,2025-09-16,False
REC006534,ENU0074,Telangana,16,Male,Secondary,None,Not in Labour Force,0,0,5,2025-06-24,False
REC006535,ENU0231,Tamil Nadu,28,Male,Secondary,None,Unemployed,0,0,4,2025-04-27,False
REC006536,ENU0165,Karnataka,31,Male,Secondary,Driver,Employed,47,11783,2,2025-06-30,False
REC006537,ENU0233,Odisha,39,Female,Secondary,Shop Assistant,Employed,47,8125,2,2025-05-12,False
REC006538,ENU0014,Punjab,55,Female,Graduate,Sales Executive,Employed,53,25956,4,2025-01-06,False
REC006539,ENU0078,Uttar Pradesh,65,Female,Primary,None,Not in Labour Force,3,0,3,2025-12-05,False
REC006540,ENU0059,Madhya Pradesh,47,Male,Post Graduate,Bank Employee,Employed,42,36958,6,2025-01-02,False
REC006541,ENU0077,Assam,36,Female,Illiterate,Agricultural Labourer,Employed,47,8408,1,2025-03-16,False
REC006542,ENU0243,Kerala,13,Male,Primary,None,Not in Labour Force,4,0,6,2025-07-24,False
REC006543,ENU0163,Karnataka,27,Male,Secondary,Factory Worker,Employed,41,10887,6,2025-03-15,False
REC006544,ENU0074,Rajasthan,25,Male,Secondary,Shop Assistant,Employed,57,9329,3,2025-01-09,False
REC006545,ENU0047,Karnataka,36,Male,Secondary,Street Vendor,Employed,45,6535,5,2025-03-07,False
REC006546,ENU0091,Maharashtra,46,Other,Primary,Factory Worker,Employed,25,8961,6,2025-01-20,False
REC006547,ENU0247,Telangana,10,Male,Primary,None,Not in Labour Force,0,0,5,2025-02-26,False
REC006548,ENU0047,Maharashtra,38,Male,Post Graduate,Teacher,Employed,47,28744,2,2025-02-14,False
REC006549,ENU0171,Kerala,28,Male,Secondary,Factory Worker,Employed,55,13097,4,2025-07-07,False
REC006550,ENU0020,Maharashtra,16,Male,Primary,None,Not in Labour Force,0,0,7,2025-10-07,False
REC006551,ENU0003,Telangana,42,Female,Higher Secondary,Shop Assistant,Employed,34,5173,2,2025-04-22,False
REC006552,ENU0077,Punjab,20,Male,Primary,Construction Worker,Employed,75,14739,5,2025-05-18,False
REC006553,ENU0196,Assam,51,Female,Illiterate,Street Vendor,Employed,36,4793,4,2025-06-05,False
REC006554,ENU0055,Bihar,55,Female,Secondary,Carpenter,Employed,44,5430,4,2025-04-06,False
REC006555,ENU0164,Assam,37,Female,Secondary,None,Not in Labour Force,0,0,7,2025-05-10,False
REC006556,ENU0068,Maharashtra,75,Male,Illiterate,None,Not in Labour Force,0,0,3,2025-12-26,False
REC006557,ENU0221,Punjab,79,Male,Secondary,None,Not in Labour Force,3,0,3,2025-04-06,False
REC006558,ENU0221,Assam,19,Male,Primary,None,Unemployed,0,0,8,2025-12-13,False
REC006559,ENU0192,Assam,68,Male,Secondary,None,Not in Labour Force,0,0,3,2025-05-29,False
REC006560,ENU0094,Madhya Pradesh,5,Female,Illiterate,None,Not in Labour Force,0,0,4,2025-08-10,False
REC006561,ENU0051,West Bengal,32,Female,Illiterate,Agricultural Labourer,Employed,62,10193,2,2025-12-12,False
REC006562,ENU0024,Odisha,78,Female,Higher Secondary,None,Not in Labour Force,0,0,2,2025-11-02,False
REC006563,ENU0065,Telangana,34,Male,Secondary,Street Vendor,Employed,50,5266,4,2025-02-04,False
REC006564,ENU0030,Rajasthan,23,Male,Higher Secondary,Technician,Employed,33,13121,9,2025-01-24,False
REC006565,ENU0110,Bihar,82,Male,Secondary,None,Not in Labour Force,0,0,1,2025-07-27,False
REC006566,ENU0201,Telangana,16,Female,Higher Secondary,None,Unemployed,0,0,2,2025-11-24,False
REC006567,ENU0028,Karnataka,38,Male,Higher Secondary,None,Not in Labour Force,0,0,3,2025-12-30,False
REC006568,ENU0103,Rajasthan,38,Female,Graduate,None,Not in Labour Force,0,0,5,2025-05-09,False
REC006569,ENU0090,Bihar,31,Female,Primary,Factory Worker,Employed,49,5216,7,2025-07-01,False
REC006570,ENU0018,Gujarat,69,Female,Illiterate,None,Not in Labour Force,0,0,3,2025-07-16,False
REC006571,ENU0146,Uttar Pradesh,46,Female,Primary,Factory Worker,Employed,15,2372,4,2025-11-18,False
REC006572,ENU0153,Tamil Nadu,28,Female,Higher Secondary,Shop Assistant,Employed,34,6433,2,2025-06-23,False
REC006573,ENU0245,Madhya Pradesh,47,Female,Illiterate,Street Vendor,Employed,35,7156,5,2025-11-30,False
REC006574,ENU0147,Andhra Pradesh,40,Male,Graduate,Bank Employee,Employed,31,25980,10,2025-07-19,False
REC006575,ENU0242,Bihar,29,Male,Primary,None,Unemployed,0,0,6,2025-03-10,False
REC006576,ENU0248,Kerala,27,Female,Higher Secondary,Technician,Employed,56,20778,5,2025-05-29,False
REC006577,ENU0056,Kerala,51,Male,Higher Secondary,Driver,Employed,53,13802,10,2025-11-19,False
REC006578,ENU0116,Punjab,52,Female,Secondary,None,Not in Labour Force,0,0,4,2025-06-07,False
REC006579,ENU0204,Andhra Pradesh,28,Male,Graduate,Bank Employee,Employed,56,50544,3,2025-09-24,False
REC006580,ENU0226,Andhra Pradesh,36,Male,Graduate,Teacher,Employed,54,30074,3,2025-04-18,False
REC006581,ENU0075,Rajasthan,28,Male,Illiterate,Construction Worker,Employed,55,9168,3,2025-01-29,False
REC006582,ENU0148,Rajasthan,32,Female,Secondary,Driver,Employed,58,12602,5,2025-04-25,False
REC006583,ENU0158,West Bengal,19,Male,Primary,None,Unemployed,66,0,4,2025-12-16,True
REC006584,ENU0160,Punjab,21,Female,Secondary,None,Unemployed,0,0,4,2025-07-27,False
REC006585,ENU0135,Uttar Pradesh,30,Male,Secondary,Street Vendor,Employed,49,9746,4,2025-04-09,False
REC006586,ENU0214,West Bengal,34,Male,Primary,Factory Worker,Employed,32,6521,12,2025-06-30,False
REC006587,ENU0099,Telangana,76,Male,Primary,None,Not in Labour Force,0,0,5,2025-12-28,False
REC006588,ENU0073,Telangana,60,Female,Primary,Construction Worker,Employed,57,9576,9,2025-05-08,False
REC006589,ENU0031,Andhra Pradesh,18,Female,Graduate,Teacher,Employed,51,27959,2,2025-09-03,False
REC006590,ENU0104,Andhra Pradesh,49,Female,Primary,Factory Worker,Employed,62,17090,5,2025-01-11,False
REC006591,ENU0135,Tamil Nadu,42,Male,Higher Secondary,Shop Assistant,Employed,24,4653,5,2025-06-30,False
REC006592,ENU0003,Assam,45,Female,Graduate,Clerk,Employed,32,11907,5,2025-12-30,False
REC006593,ENU0095,Odisha,74,Male,Post Graduate,None,Not in Labour Force,0,0,4,2025-07-25,False
REC006594,ENU0053,Telangana,52,Male,Higher Secondary,Driver,Employed,49,12530,6,2025-01-21,False
REC006595,ENU0092,Maharashtra,52,Female,Secondary,Street Vendor,Employed,42,7226,7,2025-02-01,False
REC006596,ENU0200,Maharashtra,26,Female,Secondary,Street Vendor,Employed,71,13640,4,2025-11-01,False
REC006597,ENU0085,Andhra Pradesh,46,Male,Higher Secondary,Driver,Employed,57,14573,4,2025-10-10,False
REC006598,ENU0163,Telangana,35,Female,Secondary,Carpenter,Employed,36,9527,3,2025-04-06,False
REC006599,ENU0003,Uttar Pradesh,16,Male,Graduate,None,Unemployed,0,0,2,2025-03-14,False
REC006600,ENU0177,Assam,31,Male,Graduate,IT Professional,Employed,45,48435,6,2025-11-17,False
REC006601,ENU0185,Andhra Pradesh,35,Female,Graduate,Teacher,Employed,47,25607,1,2025-04-24,False
REC006602,ENU0096,Telangana,40,Male,Primary,Factory Worker,Employed,30,7061,5,2025-08-03,False
REC006603,ENU0047,West Bengal,71,Male,Higher Secondary,None,Not in Labour Force,0,0,4,2025-01-14,False
REC006604,ENU0031,Punjab,69,Male,Post Graduate,None,Not in Labour Force,0,0,3,2025-03-01,False
REC006605,ENU0109,Kerala,18,Male,Secondary,None,Unemployed,0,0,5,2025-10-10,False
REC006606,ENU0140,Bihar,50,Female,Primary,Construction Worker,Employed,52,4142,9,2025-07-11,False
REC006607,ENU0073,Odisha,33,Male,Post Graduate,None,Not in Labour Force,0,0,4,2025-01-12,False
REC006608,ENU0007,Telangana,76,Female,Graduate,None,Not in Labour Force,0,0,4,2025-04-20,False
REC006609,ENU0224,West Bengal,44,Male,Primary,Factory Worker,Employed,33,8218,6,2025-09-16,False
REC006610,ENU0120,Punjab,30,Male,Illiterate,None,Unemployed,0,0,1,2025-06-08,False
REC006611,ENU0136,Odisha,46,Female,Graduate,IT Professional,Employed,41,55702,6,2025-09-16,False
REC006612,ENU0190,Tamil Nadu,34,Female,Higher Secondary,Carpenter,Employed,54,15386,5,2025-06-10,False
REC006613,ENU0078,Odisha,41,Male,Higher Secondary,Shop Assistant,Employed,54,15749,7,2025-03-04,False
REC006614,ENU0073,Bihar,9,Male,Primary,None,Unemployed,0,0,3,2025-06-27,False
REC006615,ENU0132,West Bengal,37,Male,Higher Secondary,None,Unemployed,0,0,5,2025-09-06,False
REC006616,ENU0227,Maharashtra,55,Male,Higher Secondary,Shop Assistant,Employed,54,14213,8,2025-03-17,False
REC006617,ENU0118,Andhra Pradesh,53,Female,Primary,None,Not in Labour Force,0,0,5,2025-04-04,False
REC006618,ENU0023,Rajasthan,13,Male,Primary,None,Not in Labour Force,0,0,2,2025-04-11,False
REC006619,ENU0146,Gujarat,61,Female,Higher Secondary,Driver,Employed,48,13545,2,2025-01-27,False
REC006620,ENU0154,Uttar Pradesh,31,Female,Higher Secondary,None,Not in Labour Force,4,0,5,2025-06-12,False
REC006621,ENU0156,Andhra Pradesh,35,Female,Post Graduate,Bank Employee,Employed,27,17768,6,2025-01-10,False
REC006622,ENU0229,Andhra Pradesh,21,Male,Graduate,None,Unemployed,0,0,4,2025-11-07,False
REC006623,ENU0212,Karnataka,29,Female,Primary,Domestic Help,Employed,25,3108,1,2025-08-13,False
REC006624,ENU0049,Tamil Nadu,45,Male,Graduate,Clerk,Employed,54,20381,2,2025-01-29,False
REC006625,ENU0021,Punjab,29,Male,Graduate,Clerk,Employed,48,21158,8,2025-05-30,False
REC006626,ENU0044,Telangana,41,Male,Higher Secondary,None,Not in Labour Force,8,0,4,2025-02-09,False
REC006627,ENU0113,Karnataka,32,Female,Graduate,None,Not in Labour Force,0,0,3,2025-07-30,False
REC006628,ENU0114,Kerala,89,Male,Graduate,None,Not in Labour Force,0,0,2,2025-09-19,False
REC006629,ENU0137,Andhra Pradesh,63,Male,Primary,None,Not in Labour Force,0,0,3,2025-06-04,False
REC006630,ENU0052,Gujarat,37,Female,Post Graduate,Teacher,Employed,58,39162,2,2025-03-05,False
REC006631,ENU0046,Punjab,32,Male,Secondary,None,Unemployed,0,0,2,2025-09-28,False
REC006632,ENU0222,West Bengal,42,Male,Secondary,Shop Assistant,Employed,25,4572,1,2025-05-20,False
REC006633,ENU0089,Andhra Pradesh,32,Female,Post Graduate,Bank Employee,Employed,41,35536,6,2025-10-11,False
REC006634,ENU0211,Maharashtra,49,Female,Graduate,Teacher,Employed,33,12391,4,2025-07-18,False
REC006635,ENU0232,Telangana,44,Female,Graduate,Sales Executive,Employed,30,16551,1,2025-12-23,False
REC006636,ENU0156,Uttar Pradesh,40,Other,Higher Secondary,Clerk,Employed,58,16977,4,2025-07-23,False
REC006637,ENU0175,Bihar,28,Female,Higher Secondary,Carpenter,Unemployed,0,0,4,2025-10-05,False
REC006638,ENU0092,Odisha,21,Female,Secondary,Street Vendor,Employed,24,3756,6,2025-01-05,False
REC006639,ENU0248,Punjab,51,Female,Higher Secondary,Shop Assistant,Employed,36,7837,2,2025-06-27,False
REC006640,ENU0098,Gujarat,24,Female,Higher Secondary,Clerk,Employed,43,18730,1,2025-10-26,False
REC006641,ENU0213,Tamil Nadu,32,Female,Primary,None,Unemployed,0,0,3,2025-05-19,False
REC006642,ENU0196,Rajasthan,8,Female,Primary,None,Not in Labour Force,8,0,4,2025-09-21,False
REC006643,ENU0046,Karnataka,53,Female,Primary,Street Vendor,Employed,67,12939,3,2025-03-29,False
REC006644,ENU0078,Madhya Pradesh,21,Female,Primary,Agricultural Labourer,Employed,47,5230,7,2025-02-18,False
REC006645,ENU0149,Rajasthan,65,Male,Higher Secondary,Clerk,Employed,35,12189,6,2025-04-24,False
REC006646,ENU0201,Maharashtra,63,Female,Post Graduate,None,Not in Labour Force,5,0,5,2025-08-02,False
REC006647,ENU0026,Odisha,37,Female,Higher Secondary,Carpenter,Employed,65,15879,6,2025-05-19,False
REC006648,ENU0250,Madhya Pradesh,33,Female,Graduate,None,Not in Labour Force,0,0,3,2025-09-14,False
REC006649,ENU0139,Andhra Pradesh,12,Male,Primary,None,Not in Labour Force,0,0,9,2025-11-06,False
REC006650,ENU0171,Maharashtra,45,Male,Higher Secondary,Carpenter,Employed,44,13837,2,2025-03-09,False
REC006651,ENU0137,Tamil Nadu,70,Female,Primary,None,Not in Labour Force,0,0,4,2025-07-19,False
REC006652,ENU0215,Punjab,32,Male,Higher Secondary,None,Unemployed,0,0,5,2025-07-19,False
REC006653,ENU0136,Odisha,18,Female,Primary,None,Unemployed,0,0,1,2025-05-14,False
REC006654,ENU0142,Tamil Nadu,68,Male,Secondary,None,Not in Labour Force,8,0,1,2025-10-27,False
REC006655,ENU0067,Kerala,13,Male,Primary,None,Not in Labour Force,0,0,5,2025-07-24,False
REC006656,ENU0051,Andhra Pradesh,45,Female,Secondary,Street Vendor,Employed,37,6819,2,2025-06-18,False
REC006657,ENU0087,West Bengal,30,Female,Higher Secondary,Driver,Employed,130,13208,9,2025-01-06,True
REC006658,ENU0085,Telangana,60,Male,Graduate,None,Not in Labour Force,0,0,2,2025-10-23,False
REC006659,ENU0073,Tamil Nadu,29,Male,Secondary,Street Vendor,Employed,38,8185,2,2025-11-02,False
REC006660,ENU0076,Punjab,56,Male,Higher Secondary,Shop Assistant,Employed,48,7938,4,2025-07-05,False
REC006661,ENU0093,Maharashtra,65,Male,Primary,Construction Worker,Employed,65,12404,3,2025-11-16,False
REC006662,ENU0122,Assam,8,Male,Primary,None,Not in Labour Force,0,0,4,2025-08-05,False
REC006663,ENU0140,Odisha,42,Male,Graduate,Clerk,Employed,43,16914,2,2025-03-31,False
REC006664,ENU0103,Odisha,12,Male,Primary,None,Not in Labour Force,0,0,4,2025-05-24,False
REC006665,ENU0060,Bihar,44,Female,Secondary,Factory Worker,Employed,46,5708,4,2025-09-01,False
REC006666,ENU0213,Telangana,13,Female,Primary,None,Not in Labour Force,0,0,7,2025-04-24,False
REC006667,ENU0242,Uttar Pradesh,33,Male,Higher Secondary,None,Unemployed,0,0,7,2025-03-04,False
REC006668,ENU0154,Andhra Pradesh,46,Male,Higher Secondary,Clerk,Employed,41,15909,3,2025-12-06,False
REC006669,ENU0171,Uttar Pradesh,31,Female,Secondary,Street Vendor,Employed,51,8129,8,2025-12-22,False
REC006670,ENU0046,Gujarat,60,Female,Primary,Factory Worker,Employed,47,11397,2,2025-01-25,False
REC006671,ENU0156,Madhya Pradesh,37,Female,Illiterate,Construction Worker,Employed,49,10515,6,2025-01-17,False
REC006672,ENU0143,Assam,50,Male,Higher Secondary,Driver,Employed,50,15898,3,2025-09-07,False
REC006673,ENU0176,Rajasthan,44,Female,Secondary,Driver,Employed,49,15752,3,2025-04-19,False
REC006674,ENU0052,Gujarat,21,Female,Post Graduate,Government Officer,Employed,52,49884,4,2025-03-25,False
REC006675,ENU0098,Maharashtra,30,Female,Primary,None,Unemployed,0,0,7,2025-11-22,False
REC006676,ENU0178,Gujarat,42,Female,Illiterate,Street Vendor,Employed,41,8578,4,2025-04-11,False
REC006677,ENU0153,Assam,55,Female,Graduate,IT Professional,Employed,44,32671,3,2025-01-24,False
REC006678,ENU0015,Kerala,45,Female,Higher Secondary,Driver,Employed,50,14208,2,2025-03-13,False
REC006679,ENU0080,Rajasthan,54,Female,Secondary,Driver,Employed,39,11088,2,2025-02-27,False
REC006680,ENU0216,Gujarat,6,Female,Primary,None,Not in Labour Force,0,0,4,2025-09-19,False
REC006681,ENU0039,Telangana,53,Male,Secondary,Street Vendor,Employed,50,9551,7,2025-03-30,False
REC006682,ENU0231,Kerala,59,Male,Post Graduate,Engineer,Employed,48,59668,7,2025-02-03,False
REC006683,ENU0033,Maharashtra,74,Male,Higher Secondary,None,Not in Labour Force,7,0,2,2025-09-16,False
REC006684,ENU0144,Telangana,45,Male,Graduate,Teacher,Employed,44,31409,2,2025-02-22,False
REC006685,ENU0023,Punjab,40,Female,Primary,Agricultural Labourer,Employed,66,13204,5,2025-12-23,False
REC006686,ENU0109,Rajasthan,28,Male,Graduate,Bank Employee,Employed,51,58857,6,2025-11-28,False
REC006687,ENU0237,Kerala,49,Male,Graduate,Bank Employee,Employed,41,45289,6,2025-02-21,False
REC006688,ENU0203,Tamil Nadu,41,Male,Secondary,Carpenter,Employed,47,11662,5,2025-02-13,False
REC006689,ENU0185,Tamil Nadu,16,Male,Secondary,None,Unemployed,0,0,3,2025-01-26,False
REC006690,ENU0056,Andhra Pradesh,38,Female,Secondary,Carpenter,Employed,51,14515,3,2025-03-27,False
REC006691,ENU0155,Gujarat,30,Male,Graduate,Sales Executive,Employed,33,20769,4,2025-04-18,False
REC006692,ENU0104,Odisha,38,Female,Graduate,Clerk,Employed,53,25363,9,2025-11-29,False
REC006693,ENU0114,Rajasthan,16,Female,Secondary,Driver,Employed,21,7495,3,2025-04-30,False
REC006694,ENU0064,Punjab,35,Female,Post Graduate,None,Unemployed,0,0,2,2025-11-06,False
REC006695,ENU0248,Kerala,61,Male,Secondary,None,Not in Labour Force,0,0,3,2025-10-30,False
REC006696,ENU0139,Bihar,69,Female,Secondary,None,Unemployed,0,0,6,2025-10-17,False
REC006697,ENU0073,Gujarat,33,Female,Secondary,None,Not in Labour Force,0,0,5,2025-12-23,False
REC006698,ENU0240,Odisha,19,Female,Higher Secondary,None,Not in Labour Force,0,0,5,2025-12-30,False
REC006699,ENU0015,Maharashtra,38,Male,Secondary,Factory Worker,Employed,36,8919,3,2025-10-22,False
REC006700,ENU0247,West Bengal,41,Male,Primary,Construction Worker,Employed,30,7062,4,2025-07-06,False
REC006701,ENU0059,Uttar Pradesh,15,Female,Secondary,None,Not in Labour Force,1,0,4,2025-07-04,False
REC006702,ENU0179,Bihar,25,Male,Graduate,Bank Employee,Unemployed,0,0,5,2025-10-07,False
REC006703,ENU0180,Rajasthan,49,Male,Illiterate,Agricultural Labourer,Employed,46,8072,6,2025-11-08,False
REC006704,ENU0209,Karnataka,23,Female,Primary,Agricultural Labourer,Employed,58,9539,6,2025-09-20,False
REC006705,ENU0043,Karnataka,37,Female,Primary,None,Not in Labour Force,0,0,6,2025-05-16,False
REC006706,ENU0109,Gujarat,63,Male,Graduate,None,Not in Labour Force,0,0,6,2025-08-25,False
REC006707,ENU0159,Madhya Pradesh,8,Female,Primary,None,Not in Labour Force,9,0,5,2025-11-01,False
REC006708,ENU0148,West Bengal,27,Female,Secondary,Street Vendor,Employed,44,8809,8,2025-09-03,False
REC006709,ENU0071,Madhya Pradesh,35,Male,Higher Secondary,Driver,Employed,43,10833,3,2025-06-22,False
REC006710,ENU0161,Andhra Pradesh,41,Female,Secondary,None,Not in Labour Force,8,0,2,2025-09-11,False
REC006711,ENU0230,Assam,16,Male,Secondary,Factory Worker,Employed,55,12687,4,2025-04-03,False
REC006712,ENU0242,West Bengal,43,Male,Primary,Agricultural Labourer,Employed,50,9924,1,2025-09-14,False
REC006713,ENU0112,Uttar Pradesh,5,Male,Illiterate,None,Not in Labour Force,2,0,6,2025-02-09,False
REC006714,ENU0034,Maharashtra,50,Female,Higher Secondary,None,Not in Labour Force,0,0,4,2025-06-15,False
REC006715,ENU0112,Gujarat,34,Male,Higher Secondary,None,Not in Labour Force,0,0,6,2025-01-26,False
REC006716,ENU0154,Kerala,24,Female,Primary,Construction Worker,Employed,49,11679,5,2025-08-01,False
REC006717,ENU0237,Uttar Pradesh,45,Male,Higher Secondary,Driver,Employed,45,10528,2,2025-11-29,False
REC006718,ENU0121,Andhra Pradesh,6,Male,Primary,None,Not in Labour Force,0,0,7,2025-01-05,False
REC006719,ENU0100,Bihar,24,Male,Higher Secondary,Technician,Employed,34,4463,5,2025-09-25,False
REC006720,ENU0228,Karnataka,17,Female,Secondary,Carpenter,Employed,21,5422,5,2025-08-01,False
REC006721,ENU0246,Punjab,23,Female,Secondary,Street Vendor,Employed,58,10390,3,2025-01-15,False
REC006722,ENU0122,Rajasthan,47,Male,Secondary,Factory Worker,Employed,61,12150,3,2025-12-16,False
REC006723,ENU0238,Madhya Pradesh,18,Male,Higher Secondary,None,Unemployed,0,0,2,2025-03-02,False
REC006724,ENU0035,Rajasthan,22,Female,Primary,Domestic Help,Employed,33,4174,4,2025-07-17,False
REC006725,ENU0214,Tamil Nadu,16,Male,Primary,Factory Worker,Employed,58,12686,4,2025-04-26,False
REC006726,ENU0222,Maharashtra,52,Male,Primary,Agricultural Labourer,Employed,39,5181,7,2025-08-24,False
REC006727,ENU0235,Uttar Pradesh,64,Female,Secondary,None,Not in Labour Force,0,0,1,2025-07-22,False
REC006728,ENU0103,Punjab,71,Female,Primary,None,Not in Labour Force,4,0,2,2025-04-03,False
REC006729,ENU0098,Maharashtra,22,Female,Primary,Factory Worker,Employed,79,16613,9,2025-10-04,False
REC006730,ENU0012,Rajasthan,50,Female,Post Graduate,Bank Employee,Employed,60,79544,2,2025-03-12,False
REC006731,ENU0013,Andhra Pradesh,47,Male,Higher Secondary,Carpenter,Employed,28,12032,3,2025-11-22,False
REC006732,ENU0094,Karnataka,16,Female,Secondary,Shop Assistant,Employed,60,10783,3,2025-05-03,False
REC006733,ENU0198,Telangana,22,Female,Primary,Construction Worker,Employed,54,9904,4,2025-10-23,False
REC006734,ENU0103,Bihar,29,Female,Primary,Agricultural Labourer,Unemployed,0,0,7,2025-07-18,False
REC006735,ENU0226,Andhra Pradesh,29,Male,Secondary,Factory Worker,Employed,56,15760,2,2025-10-05,False
REC006736,ENU0088,Bihar,31,Male,Secondary,Carpenter,Unemployed,0,0,2,2025-03-22,False
REC006737,ENU0081,Maharashtra,45,Male,Primary,Agricultural Labourer,Employed,58,11543,2,2025-01-22,False
REC006738,ENU0071,Karnataka,66,Female,Graduate,None,Not in Labour Force,0,0,6,2025-09-28,False
REC006739,ENU0140,Madhya Pradesh,53,Male,Secondary,None,Not in Labour Force,0,0,8,2025-09-26,False
REC006740,ENU0037,Punjab,65,Female,Secondary,None,Not in Labour Force,0,0,5,2025-06-05,False
REC006741,ENU0137,Rajasthan,54,Male,Higher Secondary,None,Not in Labour Force,0,0,7,2025-02-06,False
REC006742,ENU0137,Telangana,31,Male,Secondary,Carpenter,Employed,74,22048,5,2025-01-18,False
REC006743,ENU0182,Madhya Pradesh,35,Male,Graduate,Clerk,Employed,52,25924,4,2025-02-01,False
REC006744,ENU0232,Karnataka,31,Male,Higher Secondary,Driver,Employed,39,9162,2,2025-04-07,False
REC006745,ENU0181,Maharashtra,43,Female,Primary,Factory Worker,Employed,30,6424,10,2025-12-19,False
REC006746,ENU0144,Karnataka,16,Female,Secondary,None,Unemployed,0,0,3,2025-02-24,False
REC006747,ENU0249,Tamil Nadu,5,Male,Illiterate,None,Not in Labour Force,0,0,3,2025-05-05,False
REC006748,ENU0159,Tamil Nadu,70,Male,Primary,None,Not in Labour Force,0,0,7,2025-10-15,False
REC006749,ENU0069,Bihar,39,Male,Primary,Factory Worker,Employed,44,5424,3,2025-08-01,False
REC006750,ENU0190,Kerala,13,Male,Primary,None,Not in Labour Force,5,0,4,2025-02-26,False
REC006751,ENU0104,West Bengal,28,Male,Graduate,Teacher,Employed,35,19297,6,2025-01-30,False
REC006752,ENU0161,Maharashtra,80,Female,Graduate,None,Not in Labour Force,7,0,5,2025-01-21,False
REC006753,ENU0193,Kerala,24,Male,Graduate,Sales Executive,Employed,34,12951,3,2025-09-16,False
REC006754,ENU0197,Gujarat,33,Male,Higher Secondary,Shop Assistant,Employed,42,8066,3,2025-09-11,False
REC006755,ENU0246,West Bengal,34,Male,Primary,None,Not in Labour Force,0,0,1,2025-07-27,False
REC006756,ENU0227,Karnataka,34,Male,Secondary,Carpenter,Employed,41,10639,2,2025-12-10,False
REC006757,ENU0177,Rajasthan,52,Female,Primary,Street Vendor,Employed,45,8333,5,2025-11-12,False
REC006758,ENU0141,Maharashtra,40,Female,Graduate,Sales Executive,Employed,41,15344,4,2025-07-12,False
REC006759,ENU0005,Karnataka,50,Male,Graduate,Sales Executive,Employed,30,16410,3,2025-07-03,False
REC006760,ENU0059,West Bengal,33,Female,Primary,Domestic Help,Employed,45,4376,6,2025-01-28,False
REC006761,ENU0226,Uttar Pradesh,49,Male,Secondary,Driver,Employed,35,10347,1,2025-02-07,False
REC006762,ENU0109,Andhra Pradesh,34,Female,Graduate,IT Professional,Employed,68,59057,2,2025-07-10,False
REC006763,ENU0224,Punjab,70,Female,Higher Secondary,None,Not in Labour Force,0,0,6,2025-01-05,False
REC006764,ENU0202,Odisha,32,Male,Post Graduate,IT Professional,Employed,51,71188,5,2025-02-21,False
REC006765,ENU0059,Assam,11,Male,Primary,None,Not in Labour Force,0,0,5,2025-04-29,False
REC006766,ENU0202,Telangana,39,Male,Graduate,Teacher,Employed,36,27445,6,2025-05-02,False
REC006767,ENU0083,Tamil Nadu,31,Female,Primary,None,Not in Labour Force,0,0,3,2025-08-07,False
REC006768,ENU0025,Karnataka,33,Male,Secondary,Driver,Employed,51,12897,2,2025-07-28,False
REC006769,ENU0223,Karnataka,65,Male,Post Graduate,None,Not in Labour Force,0,0,7,2025-01-12,False
REC006770,ENU0055,Punjab,37,Male,Illiterate,Street Vendor,Employed,56,10703,2,2025-12-03,False
REC006771,ENU0118,Andhra Pradesh,58,Male,Graduate,None,Not in Labour Force,0,0,5,2025-03-22,False
REC006772,ENU0011,Assam,22,Female,Graduate,Sales Executive,Employed,65,32920,4,2025-02-23,False
REC006773,ENU0007,Punjab,14,Female,Primary,None,Not in Labour Force,0,0,5,2025-06-21,False
REC006774,ENU0088,Madhya Pradesh,17,Female,Graduate,None,Not in Labour Force,0,0,5,2025-07-13,False
REC006775,ENU0225,West Bengal,50,Male,Secondary,None,Unemployed,0,0,4,2025-06-07,False
REC006776,ENU0226,Rajasthan,47,Male,Primary,Construction Worker,Employed,32,5525,7,2025-03-02,False
REC006777,ENU0178,Punjab,36,Female,Secondary,Shop Assistant,Employed,26,7028,5,2025-01-20,False
REC006778,ENU0185,West Bengal,16,Male,Secondary,None,Not in Labour Force,0,0,4,2025-11-12,False
REC006779,ENU0009,Uttar Pradesh,40,Male,Post Graduate,None,Unemployed,0,0,5,2025-03-10,False
REC006780,ENU0113,Karnataka,27,Male,Primary,None,Not in Labour Force,0,0,2,2025-10-30,False
REC006781,ENU0034,Bihar,64,Male,Graduate,None,Unemployed,0,0,1,2025-10-23,False
REC006782,ENU0072,Punjab,54,Female,Secondary,None,Not in Labour Force,4,0,3,2025-10-22,False
REC006783,ENU0016,Maharashtra,10,Male,Primary,None,Not in Labour Force,0,0,7,2025-01-26,False
REC006784,ENU0011,Andhra Pradesh,80,Male,Secondary,None,Not in Labour Force,0,0,6,2025-11-17,False
REC006785,ENU0090,Odisha,28,Male,Secondary,None,Unemployed,0,0,11,2025-02-06,False
REC006786,ENU0154,Bihar,75,Female,Primary,None,Unemployed,0,0,3,2025-03-11,False
REC006787,ENU0152,Assam,36,Female,Primary,Factory Worker,Employed,41,10783,5,2025-05-18,False
REC006788,ENU0063,Gujarat,16,Male,Graduate,None,Not in Labour Force,0,0,4,2025-01-04,False
REC006789,ENU0116,Bihar,55,Female,Primary,Street Vendor,Unemployed,0,0,2,2025-10-27,False
REC006790,ENU0155,Rajasthan,26,Male,Secondary,None,Not in Labour Force,0,0,5,2025-12-25,False
REC006791,ENU0097,Rajasthan,42,Male,Higher Secondary,Driver,Employed,43,13132,8,2025-11-12,False
REC006792,ENU0052,Uttar Pradesh,64,Male,Graduate,Teacher,Employed,44,21285,3,2025-09-09,False
REC006793,ENU0059,Telangana,34,Male,Primary,Domestic Help,Employed,46,5752,4,2025-11-24,False
REC006794,ENU0050,Uttar Pradesh,24,Male,Higher Secondary,Technician,Employed,32,12898,2,2025-01-15,False
REC006795,ENU0116,Madhya Pradesh,10,Female,Primary,None,Not in Labour Force,0,0,4,2025-08-12,False
REC006796,ENU0018,West Bengal,43,Female,Higher Secondary,Shop Assistant,Employed,35,8075,5,2025-09-27,False
REC006797,ENU0119,Odisha,50,Male,Primary,Domestic Help,Employed,40,4916,3,2025-11-08,False
REC006798,ENU0153,Rajasthan,34,Female,Graduate,Clerk,Employed,29,13010,4,2025-06-14,False
REC006799,ENU0096,Bihar,38,Female,Graduate,Clerk,Employed,46,7707,2,2025-04-28,False
REC006800,ENU0196,West Bengal,76,Female,Primary,None,Not in Labour Force,0,0,3,2025-01-02,False
REC006801,ENU0240,Rajasthan,38,Female,Higher Secondary,Carpenter,Employed,31,8703,3,2025-01-20,False
REC006802,ENU0217,Odisha,33,Female,Graduate,None,Not in Labour Force,0,0,3,2025-03-29,False
REC006803,ENU0008,Madhya Pradesh,78,Female,Primary,None,Not in Labour Force,2,0,5,2025-03-22,False
REC006804,ENU0076,Gujarat,10,Male,Primary,None,Not in Labour Force,0,0,2,2025-04-06,False
REC006805,ENU0053,Karnataka,41,Female,Higher Secondary,Carpenter,Employed,31,8963,5,2025-07-23,False
REC006806,ENU0094,Tamil Nadu,33,Male,Secondary,Carpenter,Employed,44,11028,4,2025-04-29,False
REC006807,ENU0110,Assam,29,Female,Graduate,Teacher,Employed,38,19840,5,2025-11-25,False
REC006808,ENU0038,West Bengal,41,Male,Illiterate,None,Unemployed,0,0,4,2025-07-10,False
REC006809,ENU0070,Assam,41,Female,Post Graduate,Teacher,Employed,41,19649,4,2025-10-23,False
REC006810,ENU0190,West Bengal,11,Female,Primary,None,Not in Labour Force,0,0,5,2025-07-25,False
REC006811,ENU0031,Gujarat,38,Female,Graduate,Teacher,Employed,51,29653,5,2025-05-24,False
REC006812,ENU0225,Odisha,37,Male,Secondary,None,Not in Labour Force,0,0,1,2025-01-22,False
REC006813,ENU0171,Rajasthan,41,Male,Illiterate,Agricultural Labourer,Employed,32,4358,3,2025-06-02,False
REC006814,ENU0154,Maharashtra,16,Male,Secondary,Carpenter,Employed,19,6007,3,2025-03-08,False
REC006815,ENU0205,Karnataka,51,Male,Secondary,Shop Assistant,Employed,44,8272,9,2025-06-29,False
REC006816,ENU0172,Madhya Pradesh,32,Male,Secondary,Driver,Employed,45,13313,3,2025-03-21,False
REC006817,ENU0077,Andhra Pradesh,30,Male,Illiterate,Domestic Help,Employed,44,5459,4,2025-12-15,False
REC006818,ENU0029,Telangana,51,Female,Secondary,None,Not in Labour Force,0,0,7,2025-10-30,False
REC006819,ENU0203,Bihar,26,Male,Primary,Domestic Help,Unemployed,0,0,5,2025-04-24,False
REC006820,ENU0126,Maharashtra,56,Male,Secondary,None,Not in Labour Force,0,0,6,2025-01-13,False
REC006821,ENU0243,Kerala,45,Female,Graduate,IT Professional,Employed,48,87475,2,2025-04-08,False
REC006822,ENU0174,Uttar Pradesh,32,Female,Illiterate,Domestic Help,Employed,40,5921,4,2025-01-05,False
REC006823,ENU0230,Punjab,150,Female,Graduate,None,Unemployed,0,0,2,2025-06-01,True
REC006824,ENU0130,Punjab,16,Female,Higher Secondary,Carpenter,Employed,44,12028,5,2025-10-27,False
REC006825,ENU0010,Punjab,13,Female,Primary,None,Not in Labour Force,0,0,4,2025-03-02,False
REC006826,ENU0167,Assam,13,Male,Primary,None,Not in Labour Force,0,0,5,2025-03-26,False
REC006827,ENU0141,Tamil Nadu,47,Female,Secondary,Street Vendor,Employed,12,1826,4,2025-07-24,False
REC006828,ENU0104,Karnataka,38,Female,Graduate,None,Not in Labour Force,8,0,5,2025-06-01,False
REC006829,ENU0176,West Bengal,68,Male,Graduate,None,Not in Labour Force,0,0,7,2025-11-12,False
REC006830,ENU0173,Assam,42,Female,Secondary,Carpenter,Employed,55,14136,3,2025-04-03,False
REC006831,ENU0167,Maharashtra,35,Male,Higher Secondary,None,Not in Labour Force,0,0,3,2025-01-07,False
REC006832,ENU0192,Maharashtra,19,Male,Primary,None,Unemployed,0,0,6,2025-02-27,False
REC006833,ENU0070,Tamil Nadu,27,Female,Secondary,Shop Assistant,Employed,49,7270,5,2025-01-05,False
REC006834,ENU0207,Tamil Nadu,63,Female,Graduate,None,Not in Labour Force,0,0,6,2025-12-21,False
REC006835,ENU0039,Maharashtra,36,Female,Graduate,None,Not in Labour Force,9,0,2,2025-02-14,False
REC006836,ENU0157,Maharashtra,57,Male,Graduate,Clerk,Employed,52,22169,1,2025-03-06,False
REC006837,ENU0147,West Bengal,72,Female,Higher Secondary,None,Not in Labour Force,0,0,4,2025-12-01,False
REC006838,ENU0108,Tamil Nadu,13,Female,Primary,None,Not in Labour Force,0,0,2,2025-02-11,False
REC006839,ENU0031,Madhya Pradesh,9,Female,Primary,None,Not in Labour Force,0,0,5,2025-02-09,False
REC006840,ENU0079,West Bengal,8,Male,Primary,None,Not in Labour Force,0,0,3,2025-12-13,False
REC006841,ENU0051,Uttar Pradesh,37,Female,Secondary,None,Unemployed,0,0,5,2025-07-13,False
REC006842,ENU0101,Karnataka,28,Male,Graduate,Teacher,Employed,51,24521,1,2025-11-22,False
REC006843,ENU0217,Maharashtra,21,Female,Graduate,Bank Employee,Employed,52,35843,5,2025-05-14,False
REC006844,ENU0004,Telangana,44,Female,Graduate,Sales Executive,Employed,36,17579,4,2025-05-08,False
REC006845,ENU0218,Rajasthan,29,Male,Secondary,Street Vendor,Employed,72,13228,7,2025-11-03,False
REC006846,ENU0012,Madhya Pradesh,37,Female,Secondary,Driver,Employed,36,13207,4,2025-04-02,False
REC006847,ENU0164,Gujarat,44,Male,Higher Secondary,None,Not in Labour Force,0,0,4,2025-10-14,False
REC006848,ENU0068,Uttar Pradesh,45,Male,Primary,Domestic Help,Employed,48,5616,8,2025-07-28,False
REC006849,ENU0148,Uttar Pradesh,72,Female,Secondary,None,Not in Labour Force,0,0,7,2025-09-09,False
REC006850,ENU0236,Karnataka,63,Male,Post Graduate,None,Not in Labour Force,0,0,7,2025-05-16,False
REC006851,ENU0208,Uttar Pradesh,42,Male,Graduate,Bank Employee,Employed,35,28456,10,2025-07-16,False
REC006852,ENU0199,Odisha,70,Female,Primary,None,Not in Labour Force,2,0,2,2025-09-29,False
REC006853,ENU0104,Odisha,5,Female,Illiterate,None,Not in Labour Force,0,0,4,2025-11-21,False
REC006854,ENU0152,Punjab,51,Male,Post Graduate,IT Professional,Employed,56,45398,8,2025-03-20,False
REC006855,ENU0182,Assam,46,Female,Primary,Street Vendor,Employed,69,16024,2,2025-03-31,False
REC006856,ENU0046,Assam,8,Female,Primary,None,Not in Labour Force,0,0,3,2025-02-24,False
REC006857,ENU0124,Telangana,48,Female,Higher Secondary,Clerk,Employed,57,26601,3,2025-04-18,False
REC006858,ENU0143,Uttar Pradesh,26,Female,Primary,Construction Worker,Employed,50,7635,1,2025-10-13,False
REC006859,ENU0023,West Bengal,15,Male,Illiterate,None,Not in Labour Force,0,0,2,2025-08-10,False
REC006860,ENU0120,Odisha,15,Male,Primary,None,Not in Labour Force,0,0,5,2025-06-13,False
REC006861,ENU0200,Telangana,38,Male,Illiterate,Construction Worker,Employed,44,10784,3,2025-05-24,False
REC006862,ENU0089,Assam,48,Male,Secondary,Factory Worker,Employed,50,9388,6,2025-03-01,False
REC006863,ENU0013,Punjab,30,Female,Graduate,None,Unemployed,0,0,7,2025-04-26,False
REC006864,ENU0012,Punjab,26,Male,Secondary,None,Not in Labour Force,0,0,5,2025-03-07,False
REC006865,ENU0028,Punjab,51,Female,Higher Secondary,None,Not in Labour Force,0,0,3,2025-06-12,False
REC006866,ENU0063,Odisha,75,Female,Graduate,None,Not in Labour Force,4,0,2,2025-02-17,False
REC006867,ENU0237,Madhya Pradesh,20,Female,Post Graduate,None,Unemployed,0,0,6,2025-12-22,False
REC006868,ENU0004,Andhra Pradesh,43,Male,Secondary,Carpenter,Employed,31,10476,4,2025-09-24,False
REC006869,ENU0110,Maharashtra,46,Female,Secondary,None,Not in Labour Force,7,0,5,2025-01-15,False
REC006870,ENU0037,West Bengal,19,Male,Post Graduate,None,Not in Labour Force,0,0,4,2025-02-17,False
REC006871,ENU0033,West Bengal,40,Female,Graduate,Teacher,Employed,61,29592,2,2025-05-27,False
REC006872,ENU0124,West Bengal,40,Male,Primary,Factory Worker,Employed,35,8862,2,2025-10-24,False
REC006873,ENU0093,Tamil Nadu,25,Female,Graduate,Sales Executive,Employed,29,9511,3,2025-06-07,False
REC006874,ENU0092,Gujarat,29,Male,Post Graduate,IT Professional,Employed,39,65347,8,2025-02-09,False
REC006875,ENU0004,Karnataka,72,Male,Illiterate,None,Not in Labour Force,0,0,4,2025-12-10,False
REC006876,ENU0243,Maharashtra,54,Female,Graduate,Teacher,Employed,45,24103,2,2025-04-24,False
REC006877,ENU0087,Assam,56,Male,Higher Secondary,None,Not in Labour Force,0,0,1,2025-10-30,False
REC006878,ENU0076,Andhra Pradesh,26,Male,Higher Secondary,Carpenter,Employed,16,5425,2,2025-08-31,False
REC006879,ENU0019,Maharashtra,40,Male,Graduate,None,Not in Labour Force,4,0,5,2025-08-31,False
REC006880,ENU0019,Karnataka,34,Male,Secondary,Carpenter,Employed,34,9514,6,2025-02-11,False
REC006881,ENU0026,Karnataka,44,Male,Higher Secondary,Driver,Employed,37,8375,3,2025-05-16,False
REC006882,ENU0117,Tamil Nadu,51,Male,Post Graduate,Teacher,Employed,38,23251,5,2025-05-12,False
REC006883,ENU0233,Tamil Nadu,13,Female,Primary,None,Not in Labour Force,0,0,6,2025-07-01,False
REC006884,ENU0003,Madhya Pradesh,47,Male,Secondary,Carpenter,Employed,41,16313,4,2025-01-23,False
REC006885,ENU0203,Punjab,59,Male,Higher Secondary,Clerk,Employed,73,33657,6,2025-03-13,False
REC006886,ENU0011,Uttar Pradesh,79,Male,Secondary,None,Not in Labour Force,0,0,3,2025-10-08,False
REC006887,ENU0178,Odisha,69,Male,Secondary,None,Not in Labour Force,7,0,5,2025-10-06,False
REC006888,ENU0220,Madhya Pradesh,52,Male,Higher Secondary,Clerk,Employed,33,13909,5,2025-10-03,False
REC006889,ENU0213,Odisha,49,Female,Graduate,Teacher,Employed,44,25148,4,2025-07-06,False
REC006890,ENU0120,Telangana,48,Female,Illiterate,None,Not in Labour Force,0,0,7,2025-10-18,False
REC006891,ENU0100,Karnataka,16,Female,Higher Secondary,Driver,Employed,34,7839,6,2025-03-20,False
REC006892,ENU0139,Punjab,34,Female,Secondary,Shop Assistant,Employed,47,9564,2,2025-09-02,False
REC006893,ENU0211,Kerala,48,Male,Primary,Factory Worker,Employed,38,9825,3,2025-07-29,False
REC006894,ENU0218,Karnataka,27,Female,Primary,Construction Worker,Employed,42,6918,2,2025-01-06,False
REC006895,ENU0151,Odisha,33,Male,Post Graduate,Doctor,Employed,52,108829,4,2025-01-29,False
REC006896,ENU0038,Tamil Nadu,31,Male,Illiterate,None,Unemployed,0,0,4,2025-11-08,False
REC006897,ENU0042,Andhra Pradesh,16,Male,Secondary,Street Vendor,Employed,25,4979,1,2025-12-09,False
REC006898,ENU0241,Bihar,36,Female,Higher Secondary,Shop Assistant,Employed,48,3893,5,2025-03-17,False
REC006899,ENU0028,Assam,50,Male,Illiterate,Agricultural Labourer,Employed,35,6114,1,2025-07-16,False
REC006900,ENU0077,Gujarat,8,Female,Primary,None,Not in Labour Force,0,0,1,2025-02-08,False
REC006901,ENU0146,Tamil Nadu,34,Male,Higher Secondary,None,Unemployed,0,0,2,2025-03-20,False
REC006902,ENU0101,Assam,24,Male,Primary,Domestic Help,Employed,53,7441,3,2025-06-15,False
REC006903,ENU0041,Assam,59,Female,Graduate,None,Not in Labour Force,5,0,3,2025-05-06,False
REC006904,ENU0074,Kerala,16,Male,Higher Secondary,None,Not in Labour Force,0,0,5,2025-04-04,False
REC006905,ENU0203,Karnataka,36,Male,Secondary,Shop Assistant,Employed,47,8373,6,2025-08-08,False
REC006906,ENU0119,Odisha,37,Male,Secondary,None,Unemployed,0,0,5,2025-11-13,False
REC006907,ENU0104,Bihar,32,Male,Secondary,Factory Worker,Unemployed,0,0,4,2025-12-03,False
REC006908,ENU0096,Maharashtra,51,Male,Illiterate,Street Vendor,Employed,46,7087,7,2025-04-11,False
REC006909,ENU0040,Andhra Pradesh,55,Female,Primary,Agricultural Labourer,Employed,30,3509,4,2025-12-03,False
REC006910,ENU0130,Kerala,18,Male,Illiterate,Domestic Help,Employed,37,4407,7,2025-09-18,False
REC006911,ENU0130,Karnataka,23,Female,Graduate,None,Unemployed,0,0,7,2025-02-10,False
REC006912,ENU0006,Telangana,56,Female,Higher Secondary,None,Not in Labour Force,0,0,4,2025-02-24,False
REC006913,ENU0208,Karnataka,31,Male,Post Graduate,Engineer,Employed,46,85304,5,2025-02-27,False
REC006914,ENU0083,Andhra Pradesh,56,Female,Primary,Agricultural Labourer,Employed,39,8168,6,2025-11-06,False
REC006915,ENU0175,Telangana,28,Other,Graduate,Bank Employee,Employed,42,38627,8,2025-06-13,False
REC006916,ENU0224,West Bengal,48,Male,Secondary,None,Not in Labour Force,2,0,6,2025-06-19,False
REC006917,ENU0008,Rajasthan,21,Male,Higher Secondary,None,Unemployed,0,0,4,2025-12-14,False
REC006918,ENU0009,Maharashtra,12,Female,Primary,None,Not in Labour Force,0,0,2,2025-12-05,False
REC006919,ENU0106,Bihar,19,Male,Post Graduate,None,Unemployed,0,0,5,2025-01-11,False
REC006920,ENU0096,Kerala,16,Female,Higher Secondary,None,Not in Labour Force,0,0,3,2025-09-29,False
REC006921,ENU0024,Assam,24,Male,Higher Secondary,Technician,Employed,44,12855,5,2025-09-19,False
REC006922,ENU0129,Odisha,76,Female,Primary,None,Not in Labour Force,0,0,2,2025-05-09,False
REC006923,ENU0113,Gujarat,46,Male,Secondary,Carpenter,Employed,46,15289,7,2025-04-10,False
REC006924,ENU0161,Andhra Pradesh,39,Male,Secondary,Shop Assistant,Employed,38,10957,4,2025-02-20,False
REC006925,ENU0066,Rajasthan,15,Male,Primary,None,Not in Labour Force,4,0,7,2025-05-11,False
REC006926,ENU0047,Maharashtra,59,Female,Higher Secondary,Shop Assistant,Employed,58,16366,2,2025-10-27,False
REC006927,ENU0118,Maharashtra,61,Female,Higher Secondary,Shop Assistant,Employed,22,4150,2,2025-04-06,False
REC006928,ENU0238,Assam,60,Female,Graduate,None,Not in Labour Force,0,0,7,2025-09-05,False
REC006929,ENU0081,Maharashtra,65,Male,Graduate,None,Not in Labour Force,0,0,5,2025-09-27,False
REC006930,ENU0216,Punjab,30,Male,Primary,Street Vendor,Employed,59,9007,3,2025-10-31,False
REC006931,ENU0225,Odisha,27,Male,Post Graduate,None,Unemployed,0,0,3,2025-08-02,False
REC006932,ENU0092,Andhra Pradesh,12,Male,Primary,None,Not in Labour Force,0,0,5,2025-02-04,False
REC006933,ENU0073,Maharashtra,24,Female,Illiterate,None,Unemployed,0,0,3,2025-11-06,False
REC006934,ENU0052,Kerala,44,Male,Higher Secondary,Clerk,Employed,45,25448,6,2025-05-31,False
REC006935,ENU0246,Punjab,27,Male,Secondary,Shop Assistant,Employed,59,17101,6,2025-04-24,False
REC006936,ENU0083,Bihar,57,Female,Graduate,Clerk,Unemployed,0,0,7,2025-02-13,False
REC006937,ENU0069,Kerala,49,Female,Graduate,Clerk,Employed,35,15285,4,2025-07-07,False
REC006938,ENU0087,Karnataka,57,Male,Illiterate,Street Vendor,Employed,33,5670,2,2025-12-13,False
REC006939,ENU0040,Rajasthan,80,Male,Secondary,None,Not in Labour Force,0,0,5,2025-01-14,False
REC006940,ENU0224,Odisha,27,Male,Illiterate,Domestic Help,Employed,56,8378,3,2025-01-17,False
REC006941,ENU0097,Bihar,46,Male,Post Graduate,Bank Employee,Employed,35,15519,2,2025-05-20,False
REC006942,ENU0013,Assam,13,Female,Primary,None,Not in Labour Force,4,0,2,2025-12-18,False
REC006943,ENU0167,Uttar Pradesh,74,Male,Graduate,None,Not in Labour Force,6,0,4,2025-04-12,False
REC006944,ENU0218,Karnataka,20,Male,Secondary,None,Unemployed,0,0,5,2025-03-15,False
REC006945,ENU0022,Gujarat,45,Male,Higher Secondary,Driver,Employed,42,6248,2,2025-01-20,False
REC006946,ENU0117,Karnataka,56,Male,Post Graduate,Bank Employee,Employed,34,33279,4,2025-07-26,False
REC006947,ENU0006,Maharashtra,28,Female,Primary,Agricultural Labourer,Employed,48,8331,6,2025-11-29,False
REC006948,ENU0029,Rajasthan,10,Female,Primary,None,Not in Labour Force,0,0,0,2025-08-30,True
REC006949,ENU0078,Madhya Pradesh,34,Female,Secondary,Factory Worker,Employed,47,13076,2,2025-04-19,False
REC006950,ENU0244,Bihar,26,Female,Higher Secondary,None,Not in Labour Force,0,0,2,2025-03-24,False
REC006951,ENU0249,Assam,35,Male,Primary,None,Not in Labour Force,5,0,6,2025-09-27,False
REC006952,ENU0239,Uttar Pradesh,37,Male,Primary,Agricultural Labourer,Employed,39,6031,3,2025-12-05,False
REC006953,ENU0130,Bihar,76,Female,Secondary,None,Unemployed,0,0,5,2025-07-15,False
REC006954,ENU0142,Tamil Nadu,43,Male,Secondary,Driver,Employed,54,10110,6,2025-05-30,False
REC006955,ENU0063,Andhra Pradesh,31,Female,Secondary,None,Not in Labour Force,7,0,1,2025-06-22,False
REC006956,ENU0055,Bihar,40,Other,Higher Secondary,None,Unemployed,0,0,3,2025-05-01,False
REC006957,ENU0189,Telangana,37,Male,Primary,None,Unemployed,0,0,4,2025-07-25,False
REC006958,ENU0250,Telangana,30,Female,Secondary,None,Unemployed,0,0,6,2025-05-26,False
REC006959,ENU0094,Assam,25,Female,Secondary,None,Not in Labour Force,0,0,5,2025-06-22,False
REC006960,ENU0008,Uttar Pradesh,22,Female,Primary,None,Unemployed,0,0,8,2025-04-16,False
REC006961,ENU0157,Rajasthan,16,Male,Primary,Street Vendor,Employed,49,6861,1,2025-06-15,False
REC006962,ENU0045,Madhya Pradesh,48,Male,Primary,Agricultural Labourer,Employed,50,8052,4,2025-07-06,False
REC006963,ENU0063,Tamil Nadu,31,Male,Graduate,Clerk,Employed,34,16426,5,2025-11-14,False
REC006964,ENU0190,Tamil Nadu,31,Female,Graduate,None,Not in Labour Force,3,0,2,2025-01-20,False
REC006965,ENU0097,West Bengal,83,Male,Primary,None,Not in Labour Force,0,0,3,2025-11-04,False
REC006966,ENU0037,Uttar Pradesh,28,Female,Illiterate,None,Unemployed,0,0,5,2025-09-04,False
REC006967,ENU0196,Assam,32,Male,Post Graduate,IT Professional,Employed,46,42339,4,2025-04-25,False
REC006968,ENU0075,Gujarat,51,Male,Higher Secondary,Carpenter,Employed,25,7410,5,2025-11-05,False
REC006969,ENU0246,Maharashtra,31,Male,Higher Secondary,Carpenter,Employed,46,10610,8,2025-07-08,False
REC006970,ENU0182,Uttar Pradesh,72,Female,Secondary,None,Not in Labour Force,0,0,2,2025-05-03,False
REC006971,ENU0057,Karnataka,24,Other,Secondary,Shop Assistant,Employed,38,8681,1,2025-12-03,False
REC006972,ENU0151,Madhya Pradesh,35,Female,Higher Secondary,Technician,Employed,39,16854,3,2025-04-11,False
REC006973,ENU0024,Tamil Nadu,23,Female,Primary,None,Unemployed,0,0,3,2025-03-16,False
REC006974,ENU0237,Kerala,52,Male,Post Graduate,None,Not in Labour Force,3,0,1,2025-01-15,False
REC006975,ENU0236,Maharashtra,35,Female,Primary,None,Unemployed,0,0,8,2025-12-27,False
REC006976,ENU0134,Madhya Pradesh,40,Female,Higher Secondary,Carpenter,Employed,46,8350,7,2025-05-29,False
REC006977,ENU0239,Maharashtra,10,Male,Primary,None,Not in Labour Force,6,0,4,2025-10-16,False
REC006978,ENU0023,Rajasthan,45,Male,Primary,None,Not in Labour Force,0,0,1,2025-09-17,False
REC006979,ENU0208,Telangana,33,Male,Secondary,None,Not in Labour Force,0,0,6,2025-12-23,False
REC006980,ENU0087,Bihar,48,Female,Secondary,Shop Assistant,Employed,44,5048,2,2025-08-07,False
REC006981,ENU0239,Odisha,10,Male,Primary,None,Not in Labour Force,0,0,8,2025-09-19,False
REC006982,ENU0250,Karnataka,38,Female,Post Graduate,Teacher,Employed,32,18783,3,2025-03-20,False
REC006983,ENU0230,Uttar Pradesh,39,Female,Higher Secondary,Carpenter,Employed,76,22804,3,2025-02-26,False
REC006984,ENU0201,Telangana,66,Female,Secondary,None,Not in Labour Force,0,0,4,2025-02-05,False
REC006985,ENU0170,Kerala,34,Male,Secondary,Shop Assistant,Employed,46,9971,6,2025-11-09,False
REC006986,ENU0089,Odisha,67,Male,Illiterate,None,Not in Labour Force,0,0,3,2025-07-26,False
REC006987,ENU0228,Gujarat,12,Male,Primary,None,Not in Labour Force,0,0,1,2025-04-11,False
REC006988,ENU0149,Bihar,45,Male,Primary,Street Vendor,Employed,60,5799,5,2025-12-11,False
REC006989,ENU0143,Maharashtra,63,Male,Higher Secondary,None,Not in Labour Force,3,0,1,2025-09-30,False
REC006990,ENU0170,West Bengal,17,Female,Secondary,None,Not in Labour Force,0,0,5,2025-02-02,False
REC006991,ENU0013,Punjab,39,Female,Graduate,Teacher,Employed,42,25472,3,2025-08-12,False
REC006992,ENU0032,Rajasthan,69,Male,Secondary,None,Not in Labour Force,9,0,1,2025-07-26,False
REC006993,ENU0148,Karnataka,44,Female,Primary,Domestic Help,Employed,60,10028,3,2025-01-11,False
REC006994,ENU0230,Tamil Nadu,23,Male,Primary,None,Not in Labour Force,0,0,5,2025-09-11,False
REC006995,ENU0142,Punjab,37,Male,Illiterate,Street Vendor,Employed,47,5903,1,2025-08-15,False
REC006996,ENU0027,Andhra Pradesh,36,Female,Illiterate,None,Not in Labour Force,8,0,5,2025-12-02,False
REC006997,ENU0250,Kerala,12,Male,Primary,None,Not in Labour Force,0,0,8,2025-01-08,False
REC006998,ENU0201,Uttar Pradesh,31,Female,Graduate,Clerk,Employed,41,22910,4,2025-02-09,False
REC006999,ENU0003,Maharashtra,53,Female,Secondary,Factory Worker,Employed,62,14723,5,2025-12-02,False
REC007000,ENU0114,Odisha,31,Female,Secondary,Carpenter,Employed,23,7881,3,2025-08-29,False
REC007001,ENU0116,Uttar Pradesh,45,Male,Higher Secondary,Clerk,Employed,50,17117,1,2025-04-01,False
REC007002,ENU0134,Maharashtra,45,Female,Post Graduate,Doctor,Employed,63,122969,3,2025-01-03,False
REC007003,ENU0213,Bihar,50,Male,Secondary,Carpenter,Employed,46,5123,4,2025-08-21,False
REC007004,ENU0187,Punjab,31,Female,Secondary,Driver,Employed,33,9712,2,2025-03-14,False
REC007005,ENU0164,Kerala,65,Male,Secondary,None,Not in Labour Force,2,0,2,2025-07-15,False
REC007006,ENU0159,Odisha,37,Female,Graduate,Teacher,Employed,44,30120,2,2025-07-15,False
REC007007,ENU0045,Karnataka,36,Male,Primary,Agricultural Labourer,Employed,40,7961,2,2025-01-02,False
REC007008,ENU0224,Gujarat,29,Male,Primary,None,Unemployed,0,0,9,2025-05-28,False
REC007009,ENU0119,Odisha,46,Female,Higher Secondary,Shop Assistant,Employed,63,15456,3,2025-02-25,False
REC007010,ENU0015,Madhya Pradesh,27,Male,Primary,Street Vendor,Employed,20,3631,7,2025-10-16,False
REC007011,ENU0089,Gujarat,72,Female,Primary,None,Not in Labour Force,5,0,4,2025-08-24,False
REC007012,ENU0042,Assam,30,Male,Secondary,Factory Worker,Employed,45,10787,4,2025-08-15,False
REC007013,ENU0050,Odisha,13,Male,Primary,None,Not in Labour Force,0,0,5,2025-07-14,False
REC007014,ENU0148,West Bengal,40,Female,Secondary,Carpenter,Employed,55,12682,4,2025-04-09,False
REC007015,ENU0147,Assam,47,Female,Primary,None,Not in Labour Force,0,0,4,2025-02-22,False
REC007016,ENU0091,Assam,37,Male,Higher Secondary,None,Not in Labour Force,0,0,3,2025-11-22,False
REC007017,ENU0184,Karnataka,55,Female,Primary,Domestic Help,Employed,61,8134,5,2025-04-26,False
REC007018,ENU0135,Punjab,45,Male,Graduate,IT Professional,Employed,31,42461,7,2025-04-28,False
REC007019,ENU0141,Rajasthan,13,Male,Primary,None,Not in Labour Force,0,0,3,2025-03-12,False
REC007020,ENU0170,Karnataka,22,Female,Graduate,None,Not in Labour Force,0,0,9,2025-06-01,False
REC007021,ENU0037,Punjab,25,Male,Secondary,None,Not in Labour Force,0,0,2,2025-02-02,False
REC007022,ENU0174,Madhya Pradesh,60,Male,Primary,None,Not in Labour Force,8,0,6,2025-09-30,False
REC007023,ENU0171,Punjab,29,Female,Post Graduate,None,Not in Labour Force,0,0,1,2025-03-17,False
REC007024,ENU0177,Telangana,51,Male,Secondary,Factory Worker,Employed,77,18535,8,2025-05-07,False
REC007025,ENU0216,Madhya Pradesh,44,Female,Graduate,Teacher,Employed,50,24938,6,2025-11-06,False
REC007026,ENU0077,Madhya Pradesh,75,Male,Primary,None,Not in Labour Force,0,0,4,2025-01-07,False
REC007027,ENU0046,Andhra Pradesh,8,Female,Primary,None,Not in Labour Force,3,0,5,2025-09-29,False
REC007028,ENU0095,Gujarat,31,Female,Graduate,Bank Employee,Employed,32,26864,5,2025-11-16,False
REC007029,ENU0028,West Bengal,33,Female,Primary,None,Unemployed,0,0,5,2025-08-24,False
REC007030,ENU0181,Andhra Pradesh,50,Female,Secondary,Street Vendor,Employed,50,8925,6,2025-02-01,False
REC007031,ENU0177,Kerala,65,Male,Post Graduate,Teacher,Employed,37,19307,3,2025-02-25,False
REC007032,ENU0053,Telangana,43,Male,Higher Secondary,None,Not in Labour Force,0,0,1,2025-12-14,False
REC007033,ENU0205,Andhra Pradesh,16,Male,Graduate,Clerk,Employed,40,16756,2,2025-10-27,False
REC007034,ENU0039,Odisha,56,Female,Graduate,Bank Employee,Employed,53,51205,6,2025-10-29,False
REC007035,ENU0078,Bihar,29,Female,Secondary,Driver,Employed,38,3205,4,2025-02-17,False
REC007036,ENU0031,Bihar,34,Female,Primary,None,Unemployed,0,0,6,2025-06-02,False
REC007037,ENU0183,Madhya Pradesh,22,Male,Secondary,Driver,Employed,44,12274,4,2025-07-03,False
REC007038,ENU0065,West Bengal,29,Male,Graduate,None,Not in Labour Force,0,0,3,2025-10-19,False
REC007039,ENU0052,Madhya Pradesh,40,Female,Higher Secondary,Carpenter,Employed,21,6445,6,2025-11-06,False
REC007040,ENU0167,Bihar,31,Male,Primary,Construction Worker,Unemployed,0,0,3,2025-04-29,False
REC007041,ENU0029,Assam,22,Male,Higher Secondary,Carpenter,Employed,65,18046,3,2025-06-28,False
REC007042,ENU0068,Andhra Pradesh,43,Male,Higher Secondary,Clerk,Employed,31,9937,6,2025-11-11,False
REC007043,ENU0194,Odisha,12,Female,Primary,None,Not in Labour Force,0,0,1,2025-01-27,False
REC007044,ENU0221,Assam,23,Male,Secondary,Driver,Employed,57,21377,1,2025-10-30,False
REC007045,ENU0201,Andhra Pradesh,19,Male,Higher Secondary,None,Unemployed,0,0,5,2025-01-12,False
REC007046,ENU0053,Karnataka,40,Other,Secondary,Carpenter,Employed,45,14460,6,2025-01-06,False
REC007047,ENU0106,Assam,69,Male,Graduate,None,Not in Labour Force,4,0,2,2025-07-15,False
REC007048,ENU0048,Bihar,38,Female,Primary,Agricultural Labourer,Unemployed,0,0,6,2025-02-22,False
REC007049,ENU0056,Karnataka,73,Female,Secondary,None,Not in Labour Force,0,0,2,2025-10-26,False
REC007050,ENU0202,Madhya Pradesh,24,Male,Secondary,None,Unemployed,0,0,1,2025-06-17,False
REC007051,ENU0016,Karnataka,49,Female,Secondary,Carpenter,Employed,60,18639,3,2025-02-13,False
REC007052,ENU0040,Telangana,33,Male,Higher Secondary,Clerk,Employed,46,10878,6,2025-08-31,False
REC007053,ENU0052,Rajasthan,16,Female,Higher Secondary,None,Not in Labour Force,0,0,4,2025-10-18,False
REC007054,ENU0020,Andhra Pradesh,58,Male,Illiterate,None,Not in Labour Force,8,0,2,2025-12-30,False
REC007055,ENU0093,Maharashtra,9,Other,Primary,None,Not in Labour Force,0,0,3,2025-11-26,False
REC007056,ENU0213,Bihar,54,Male,Higher Secondary,Shop Assistant,Unemployed,0,0,4,2025-04-12,False
REC007057,ENU0141,West Bengal,38,Male,Secondary,None,Not in Labour Force,0,0,1,2025-06-25,False
REC007058,ENU0055,West Bengal,44,Female,Higher Secondary,Driver,Employed,40,9611,3,2025-02-19,False
REC007059,ENU0227,Gujarat,34,Female,Secondary,Shop Assistant,Employed,44,11411,2,2025-02-21,False
REC007060,ENU0037,Karnataka,68,Female,Higher Secondary,None,Not in Labour Force,0,0,3,2025-02-24,False
REC007061,ENU0154,Odisha,36,Female,Higher Secondary,Driver,Employed,32,8165,4,2025-08-05,False
REC007062,ENU0151,Rajasthan,31,Female,Illiterate,None,Unemployed,0,0,4,2025-06-16,False
REC007063,ENU0057,Maharashtra,48,Female,Primary,Agricultural Labourer,Employed,52,9070,8,2025-02-28,False
REC007064,ENU0248,Maharashtra,87,Female,Primary,None,Not in Labour Force,0,0,6,2025-09-01,False
REC007065,ENU0171,Rajasthan,28,Female,Graduate,None,Unemployed,0,0,3,2025-10-18,False
REC007066,ENU0134,Assam,59,Female,Secondary,Shop Assistant,Employed,37,9029,5,2025-04-13,False
REC007067,ENU0013,Tamil Nadu,44,Female,Secondary,Street Vendor,Employed,67,10197,7,2025-05-26,False
REC007068,ENU0245,Maharashtra,35,Female,Primary,Domestic Help,Employed,28,4208,1,2025-01-26,False
REC007069,ENU0013,Karnataka,50,Female,Higher Secondary,Shop Assistant,Employed,52,14002,6,2025-07-24,False
REC007070,ENU0021,Odisha,45,Male,Graduate,Bank Employee,Employed,38,37458,1,2025-07-03,False
REC007071,ENU0182,Rajasthan,35,Female,Higher Secondary,Clerk,Employed,42,4428692,4,2025-07-29,True
REC007072,ENU0112,Madhya Pradesh,69,Female,Secondary,None,Not in Labour Force,0,0,4,2025-12-29,False
REC007073,ENU0116,Odisha,27,Male,Secondary,Street Vendor,Employed,58,13381,5,2025-04-10,False
REC007074,ENU0037,Assam,39,Male,Higher Secondary,Driver,Employed,48,12502,8,2025-12-05,False
REC007075,ENU0135,Kerala,60,Male,Higher Secondary,None,Not in Labour Force,5,0,4,2025-02-08,False
REC007076,ENU0164,Andhra Pradesh,23,Male,Secondary,Driver,Employed,24,9051,4,2025-07-09,False
REC007077,ENU0036,Maharashtra,65,Female,Primary,Domestic Help,Employed,58,5857,4,2025-06-15,False
REC007078,ENU0184,Uttar Pradesh,21,Male,Illiterate,None,Unemployed,0,0,8,2025-08-04,False
REC007079,ENU0047,Andhra Pradesh,54,Female,Secondary,Driver,Employed,42,12990,3,2025-08-02,False
REC007080,ENU0141,Assam,41,Female,Primary,Domestic Help,Employed,47,6095,3,2025-08-10,False
REC007081,ENU0196,Punjab,20,Male,Higher Secondary,None,Unemployed,0,0,6,2025-08-18,False
REC007082,ENU0074,Odisha,39,Male,Primary,None,Unemployed,0,0,3,2025-04-21,False
REC007083,ENU0024,Andhra Pradesh,51,Female,Graduate,Sales Executive,Employed,44,27710,1,2025-12-18,False
REC007084,ENU0215,West Bengal,35,Female,Post Graduate,IT Professional,Employed,83,94131,4,2025-06-12,False
REC007085,ENU0129,Karnataka,39,Female,Primary,Factory Worker,Employed,54,16087,5,2025-06-16,False
REC007086,ENU0115,West Bengal,28,Female,Secondary,None,Unemployed,0,0,52,2025-05-18,True
REC007087,ENU0078,Madhya Pradesh,18,Male,Higher Secondary,None,Not in Labour Force,0,0,2,2025-05-22,False
REC007088,ENU0052,Karnataka,30,Female,Secondary,None,Unemployed,0,0,3,2025-12-17,False
REC007089,ENU0215,Andhra Pradesh,42,Female,Primary,Agricultural Labourer,Employed,34,7431,3,2025-10-20,False
REC007090,ENU0033,West Bengal,40,Female,Secondary,Street Vendor,Employed,29,3863,4,2025-07-25,False
REC007091,ENU0189,Telangana,73,Male,Graduate,None,Not in Labour Force,0,0,6,2025-06-21,False
REC007092,ENU0250,Bihar,24,Male,Primary,Factory Worker,Employed,44,3312,2,2025-05-24,False
REC007093,ENU0025,Assam,41,Male,Secondary,Factory Worker,Employed,43,15074,7,2025-07-16,False
REC007094,ENU0190,Uttar Pradesh,43,Male,Illiterate,None,Unemployed,0,0,3,2025-08-04,False
REC007095,ENU0250,Assam,57,Male,Higher Secondary,None,Not in Labour Force,9,0,1,2025-11-23,False
REC007096,ENU0014,Bihar,52,Male,Post Graduate,Teacher,Unemployed,0,0,3,2025-11-30,False
REC007097,ENU0063,Kerala,46,Male,Graduate,Clerk,Employed,57,22075,1,2025-04-07,False
REC007098,ENU0022,Maharashtra,44,Female,Primary,None,Not in Labour Force,0,0,2,2025-12-19,False
REC007099,ENU0180,Rajasthan,67,Female,Secondary,None,Not in Labour Force,0,0,3,2025-06-15,False
REC007100,ENU0029,Telangana,37,Female,Graduate,Teacher,Employed,130,27783,6,2025-06-01,True
REC007101,ENU0103,Odisha,28,Female,Secondary,Driver,Employed,42,15101,8,2025-08-03,False
REC007102,ENU0024,Punjab,11,Male,Primary,None,Not in Labour Force,4,0,3,2025-11-19,False
REC007103,ENU0132,Assam,69,Male,Secondary,None,Not in Labour Force,0,0,7,2025-03-13,False
REC007104,ENU0064,Telangana,33,Female,Graduate,Clerk,Employed,43,19776,7,2025-09-26,False
REC007105,ENU0200,Maharashtra,22,Male,Graduate,Teacher,Employed,67,39972,4,2025-09-26,False
REC007106,ENU0113,Tamil Nadu,30,Female,Higher Secondary,None,Not in Labour Force,1,0,2,2025-03-28,False
REC007107,ENU0084,Madhya Pradesh,29,Female,Primary,Domestic Help,Employed,49,8578,2,2025-08-03,False
REC007108,ENU0030,Assam,10,Female,Primary,None,Not in Labour Force,3,0,4,2025-01-12,False
REC007109,ENU0241,Odisha,47,Female,Primary,None,Unemployed,0,0,1,2025-06-12,False
REC007110,ENU0018,Madhya Pradesh,44,Female,Primary,Agricultural Labourer,Employed,52,6476,2,2025-05-27,False
REC007111,ENU0169,Bihar,27,Female,Primary,None,Not in Labour Force,0,0,1,2025-07-25,False
REC007112,ENU0219,Tamil Nadu,21,Male,Secondary,Driver,Employed,44,11990,4,2025-04-25,False
REC007113,ENU0191,Rajasthan,54,Male,Higher Secondary,None,Not in Labour Force,0,0,7,2025-07-24,False
REC007114,ENU0220,Telangana,25,Female,Secondary,Street Vendor,Employed,54,11298,3,2025-05-27,False
REC007115,ENU0080,Telangana,30,Male,Higher Secondary,None,Not in Labour Force,0,0,3,2025-11-24,False
REC007116,ENU0102,Telangana,19,Female,Primary,Domestic Help,Employed,18,2673,6,2025-01-05,False
REC007117,ENU0111,Rajasthan,14,Female,Primary,None,Not in Labour Force,0,0,3,2025-01-08,False
REC007118,ENU0144,Maharashtra,42,Male,Graduate,Sales Executive,Employed,42,20258,8,2025-11-12,False
REC007119,ENU0235,Telangana,36,Female,Graduate,IT Professional,Employed,34,43009,7,2025-11-28,False
REC007120,ENU0071,Andhra Pradesh,41,Male,Post Graduate,IT Professional,Employed,36,57247,4,2025-02-24,False
REC007121,ENU0091,Assam,44,Male,Higher Secondary,Driver,Employed,38,14230,7,2025-01-16,False
REC007122,ENU0200,Assam,37,Male,Higher Secondary,None,Unemployed,0,0,8,2025-08-20,False
REC007123,ENU0031,Andhra Pradesh,31,Female,Primary,Domestic Help,Employed,31,5384,3,2025-05-15,False
REC007124,ENU0169,Kerala,34,Female,Secondary,Factory Worker,Employed,49,11034,3,2025-09-24,False
REC007125,ENU0187,Assam,34,Male,Primary,Factory Worker,Employed,54,12501,4,2025-10-28,False
REC007126,ENU0238,West Bengal,89,Female,Secondary,None,Not in Labour Force,0,0,8,2025-07-06,False
REC007127,ENU0143,Uttar Pradesh,77,Other,Graduate,None,Not in Labour Force,4,0,4,2025-12-17,False
REC007128,ENU0147,Rajasthan,71,Male,Graduate,None,Not in Labour Force,0,0,6,2025-07-03,False
REC007129,ENU0233,Karnataka,15,Female,Primary,None,Not in Labour Force,4,0,2,2025-06-03,False
REC007130,ENU0083,Rajasthan,37,Male,Higher Secondary,Technician,Employed,65,18082,2,2025-11-05,False
REC007131,ENU0073,Tamil Nadu,8,Female,Primary,None,Not in Labour Force,0,0,6,2025-12-14,False
REC007132,ENU0221,Bihar,64,Female,Primary,None,Not in Labour Force,0,0,2,2025-11-30,False
REC007133,ENU0221,Telangana,37,Male,Higher Secondary,None,Not in Labour Force,0,0,6,2025-12-21,False
REC007134,ENU0115,Andhra Pradesh,59,Male,Primary,Domestic Help,Employed,33,4855,1,2025-12-19,False
REC007135,ENU0244,Karnataka,25,Male,Primary,Construction Worker,Employed,44,9283,2,2025-01-18,False
REC007136,ENU0095,Tamil Nadu,47,Male,Post Graduate,IT Professional,Employed,64,89785,3,2025-07-30,False
REC007137,ENU0218,Punjab,73,Female,Post Graduate,None,Not in Labour Force,2,0,4,2025-05-28,False
REC007138,ENU0036,Rajasthan,28,Female,Higher Secondary,None,Not in Labour Force,0,0,3,2025-03-21,False
REC007139,ENU0103,Gujarat,52,Male,Secondary,Driver,Employed,62,13084,3,2025-05-14,False
REC007140,ENU0081,West Bengal,20,Male,Secondary,Carpenter,Employed,54,16552,1,2025-02-09,False
REC007141,ENU0003,Bihar,68,Female,Secondary,None,Unemployed,0,0,3,2025-11-08,False
REC007142,ENU0178,Kerala,31,Female,Primary,Domestic Help,Employed,45,5577,3,2025-05-18,False
REC007143,ENU0099,Telangana,21,Male,Graduate,Bank Employee,Employed,45,51512,4,2025-08-09,False
REC007144,ENU0015,Uttar Pradesh,29,Male,Post Graduate,Government Officer,Employed,53,44615,5,2025-03-16,False
REC007145,ENU0048,Gujarat,29,Male,Primary,None,Not in Labour Force,0,0,7,2025-06-13,False
REC007146,ENU0249,Bihar,56,Female,Illiterate,Street Vendor,Employed,55,3918,4,2025-10-11,False
REC007147,ENU0054,Rajasthan,24,Male,Primary,Domestic Help,Employed,47,4236,7,2025-08-05,False
REC007148,ENU0155,Maharashtra,76,Male,Illiterate,None,Not in Labour Force,0,0,4,2025-12-11,False
REC007149,ENU0151,Karnataka,30,Male,Primary,Factory Worker,Employed,40,7536,3,2025-07-15,False
REC007150,ENU0026,West Bengal,28,Female,Graduate,Teacher,Employed,26,10674,4,2025-07-27,False
REC007151,ENU0016,Andhra Pradesh,49,Female,Secondary,Driver,Employed,34,7407,4,2025-10-13,False
REC007152,ENU0246,Madhya Pradesh,28,Female,Secondary,Factory Worker,Employed,51,11853,6,2025-11-21,False
REC007153,ENU0128,Punjab,47,Female,Higher Secondary,Technician,Employed,56,20276,8,2025-11-22,False
REC007154,ENU0029,Uttar Pradesh,24,Female,Higher Secondary,Technician,Employed,35,16032,4,2025-07-06,False
REC007155,ENU0002,Andhra Pradesh,39,Male,Secondary,None,Unemployed,0,0,3,2025-11-13,False
REC007156,ENU0206,Bihar,61,Female,Secondary,None,Not in Labour Force,8,0,4,2025-02-04,False
REC007157,ENU0211,Bihar,36,Male,Secondary,Street Vendor,Employed,35,2419,3,2025-12-17,False
REC007158,ENU0146,Madhya Pradesh,16,Female,Graduate,None,Unemployed,0,0,5,2025-12-05,False
REC007159,ENU0246,Odisha,36,Female,Higher Secondary,Shop Assistant,Employed,38,9234,7,2025-08-28,False
REC007160,ENU0075,Punjab,41,Female,Higher Secondary,Carpenter,Employed,46,13498,5,2025-10-26,False
REC007161,ENU0030,Telangana,29,Female,Secondary,None,Not in Labour Force,0,0,4,2025-08-28,False
REC007162,ENU0145,Kerala,39,Male,Graduate,None,Not in Labour Force,0,0,5,2025-02-24,False
REC007163,ENU0061,Uttar Pradesh,30,Male,Illiterate,None,Not in Labour Force,0,0,4,2025-11-02,False
REC007164,ENU0030,West Bengal,53,Male,Secondary,Shop Assistant,Employed,46,14675,3,2025-04-22,False
REC007165,ENU0139,Bihar,63,Male,Primary,None,Unemployed,0,0,4,2025-12-01,False
REC007166,ENU0119,Madhya Pradesh,35,Female,Post Graduate,Doctor,Employed,130,75879,2,2025-04-01,True
REC007167,ENU0116,Gujarat,12,Female,Primary,None,Not in Labour Force,0,0,7,2025-07-24,False
REC007168,ENU0071,Rajasthan,41,Female,Graduate,Bank Employee,Employed,43,24323,6,2025-11-23,False
REC007169,ENU0172,Kerala,20,Female,Secondary,None,Unemployed,0,0,4,2025-01-12,False
REC007170,ENU0182,Punjab,50,Male,Higher Secondary,Carpenter,Employed,52,16271,2,2025-10-06,False
REC007171,ENU0216,Rajasthan,51,Female,Illiterate,Street Vendor,Employed,37,4932,8,2025-03-14,False
REC007172,ENU0245,Odisha,22,Male,Primary,Street Vendor,Employed,55,6899,1,2025-11-16,False
REC007173,ENU0176,Telangana,69,Female,Secondary,None,Not in Labour Force,0,0,8,2025-11-08,False
REC007174,ENU0218,Punjab,31,Female,Graduate,Clerk,Employed,61,24436,5,2025-02-16,False
REC007175,ENU0115,Tamil Nadu,15,Male,Graduate,None,Not in Labour Force,0,0,3,2025-06-27,False
REC007176,ENU0186,Bihar,28,Male,Secondary,Street Vendor,Employed,51,3716,8,2025-03-13,False
REC007177,ENU0146,Gujarat,32,Male,Higher Secondary,Carpenter,Employed,37,13261,3,2025-12-05,False
REC007178,ENU0007,Gujarat,32,Female,Higher Secondary,Shop Assistant,Employed,53,11838,6,2025-01-31,False
REC007179,ENU0163,Rajasthan,36,Female,Secondary,Factory Worker,Employed,45,6612,3,2025-06-12,False
REC007180,ENU0240,Assam,29,Female,Higher Secondary,None,Not in Labour Force,0,0,3,2025-05-16,False
REC007181,ENU0195,Punjab,76,Male,Secondary,None,Not in Labour Force,0,0,4,2025-04-25,False
REC007182,ENU0150,Gujarat,5,Female,Illiterate,None,Not in Labour Force,0,0,3,2025-12-20,False
REC007183,ENU0138,Uttar Pradesh,17,Male,Higher Secondary,Clerk,Employed,25,12551,8,2025-07-07,False
REC007184,ENU0055,Odisha,28,Other,Graduate,Clerk,Employed,34,10776,3,2025-05-03,False
REC007185,ENU0190,Assam,19,Male,Higher Secondary,None,Unemployed,0,0,2,2025-09-08,False
REC007186,ENU0124,Punjab,17,Female,Illiterate,None,Not in Labour Force,6,0,7,2025-10-17,False
REC007187,ENU0147,Rajasthan,44,Female,Secondary,Factory Worker,Employed,41,12128,4,2025-07-19,False
REC007188,ENU0189,Telangana,12,Female,Primary,None,Not in Labour Force,5,0,4,2025-02-06,False
REC007189,ENU0039,Assam,73,Female,Graduate,None,Not in Labour Force,0,0,5,2025-12-20,False
REC007190,ENU0031,Karnataka,35,Female,Secondary,Shop Assistant,Employed,46,10555,6,2025-04-02,False
REC007191,ENU0074,Odisha,77,Female,Graduate,None,Not in Labour Force,0,0,5,2025-08-16,False
REC007192,ENU0157,Assam,51,Male,Primary,Factory Worker,Employed,51,12707,3,2025-05-11,False
REC007193,ENU0216,Uttar Pradesh,12,Male,Primary,None,Not in Labour Force,5,0,5,2025-09-26,False
REC007194,ENU0034,Odisha,74,Male,Graduate,None,Not in Labour Force,0,0,7,2025-12-21,False
REC007195,ENU0051,Bihar,36,Female,Secondary,None,Unemployed,0,0,6,2025-05-01,False
REC007196,ENU0246,Madhya Pradesh,33,Female,Higher Secondary,Technician,Employed,30,10685,8,2025-06-03,False
REC007197,ENU0164,Tamil Nadu,5,Female,Higher Secondary,Engineer,Employed,49,0,6,2025-02-22,True
REC007198,ENU0097,Assam,52,Male,Primary,Construction Worker,Employed,36,8363,8,2025-10-20,False
REC007199,ENU0086,Kerala,30,Male,Higher Secondary,Driver,Employed,33,10467,5,2025-12-16,False
REC007200,ENU0232,Odisha,34,Male,Higher Secondary,Driver,Employed,37,10990,2,2025-11-25,False
REC007201,ENU0112,Tamil Nadu,62,Male,Higher Secondary,Shop Assistant,Employed,59,11540,6,2025-08-22,False
REC007202,ENU0090,Odisha,12,Female,Primary,None,Not in Labour Force,0,0,5,2025-07-29,False
REC007203,ENU0003,Gujarat,46,Male,Primary,Domestic Help,Employed,61,7719,3,2025-10-28,False
REC007204,ENU0240,Tamil Nadu,44,Female,Secondary,Carpenter,Employed,60,17386,4,2025-08-26,False
REC007205,ENU0200,West Bengal,16,Male,Graduate,None,Unemployed,0,0,4,2025-08-31,False
REC007206,ENU0073,Rajasthan,51,Female,Graduate,Sales Executive,Employed,44,21797,5,2025-08-18,False
REC007207,ENU0042,Tamil Nadu,30,Female,Graduate,Sales Executive,Employed,46,22640,4,2025-05-23,False
REC007208,ENU0170,Gujarat,11,Female,Primary,None,Not in Labour Force,0,0,4,2025-04-11,False
REC007209,ENU0060,Andhra Pradesh,14,Female,Primary,None,Not in Labour Force,0,0,6,2025-05-15,False
REC007210,ENU0202,West Bengal,38,Male,Primary,Street Vendor,Employed,63,11333,5,2025-10-20,False
REC007211,ENU0012,Punjab,40,Female,Illiterate,Agricultural Labourer,Employed,34,4797,4,2025-12-25,False
REC007212,ENU0077,Uttar Pradesh,22,Female,Secondary,None,Not in Labour Force,5,0,7,2025-02-22,False
REC007213,ENU0088,Karnataka,36,Male,Primary,Factory Worker,Employed,45,13478,2,2025-09-04,False
REC007214,ENU0165,Uttar Pradesh,21,Male,Secondary,Carpenter,Employed,60,13464,7,2025-12-30,False
REC007215,ENU0196,Assam,46,Male,Secondary,Driver,Employed,60,14556,6,2025-01-31,False
REC007216,ENU0131,Bihar,12,Male,Primary,None,Not in Labour Force,0,0,2,2025-07-20,False
REC007217,ENU0091,Madhya Pradesh,13,Male,Primary,None,Not in Labour Force,0,0,1,2025-06-11,False
REC007218,ENU0245,West Bengal,49,Male,Illiterate,None,Not in Labour Force,0,0,2,2025-02-05,False
REC007219,ENU0209,Punjab,13,Male,Primary,None,Not in Labour Force,7,0,3,2025-10-02,False
REC007220,ENU0034,Karnataka,74,Male,Higher Secondary,None,Not in Labour Force,0,0,6,2025-07-03,False
REC007221,ENU0037,Punjab,42,Female,Graduate,Clerk,Employed,54,20032,10,2025-10-09,False
REC007222,ENU0049,Assam,50,Male,Illiterate,Domestic Help,Employed,53,6204,4,2025-05-03,False
REC007223,ENU0217,Karnataka,87,Male,Illiterate,None,Not in Labour Force,0,0,4,2025-09-21,False
REC007224,ENU0235,West Bengal,38,Female,Post Graduate,None,Not in Labour Force,0,0,8,2025-07-25,False
REC007225,ENU0134,Maharashtra,46,Male,Secondary,Driver,Employed,15,4657,4,2025-03-11,False
REC007226,ENU0074,Uttar Pradesh,23,Male,Primary,Street Vendor,Employed,40,8265,5,2025-05-13,False
REC007227,ENU0095,Madhya Pradesh,22,Male,Graduate,None,Not in Labour Force,0,0,4,2025-10-06,False
REC007228,ENU0063,Punjab,48,Male,Graduate,Bank Employee,Employed,38,26967,4,2025-03-12,False
REC007229,ENU0174,Madhya Pradesh,17,Female,Graduate,None,Unemployed,0,0,10,2025-08-22,False
REC007230,ENU0097,Kerala,62,Male,Secondary,None,Not in Labour Force,0,0,5,2025-02-21,False
REC007231,ENU0028,Bihar,32,Female,Primary,None,Unemployed,0,0,7,2025-12-11,False
REC007232,ENU0131,Odisha,55,Male,Secondary,Driver,Employed,32,8538,3,2025-06-19,False
REC007233,ENU0221,Kerala,31,Male,Secondary,Factory Worker,Employed,44,9434,3,2025-09-16,False
REC007234,ENU0172,Kerala,38,Male,Primary,Street Vendor,Employed,61,11921,4,2025-08-05,False
REC007235,ENU0226,Gujarat,34,Female,Primary,Construction Worker,Employed,19,4818,2,2025-08-05,False
REC007236,ENU0100,Bihar,16,Female,Post Graduate,IT Professional,Employed,47,24584,4,2025-04-16,False
REC007237,ENU0054,West Bengal,33,Male,Graduate,Teacher,Employed,46,25366,7,2025-10-30,False
REC007238,ENU0145,Odisha,34,Male,Primary,None,Not in Labour Force,0,0,6,2025-05-25,False
REC007239,ENU0224,Bihar,25,Male,Graduate,None,Unemployed,0,0,9,2025-03-14,False
REC007240,ENU0082,Maharashtra,39,Female,Primary,Agricultural Labourer,Employed,35,6667,4,2025-10-02,False
REC007241,ENU0019,Karnataka,78,Female,Graduate,None,Not in Labour Force,9,0,5,2025-02-15,False
REC007242,ENU0068,Odisha,16,Male,Higher Secondary,None,Unemployed,0,0,3,2025-03-10,False
REC007243,ENU0111,Assam,45,Female,Secondary,Driver,Employed,61,16389,3,2025-02-12,False
REC007244,ENU0190,Telangana,36,Male,Secondary,Driver,Employed,48,11190,3,2025-02-26,False
REC007245,ENU0130,Maharashtra,21,Male,Primary,Street Vendor,Employed,22,3702,3,2025-08-18,False
REC007246,ENU0140,Andhra Pradesh,34,Male,Higher Secondary,Driver,Employed,47,14269,8,2025-09-08,False
REC007247,ENU0161,Andhra Pradesh,56,Male,Higher Secondary,Clerk,Employed,63,24392,3,2025-11-01,False
REC007248,ENU0231,Maharashtra,30,Male,Post Graduate,Bank Employee,Employed,22,23866,4,2025-07-19,False
REC007249,ENU0219,Telangana,46,Male,Secondary,Street Vendor,Employed,34,7067,6,2025-10-31,False
REC007250,ENU0058,Kerala,42,Female,Secondary,Carpenter,Employed,60,23761,5,2025-06-24,False
REC007251,ENU0190,Maharashtra,28,Female,Higher Secondary,None,Unemployed,0,0,3,2025-10-27,False
REC007252,ENU0134,Assam,34,Female,Higher Secondary,None,Unemployed,0,0,2,2025-02-23,False
REC007253,ENU0109,Odisha,15,Male,Secondary,None,Not in Labour Force,2,0,2,2025-01-22,False
REC007254,ENU0102,Bihar,55,Male,Higher Secondary,Driver,Employed,52,6662,2,2025-03-11,False
REC007255,ENU0248,Assam,64,Female,Graduate,None,Not in Labour Force,0,0,4,2025-05-15,False
REC007256,ENU0246,West Bengal,64,Male,Higher Secondary,None,Not in Labour Force,0,0,5,2025-04-28,False
REC007257,ENU0011,Rajasthan,31,Male,Primary,Street Vendor,Employed,51,9509,1,2025-07-03,False
REC007258,ENU0063,Madhya Pradesh,75,Male,Secondary,None,Not in Labour Force,0,0,3,2025-01-24,False
REC007259,ENU0223,Telangana,29,Male,Secondary,Carpenter,Employed,43,14172,3,2025-12-15,False
REC007260,ENU0088,Maharashtra,24,Female,Secondary,None,Unemployed,0,0,5,2025-10-02,False
REC007261,ENU0214,Gujarat,50,Female,Illiterate,Street Vendor,Employed,67,12532,5,2025-11-09,False
REC007262,ENU0195,Karnataka,34,Female,Higher Secondary,None,Not in Labour Force,0,0,5,2025-10-19,False
REC007263,ENU0234,Karnataka,49,Female,Higher Secondary,None,Not in Labour Force,0,0,6,2025-05-13,False
REC007264,ENU0143,Odisha,8,Female,Primary,None,Not in Labour Force,0,0,4,2025-04-15,False
REC007265,ENU0106,Bihar,48,Female,Secondary,Carpenter,Employed,42,5462,6,2025-01-29,False
REC007266,ENU0166,Kerala,25,Female,Higher Secondary,Shop Assistant,Employed,34,8187,7,2025-03-25,False
REC007267,ENU0228,Kerala,34,Female,Secondary,None,Unemployed,0,0,3,2025-08-16,False
REC007268,ENU0197,Maharashtra,40,Male,Secondary,Carpenter,Employed,40,9301,6,2025-02-12,False
REC007269,ENU0137,Telangana,27,Male,Illiterate,Domestic Help,Employed,36,3165,8,2025-05-25,False
REC007270,ENU0023,Andhra Pradesh,19,Female,Illiterate,Construction Worker,Employed,35,8593,3,2025-01-27,False
REC007271,ENU0064,Rajasthan,13,Male,Primary,None,Not in Labour Force,0,0,2,2025-01-25,False
REC007272,ENU0067,Maharashtra,32,Male,Higher Secondary,Technician,Employed,55,16502,2,2025-11-10,False
REC007273,ENU0163,West Bengal,23,Female,Primary,None,Not in Labour Force,0,0,3,2025-09-15,False
REC007274,ENU0225,Rajasthan,20,Male,Primary,Street Vendor,Employed,46,9765,4,2025-12-27,False
REC007275,ENU0064,Maharashtra,40,Male,Post Graduate,Government Officer,Employed,40,29863,4,2025-04-18,False
REC007276,ENU0067,West Bengal,61,Male,Primary,None,Not in Labour Force,0,0,3,2025-11-18,False
REC007277,ENU0026,Tamil Nadu,31,Male,Post Graduate,Bank Employee,Employed,43,30086,4,2025-03-31,False
REC007278,ENU0248,Uttar Pradesh,31,Male,Graduate,None,Not in Labour Force,0,0,6,2025-05-14,False
REC007279,ENU0182,Maharashtra,26,Male,Secondary,None,Not in Labour Force,6,0,4,2025-03-11,False
REC007280,ENU0227,Tamil Nadu,8,Female,Higher Secondary,Engineer,Employed,58,13870,6,2025-08-15,True
REC007281,ENU0217,Rajasthan,12,Male,Primary,None,Not in Labour Force,0,0,3,2025-12-02,False
REC007282,ENU0028,Bihar,37,Female,Secondary,Factory Worker,Unemployed,0,0,3,2025-11-12,False
REC007283,ENU0006,Punjab,11,Male,Primary,None,Not in Labour Force,7,0,5,2025-03-28,False
REC007284,ENU0191,Kerala,50,Female,Higher Secondary,Driver,Employed,49,16548,2,2025-11-09,False
REC007285,ENU0178,Telangana,48,Male,Primary,Agricultural Labourer,Employed,25,4661,2,2025-08-01,False
REC007286,ENU0201,Uttar Pradesh,42,Male,Higher Secondary,Carpenter,Employed,44,10771,47,2025-05-01,True
REC007287,ENU0046,Karnataka,21,Male,Higher Secondary,Driver,Employed,55,12914,3,2025-07-09,False
REC007288,ENU0005,Uttar Pradesh,35,Male,Graduate,Sales Executive,Employed,81,33274,3,2025-09-07,False
REC007289,ENU0084,Karnataka,22,Male,Graduate,Sales Executive,Employed,43,22004,1,2025-05-14,False
REC007290,ENU0072,Uttar Pradesh,35,Female,Primary,Street Vendor,Employed,27,4899,1,2025-12-02,False
REC007291,ENU0160,Tamil Nadu,52,Male,Graduate,Bank Employee,Employed,62,55698,6,2025-12-14,False
REC007292,ENU0127,Bihar,37,Female,Higher Secondary,Driver,Unemployed,0,0,1,2025-11-03,False
REC007293,ENU0016,Kerala,21,Male,Secondary,None,Not in Labour Force,0,0,6,2025-02-04,False
REC007294,ENU0214,Punjab,18,Male,Higher Secondary,None,Not in Labour Force,0,0,3,2025-06-03,False
REC007295,ENU0213,Odisha,36,Female,Graduate,Clerk,Employed,67,24641,2,2025-06-07,False
REC007296,ENU0139,Rajasthan,5,Female,Illiterate,None,Not in Labour Force,0,0,2,2025-01-09,False
REC007297,ENU0133,Madhya Pradesh,20,Female,Primary,None,Unemployed,0,0,3,2025-06-23,False
REC007298,ENU0216,Andhra Pradesh,35,Male,Primary,None,Unemployed,0,0,2,2025-03-02,False
REC007299,ENU0165,Karnataka,26,Female,Graduate,Sales Executive,Employed,54,25406,6,2025-08-24,False
REC007300,ENU0112,Punjab,35,Male,Post Graduate,Bank Employee,Employed,47,42075,6,2025-06-26,False
REC007301,ENU0189,Madhya Pradesh,18,Female,Post Graduate,None,Unemployed,0,0,8,2025-04-24,False
REC007302,ENU0117,Telangana,37,Female,Post Graduate,Bank Employee,Employed,24,16883,3,2025-05-27,False
REC007303,ENU0002,Tamil Nadu,29,Female,Primary,Agricultural Labourer,Employed,42,7111,5,2025-07-14,False
REC007304,ENU0170,Maharashtra,70,Female,Higher Secondary,None,Not in Labour Force,0,0,7,2025-12-02,False
REC007305,ENU0128,Madhya Pradesh,72,Female,Higher Secondary,None,Not in Labour Force,0,0,1,2025-01-20,False
REC007306,ENU0237,Gujarat,46,Male,Graduate,Clerk,Employed,35,14232,7,2025-11-07,False
REC007307,ENU0132,Karnataka,41,Female,Graduate,Bank Employee,Employed,40,35480,5,2025-10-14,False
REC007308,ENU0157,Assam,77,Female,Graduate,None,Not in Labour Force,0,0,4,2025-01-27,False
REC007309,ENU0058,Odisha,37,Male,Higher Secondary,Technician,Employed,46,16144,2,2025-09-21,False
REC007310,ENU0067,Assam,57,Female,Secondary,None,Not in Labour Force,0,0,9,2025-12-11,False
REC007311,ENU0090,Andhra Pradesh,70,Female,Primary,None,Not in Labour Force,0,0,5,2025-01-17,False
REC007312,ENU0108,Kerala,76,Male,Secondary,None,Not in Labour Force,4,0,4,2025-06-30,False
REC007313,ENU0094,Kerala,26,Male,Illiterate,None,Unemployed,0,0,8,2025-02-23,False
REC007314,ENU0067,Uttar Pradesh,70,Male,Graduate,None,Not in Labour Force,3,0,4,2025-07-25,False
REC007315,ENU0130,Madhya Pradesh,82,Female,Secondary,None,Not in Labour Force,1,0,8,2025-10-12,False
REC007316,ENU0245,Assam,32,Male,Primary,Street Vendor,Employed,65,10863,3,2025-01-18,False
REC007317,ENU0186,Tamil Nadu,26,Female,Graduate,Clerk,Employed,46,16969,2,2025-03-09,False
REC007318,ENU0049,Bihar,51,Male,Secondary,Driver,Unemployed,0,0,4,2025-12-15,False
REC007319,ENU0077,Gujarat,7,Male,Primary,None,Not in Labour Force,5,0,3,2025-11-30,False
REC007320,ENU0163,Maharashtra,42,Male,Secondary,Street Vendor,Employed,29,4582,6,2025-12-25,False
REC007321,ENU0166,Gujarat,37,Female,Higher Secondary,None,Not in Labour Force,8,0,4,2025-06-10,False
REC007322,ENU0070,Karnataka,40,Female,Primary,Domestic Help,Employed,33,4084,5,2025-04-02,False
REC007323,ENU0174,Uttar Pradesh,36,Female,Higher Secondary,None,Not in Labour Force,9,0,2,2025-10-10,False
REC007324,ENU0009,West Bengal,42,Male,Higher Secondary,None,Not in Labour Force,0,0,5,2025-04-08,False
REC007325,ENU0202,Andhra Pradesh,51,Male,Secondary,Carpenter,Employed,44,13710,2,2025-09-01,False
REC007326,ENU0213,Madhya Pradesh,57,Male,Secondary,Carpenter,Employed,40,13121,3,2025-11-14,False
REC007327,ENU0185,Odisha,23,Male,Higher Secondary,Carpenter,Employed,52,17509,2,2025-11-16,False
REC007328,ENU0118,Kerala,13,Male,Primary,None,Not in Labour Force,1,0,5,2025-06-06,False
REC007329,ENU0138,Rajasthan,23,Male,Illiterate,Domestic Help,Employed,37,5835,3,2025-10-17,False
REC007330,ENU0167,Karnataka,41,Female,Primary,Street Vendor,Employed,35,5913,4,2025-05-21,False
REC007331,ENU0205,Kerala,36,Male,Post Graduate,Engineer,Employed,59,72299,5,2025-06-05,False
REC007332,ENU0031,Tamil Nadu,60,Female,Primary,Construction Worker,Employed,41,8477,7,2025-03-03,False
REC007333,ENU0226,Gujarat,18,Male,Higher Secondary,None,Unemployed,0,0,2,2025-09-29,False
REC007334,ENU0210,Uttar Pradesh,39,Female,Secondary,Factory Worker,Employed,42,10454,2,2025-08-09,False
REC007335,ENU0086,Maharashtra,42,Male,Graduate,Clerk,Employed,33,10016,3,2025-05-02,False
REC007336,ENU0124,Kerala,31,Male,Secondary,None,Unemployed,0,0,3,2025-09-21,False
REC007337,ENU0087,Kerala,53,Male,Secondary,Carpenter,Employed,30,8264,2,2025-05-18,False
REC007338,ENU0175,Odisha,31,Male,Graduate,None,Not in Labour Force,0,0,4,2025-06-26,False
REC007339,ENU0231,Madhya Pradesh,6,Male,Primary,None,Not in Labour Force,0,0,6,2025-11-25,False
REC007340,ENU0218,Madhya Pradesh,19,Female,Secondary,None,Not in Labour Force,0,0,4,2025-05-15,False
REC007341,ENU0164,Bihar,50,Male,Graduate,IT Professional,Employed,21,13303,8,2025-01-16,False
REC007342,ENU0113,Assam,29,Female,Higher Secondary,Clerk,Employed,54,15863,3,2025-06-20,False
REC007343,ENU0049,Rajasthan,21,Female,Primary,Construction Worker,Employed,50,10154,5,2025-06-22,False
REC007344,ENU0089,Punjab,31,Female,Higher Secondary,Clerk,Employed,41,15329,4,2025-02-10,False
REC007345,ENU0069,West Bengal,50,Female,Higher Secondary,Shop Assistant,Employed,37,8786,6,2025-12-04,False
REC007346,ENU0236,Bihar,50,Male,Secondary,Factory Worker,Employed,42,4679,5,2025-07-27,False
REC007347,ENU0068,Kerala,32,Male,Graduate,None,Not in Labour Force,0,0,3,2025-10-12,False
REC007348,ENU0076,Telangana,26,Male,Higher Secondary,None,Unemployed,0,0,4,2025-04-08,False
REC007349,ENU0067,Uttar Pradesh,28,Male,Higher Secondary,Technician,Employed,40,12115,3,2025-06-03,False
REC007350,ENU0008,Maharashtra,5,Female,Illiterate,None,Not in Labour Force,0,0,6,2025-05-06,False
REC007351,ENU0057,Andhra Pradesh,62,Male,Graduate,None,Not in Labour Force,6,0,9,2025-06-24,False
REC007352,ENU0186,Andhra Pradesh,38,Female,Graduate,Teacher,Employed,47,10689,2,2025-02-10,False
REC007353,ENU0213,Uttar Pradesh,24,Female,Secondary,Driver,Employed,64,13992,3,2025-12-17,False
REC007354,ENU0037,Uttar Pradesh,20,Female,Secondary,None,Unemployed,0,0,2,2025-12-03,False
REC007355,ENU0244,Maharashtra,5,Female,Illiterate,None,Not in Labour Force,0,0,7,2025-08-18,False
REC007356,ENU0120,Kerala,43,Male,Secondary,Shop Assistant,Employed,33,7212,2,2025-05-10,False
REC007357,ENU0032,Karnataka,43,Other,Higher Secondary,Carpenter,Employed,54,12765,3,2025-03-06,False
REC007358,ENU0049,Telangana,16,Male,Higher Secondary,Carpenter,Employed,31,8111,3,2025-07-14,False
REC007359,ENU0115,West Bengal,34,Female,Higher Secondary,Driver,Employed,57,14359,8,2025-07-27,False
REC007360,ENU0049,Maharashtra,16,Female,Higher Secondary,None,Unemployed,0,0,10,2025-07-25,False
REC007361,ENU0166,Madhya Pradesh,27,Male,Secondary,None,Unemployed,0,0,3,2025-12-04,False
REC007362,ENU0176,Tamil Nadu,58,Male,Higher Secondary,Driver,Employed,44,10938,5,2025-12-15,False
REC007363,ENU0117,Punjab,22,Male,Primary,Factory Worker,Employed,72,24173,3,2025-11-20,False
REC007364,ENU0109,Rajasthan,41,Female,Primary,Construction Worker,Employed,62,11277,1,2025-02-15,False
REC007365,ENU0188,Bihar,42,Male,Primary,Agricultural Labourer,Employed,45,2768,8,2025-02-19,False
REC007366,ENU0112,Punjab,41,Male,Higher Secondary,Driver,Employed,63,11613,6,2025-11-22,False
REC007367,ENU0222,Odisha,39,Male,Secondary,None,Not in Labour Force,0,0,5,2025-04-26,False
REC007368,ENU0183,Bihar,37,Female,Graduate,IT Professional,Unemployed,0,0,2,2025-01-17,False
REC007369,ENU0203,Odisha,33,Male,Primary,Domestic Help,Employed,59,9546,2,2025-09-18,False
REC007370,ENU0040,Maharashtra,44,Male,Secondary,Shop Assistant,Employed,51,12689,7,2025-06-07,False
REC007371,ENU0032,Andhra Pradesh,38,Female,Secondary,Factory Worker,Employed,36,2808,3,2025-01-22,False
REC007372,ENU0018,Uttar Pradesh,27,Female,Higher Secondary,None,Unemployed,0,0,4,2025-05-22,False
REC007373,ENU0029,Rajasthan,13,Female,Primary,None,Not in Labour Force,130,0,6,2025-12-30,True
REC007374,ENU0025,Telangana,17,Male,Post Graduate,Engineer,Employed,41,53601,6,2025-06-05,False
REC007375,ENU0086,Telangana,49,Female,Primary,Factory Worker,Employed,47,8859,5,2025-08-02,False
REC007376,ENU0207,Kerala,23,Female,Secondary,None,Unemployed,0,0,3,2025-04-02,False
REC007377,ENU0007,Assam,34,Male,Post Graduate,Engineer,Employed,68,96888,5,2025-07-27,False
REC007378,ENU0058,Odisha,38,Male,Primary,Street Vendor,Employed,54,13603,7,2025-10-27,False
REC007379,ENU0211,Uttar Pradesh,33,Male,Graduate,None,Not in Labour Force,5,0,5,2025-03-06,False
REC007380,ENU0104,Gujarat,37,Female,Graduate,None,Unemployed,0,0,4,2025-11-22,False
REC007381,ENU0075,Madhya Pradesh,42,Female,Secondary,Carpenter,Employed,57,18410,4,2025-08-04,False
REC007382,ENU0111,Kerala,58,Female,Graduate,None,Not in Labour Force,0,0,4,2025-07-01,False
REC007383,ENU0136,Karnataka,47,Female,Secondary,Factory Worker,Employed,29,8985,4,2025-03-13,False
REC007384,ENU0087,Andhra Pradesh,46,Other,Graduate,Bank Employee,Employed,31,24871,5,2025-10-02,False
REC007385,ENU0104,Bihar,29,Male,Secondary,None,Unemployed,0,0,6,2025-11-19,False
REC007386,ENU0043,Odisha,14,Other,Primary,None,Not in Labour Force,0,0,4,2025-03-18,False
REC007387,ENU0096,Assam,12,Male,Primary,None,Not in Labour Force,0,0,4,2025-08-18,False
REC007388,ENU0065,Maharashtra,34,Female,Secondary,Shop Assistant,Employed,36,5993,2,2025-06-15,False
REC007389,ENU0202,Maharashtra,16,Female,Post Graduate,Engineer,Employed,44,48624,7,2025-02-24,False
REC007390,ENU0207,Andhra Pradesh,41,Female,Illiterate,Construction Worker,Employed,43,9867,4,2025-09-22,False
REC007391,ENU0193,Andhra Pradesh,9,Female,Primary,None,Not in Labour Force,0,0,8,2025-07-13,False
REC007392,ENU0155,Rajasthan,25,Female,Primary,Construction Worker,Employed,27,3531,2,2025-04-18,False
REC007393,ENU0089,Odisha,64,Male,Higher Secondary,None,Not in Labour Force,7,0,7,2025-08-08,False
REC007394,ENU0096,Odisha,10,Female,Primary,None,Not in Labour Force,1,0,4,2025-02-19,False
REC007395,ENU0164,Andhra Pradesh,53,Female,Graduate,None,Not in Labour Force,0,0,4,2025-03-08,False
REC007396,ENU0206,Tamil Nadu,11,Male,Primary,None,Not in Labour Force,8,0,9,2025-03-14,False
REC007397,ENU0199,Bihar,48,Male,Illiterate,Street Vendor,Employed,76,5020,8,2025-05-19,False
REC007398,ENU0097,West Bengal,24,Female,Post Graduate,None,Unemployed,0,0,4,2025-05-24,False
REC007399,ENU0107,Uttar Pradesh,28,Male,Primary,None,Unemployed,0,0,1,2025-10-16,False
REC007400,ENU0221,Assam,50,Male,Primary,Domestic Help,Employed,43,5402,6,2025-10-03,False
REC007401,ENU0121,Punjab,26,Female,Secondary,Street Vendor,Employed,31,5544,1,2025-01-24,False
REC007402,ENU0046,Bihar,29,Female,Graduate,Teacher,Unemployed,0,0,4,2025-06-10,False
REC007403,ENU0108,Rajasthan,44,Female,Higher Secondary,Carpenter,Employed,54,12733,4,2025-05-07,False
REC007404,ENU0040,Bihar,30,Female,Secondary,None,Unemployed,0,0,5,2025-03-08,False
REC007405,ENU0115,Punjab,68,Female,Higher Secondary,None,Not in Labour Force,0,0,4,2025-11-10,False
REC007406,ENU0148,Karnataka,13,Male,Primary,None,Not in Labour Force,0,0,4,2025-02-21,False
REC007407,ENU0100,West Bengal,27,Male,Primary,Domestic Help,Employed,51,5877,5,2025-11-09,False
REC007408,ENU0066,Telangana,47,Male,Graduate,Teacher,Employed,60,27318,5,2025-09-12,False
REC007409,ENU0249,Bihar,62,Female,Illiterate,None,Unemployed,0,0,5,2025-01-14,False
REC007410,ENU0245,Gujarat,43,Male,Higher Secondary,Carpenter,Employed,48,14083,5,2025-06-13,False
REC007411,ENU0058,Tamil Nadu,62,Male,Illiterate,Street Vendor,Employed,46,9810,2,2025-04-16,False
REC007412,ENU0125,West Bengal,47,Female,Secondary,Factory Worker,Employed,31,6447,6,2025-02-13,False
REC007413,ENU0039,Odisha,60,Female,Higher Secondary,None,Not in Labour Force,0,0,7,2025-08-17,False
REC007414,ENU0237,Kerala,44,Female,Secondary,Driver,Employed,50,13248,4,2025-06-22,False
REC007415,ENU0082,Telangana,59,Female,Graduate,Clerk,Employed,51,25244,5,2025-09-22,False
REC007416,ENU0126,West Bengal,32,Female,Secondary,Carpenter,Employed,19,6571,7,2025-02-15,False
REC007417,ENU0161,Maharashtra,26,Female,Higher Secondary,None,Unemployed,0,0,4,2025-06-04,False
REC007418,ENU0205,Gujarat,28,Male,Post Graduate,Bank Employee,Employed,17,21480,7,2025-05-10,False
REC007419,ENU0103,Madhya Pradesh,31,Male,Graduate,IT Professional,Employed,45,49949,6,2025-09-09,False
REC007420,ENU0013,Punjab,47,Male,Illiterate,Domestic Help,Employed,35,4618,2,2025-03-28,False
REC007421,ENU0017,Madhya Pradesh,39,Female,Post Graduate,Engineer,Employed,42,52329,6,2025-04-18,False
REC007422,ENU0140,Assam,28,Other,Primary,Agricultural Labourer,Employed,47,10087,5,2025-02-16,False
REC007423,ENU0038,Assam,67,Male,Primary,None,Not in Labour Force,0,0,5,2025-01-16,False
REC007424,ENU0057,Punjab,34,Male,Post Graduate,Government Officer,Employed,69,51532,5,2025-06-16,False
REC007425,ENU0090,Andhra Pradesh,51,Male,Secondary,None,Not in Labour Force,0,0,3,2025-02-09,False
REC007426,ENU0201,Andhra Pradesh,31,Female,Post Graduate,Engineer,Employed,47,65436,6,2025-07-06,False
REC007427,ENU0161,Karnataka,75,Male,Graduate,None,Not in Labour Force,0,0,4,2025-10-13,False
REC007428,ENU0209,Telangana,71,Female,Graduate,None,Not in Labour Force,0,0,6,2025-07-24,False
REC007429,ENU0077,Madhya Pradesh,75,Male,Graduate,None,Not in Labour Force,0,0,6,2025-01-20,False
REC007430,ENU0181,Gujarat,27,Male,Post Graduate,Doctor,Employed,64,158594,3,2025-02-16,False
REC007431,ENU0149,West Bengal,27,Female,Primary,None,Unemployed,0,0,7,2025-12-11,False
REC007432,ENU0193,Assam,50,Female,Higher Secondary,Driver,Employed,46,11268,3,2025-04-11,False
REC007433,ENU0220,Punjab,48,Male,Higher Secondary,Shop Assistant,Employed,14,2645,2,2025-08-07,False
REC007434,ENU0150,Uttar Pradesh,46,Male,Higher Secondary,Carpenter,Employed,21,4191,3,2025-12-19,False
REC007435,ENU0132,Karnataka,33,Male,Primary,Construction Worker,Employed,54,12164,8,2025-07-30,False
REC007436,ENU0158,Gujarat,40,Female,Graduate,IT Professional,Employed,48,60018,5,2025-08-08,False
REC007437,ENU0109,West Bengal,36,Male,Primary,Agricultural Labourer,Employed,59,11406,9,2025-07-28,False
REC007438,ENU0105,Telangana,31,Male,Secondary,Factory Worker,Employed,80,20155,8,2025-02-22,False
REC007439,ENU0089,Maharashtra,13,Female,Primary,None,Not in Labour Force,0,0,4,2025-12-09,False
REC007440,ENU0072,Andhra Pradesh,33,Male,Primary,None,Not in Labour Force,0,0,6,2025-03-16,False
REC007441,ENU0036,Kerala,42,Male,Primary,Street Vendor,Employed,64,9060,3,2025-01-07,False
REC007442,ENU0002,Kerala,24,Male,Illiterate,None,Unemployed,0,0,4,2025-01-10,False
REC007443,ENU0237,Bihar,43,Male,Secondary,None,Unemployed,0,0,7,2025-05-19,False
REC007444,ENU0156,Rajasthan,-1,Male,Higher Secondary,None,Not in Labour Force,0,0,5,2025-11-17,True
REC007445,ENU0022,West Bengal,22,Male,Graduate,IT Professional,Employed,33,44026,4,2025-04-04,False
REC007446,ENU0163,Punjab,35,Female,Higher Secondary,None,Not in Labour Force,0,0,3,2025-07-16,False
REC007447,ENU0071,Kerala,66,Female,Secondary,None,Not in Labour Force,0,0,4,2025-06-18,False
REC007448,ENU0051,Rajasthan,37,Male,Secondary,Factory Worker,Employed,40,6955,7,2025-01-02,False
REC007449,ENU0195,Gujarat,20,Female,Secondary,None,Unemployed,0,0,6,2025-06-03,False
REC007450,ENU0037,West Bengal,52,Male,Secondary,Carpenter,Employed,50,8650,3,2025-02-20,False
REC007451,ENU0244,Madhya Pradesh,24,Female,Secondary,Carpenter,Employed,32,7306,2,2025-09-29,False
REC007452,ENU0067,Telangana,11,Female,Primary,None,Not in Labour Force,0,0,1,2025-05-05,False
REC007453,ENU0079,Maharashtra,29,Male,Secondary,Factory Worker,Employed,40,8571,5,2025-07-23,False
REC007454,ENU0210,Karnataka,26,Male,Higher Secondary,None,Unemployed,0,0,3,2025-07-20,False
REC007455,ENU0190,West Bengal,43,Female,Post Graduate,Doctor,Employed,39,99063,5,2025-08-02,False
REC007456,ENU0176,Maharashtra,32,Male,Illiterate,Domestic Help,Employed,42,5379,4,2025-03-25,False
REC007457,ENU0231,Assam,27,Male,Primary,Factory Worker,Employed,29,8768,6,2025-06-08,False
REC007458,ENU0184,Odisha,19,Female,Secondary,Street Vendor,Employed,61,9446,3,2025-02-11,False
REC007459,ENU0192,Tamil Nadu,150,Male,Graduate,Clerk,Employed,47,16901,3,2025-09-13,True
REC007460,ENU0215,Tamil Nadu,40,Female,Secondary,Street Vendor,Employed,43,9499,2,2025-09-29,False
REC007461,ENU0182,Assam,18,Male,Post Graduate,None,Unemployed,0,0,6,2025-05-05,False
REC007462,ENU0226,West Bengal,53,Other,Higher Secondary,Driver,Employed,36,13824,4,2025-08-31,False
REC007463,ENU0202,Andhra Pradesh,25,Male,Secondary,None,Not in Labour Force,0,0,2,2025-12-09,False
REC007464,ENU0038,Gujarat,16,Male,Higher Secondary,None,Not in Labour Force,0,0,2,2025-01-17,False
REC007465,ENU0218,Odisha,16,Female,Graduate,None,Not in Labour Force,1,0,5,2025-01-17,False
REC007466,ENU0042,Andhra Pradesh,37,Female,Higher Secondary,Carpenter,Employed,55,11128,2,2025-05-26,False
REC007467,ENU0235,Kerala,26,Female,Post Graduate,Bank Employee,Employed,57,54248,4,2025-10-18,False
REC007468,ENU0122,Punjab,66,Female,Primary,None,Not in Labour Force,2,0,7,2025-01-03,False
REC007469,ENU0142,West Bengal,28,Male,Illiterate,None,Not in Labour Force,0,0,2,2025-02-22,False
REC007470,ENU0040,Kerala,24,Female,Secondary,Factory Worker,Employed,48,13276,4,2025-08-11,False
REC007471,ENU0081,Kerala,47,Male,Secondary,Carpenter,Employed,51,14226,4,2025-07-17,False
REC007472,ENU0227,Assam,27,Female,Higher Secondary,Clerk,Employed,54,32257,9,2025-06-29,False
REC007473,ENU0135,Maharashtra,43,Male,Secondary,Carpenter,Employed,19,6780,4,2025-04-23,False
REC007474,ENU0089,Punjab,30,Female,Post Graduate,Government Officer,Employed,32,28518,5,2025-03-07,False
REC007475,ENU0176,Tamil Nadu,24,Male,Primary,Street Vendor,Employed,49,9673,2,2025-06-23,False
REC007476,ENU0077,Madhya Pradesh,38,Male,Higher Secondary,Driver,Employed,50,12785,7,2025-11-18,False
REC007477,ENU0086,Uttar Pradesh,16,Male,Secondary,None,Not in Labour Force,0,0,6,2025-05-13,False
REC007478,ENU0050,Andhra Pradesh,20,Male,Secondary,Driver,Employed,47,12185,6,2025-07-31,False
REC007479,ENU0126,Telangana,38,Male,Higher Secondary,Shop Assistant,Employed,39,9328,4,2025-02-04,False
REC007480,ENU0077,Gujarat,29,Male,Primary,Street Vendor,Employed,48,11213,2,2025-09-12,False
REC007481,ENU0193,Karnataka,16,Male,Secondary,Shop Assistant,Employed,44,9919,4,2025-02-12,False
REC007482,ENU0062,Telangana,45,Male,Primary,Domestic Help,Employed,64,8216,2,2025-10-10,False
REC007483,ENU0134,Kerala,49,Other,Primary,Street Vendor,Employed,40,6060,5,2025-11-09,False
REC007484,ENU0242,Uttar Pradesh,17,Female,Primary,None,Not in Labour Force,0,0,5,2025-01-27,False
REC007485,ENU0216,West Bengal,24,Male,Graduate,Clerk,Employed,50,16227,4,2025-04-30,False
REC007486,ENU0156,Kerala,24,Male,Secondary,Street Vendor,Employed,56,9918,7,2025-09-04,False
REC007487,ENU0001,Karnataka,28,Male,Illiterate,Domestic Help,Employed,59,8427,7,2025-11-25,False
REC007488,ENU0008,Odisha,19,Female,Graduate,None,Unemployed,0,0,3,2025-10-12,False
REC007489,ENU0143,Bihar,33,Male,Secondary,None,Unemployed,0,0,5,2025-11-08,False
REC007490,ENU0161,Maharashtra,32,Female,Secondary,Carpenter,Employed,50,18764,3,2025-12-26,False
REC007491,ENU0201,Assam,36,Male,Secondary,None,Not in Labour Force,0,0,1,2025-09-21,False
REC007492,ENU0250,Andhra Pradesh,30,Female,Graduate,None,Unemployed,0,0,6,2025-03-08,False
REC007493,ENU0004,Assam,33,Female,Graduate,Bank Employee,Employed,53,52507,3,2025-01-25,False
REC007494,ENU0121,Tamil Nadu,34,Female,Graduate,Sales Executive,Employed,26,10254,1,2025-01-03,False
REC007495,ENU0003,Gujarat,25,Female,Secondary,None,Not in Labour Force,4,0,1,2025-03-23,False
REC007496,ENU0066,West Bengal,44,Female,Higher Secondary,Clerk,Employed,57,29832,6,2025-01-20,False
REC007497,ENU0243,Madhya Pradesh,57,Female,Primary,Factory Worker,Employed,18,4410,4,2025-09-25,False
REC007498,ENU0093,Bihar,32,Male,Higher Secondary,Shop Assistant,Unemployed,0,0,6,2025-08-01,False
REC007499,ENU0164,Telangana,41,Female,Graduate,IT Professional,Employed,47,71807,10,2025-12-09,False
REC007500,ENU0122,Tamil Nadu,33,Female,Higher Secondary,None,Not in Labour Force,0,0,1,2025-08-12,False
REC007501,ENU0239,Uttar Pradesh,50,Male,Primary,Street Vendor,Employed,40,7997,7,2025-03-27,False
REC007502,ENU0191,Uttar Pradesh,60,Male,Secondary,Factory Worker,Employed,63,16749,2,2025-07-27,False
REC007503,ENU0215,West Bengal,28,Female,Graduate,Clerk,Employed,34,13991,1,2025-12-14,False
REC007504,ENU0022,Punjab,68,Male,Secondary,None,Not in Labour Force,0,0,4,2025-01-21,False
REC007505,ENU0082,Uttar Pradesh,52,Female,Secondary,Driver,Employed,28,8887,2,2025-05-05,False
REC007506,ENU0241,Punjab,35,Male,Higher Secondary,Shop Assistant,Employed,61,12910,3,2025-10-21,False
REC007507,ENU0213,West Bengal,37,Male,Secondary,None,Unemployed,0,0,4,2025-10-05,False
REC007508,ENU0097,Rajasthan,29,Male,Secondary,Street Vendor,Employed,34,5878,4,2025-11-08,False
REC007509,ENU0039,Rajasthan,12,Male,Primary,None,Not in Labour Force,0,0,5,2025-01-04,False
REC007510,ENU0193,Kerala,30,Male,Post Graduate,Doctor,Employed,44,97360,2,2025-06-12,False
REC007511,ENU0185,Bihar,46,Female,Graduate,Bank Employee,Unemployed,0,0,6,2025-06-03,False
REC007512,ENU0048,Tamil Nadu,12,Other,Primary,None,Not in Labour Force,0,0,4,2025-02-23,False
REC007513,ENU0001,Kerala,64,Female,Illiterate,None,Not in Labour Force,0,0,7,2025-03-11,False
REC007514,ENU0101,Odisha,39,Male,Higher Secondary,Clerk,Employed,35,14190,9,2025-04-21,False
REC007515,ENU0195,Rajasthan,33,Male,Illiterate,Agricultural Labourer,Employed,54,9129,2,2025-01-27,False
REC007516,ENU0209,Gujarat,10,Male,Primary,None,Not in Labour Force,0,0,3,2025-09-22,False
REC007517,ENU0052,Odisha,64,Male,Illiterate,None,Not in Labour Force,0,0,4,2025-01-30,False
REC007518,ENU0226,Andhra Pradesh,54,Female,Graduate,IT Professional,Employed,42,48688,6,2025-10-30,False
REC007519,ENU0184,Kerala,73,Female,Secondary,None,Not in Labour Force,0,0,4,2025-12-12,False
REC007520,ENU0059,Telangana,37,Male,Primary,None,Not in Labour Force,0,0,9,2025-06-16,False
REC007521,ENU0155,Andhra Pradesh,22,Female,Graduate,Clerk,Employed,55,22767,5,2025-07-03,False
REC007522,ENU0060,Telangana,43,Female,Secondary,Driver,Employed,39,8478,4,2025-05-23,False
REC007523,ENU0165,Tamil Nadu,55,Male,Graduate,Teacher,Employed,52,32078,6,2025-09-01,False
REC007524,ENU0127,Punjab,53,Male,Secondary,None,Not in Labour Force,0,0,1,2025-01-27,False
REC007525,ENU0173,Assam,18,Male,Post Graduate,None,Unemployed,0,0,3,2025-11-24,False
REC007526,ENU0242,Andhra Pradesh,26,Male,Primary,None,Not in Labour Force,0,0,4,2025-01-22,False
REC007527,ENU0216,Tamil Nadu,38,Female,Higher Secondary,Driver,Employed,66,18789,6,2025-01-23,False
REC007528,ENU0198,Andhra Pradesh,30,Male,Secondary,Shop Assistant,Employed,45,9276,4,2025-11-16,False
REC007529,ENU0097,Maharashtra,30,Male,Higher Secondary,Shop Assistant,Employed,27,5962,3,2025-09-28,False
REC007530,ENU0051,Bihar,29,Female,Primary,None,Unemployed,0,0,6,2025-01-24,False
REC007531,ENU0031,Madhya Pradesh,56,Female,Secondary,Factory Worker,Employed,63,15982,4,2025-11-12,False
REC007532,ENU0047,Kerala,29,Male,Higher Secondary,None,Unemployed,0,0,7,2025-10-03,False
REC007533,ENU0142,Punjab,39,Female,Secondary,Shop Assistant,Employed,27,4464,4,2025-01-02,False
REC007534,ENU0046,Tamil Nadu,16,Male,Higher Secondary,Technician,Employed,43,15501,5,2025-10-10,False
REC007535,ENU0057,Karnataka,24,Female,Secondary,Street Vendor,Employed,46,6639,4,2025-10-13,False
REC007536,ENU0214,Punjab,74,Male,Post Graduate,None,Not in Labour Force,0,0,4,2025-12-31,False
REC007537,ENU0135,Madhya Pradesh,43,Female,Secondary,Driver,Employed,28,6526,5,2025-01-25,False
REC007538,ENU0175,West Bengal,51,Male,Secondary,Shop Assistant,Employed,67,14822,2,2025-08-26,False
REC007539,ENU0247,Punjab,56,Male,Secondary,None,Not in Labour Force,0,0,5,2025-11-26,False
REC007540,ENU0132,Uttar Pradesh,47,Female,Post Graduate,Doctor,Employed,37,52873,6,2025-11-14,False
REC007541,ENU0123,Maharashtra,9,Female,Primary,None,Not in Labour Force,0,0,6,2025-09-10,False
REC007542,ENU0075,Telangana,27,Female,Secondary,None,Unemployed,0,0,1,2025-04-21,False
REC007543,ENU0088,Gujarat,79,Female,Higher Secondary,None,Not in Labour Force,0,0,7,2025-01-12,False
REC007544,ENU0166,Telangana,64,Male,Post Graduate,None,Not in Labour Force,0,0,4,2025-05-19,False
REC007545,ENU0221,Maharashtra,7,Female,Primary,None,Not in Labour Force,0,0,1,2025-08-04,False
REC007546,ENU0147,Andhra Pradesh,16,Female,Graduate,Bank Employee,Employed,54,51218,4,2025-11-24,False
REC007547,ENU0213,West Bengal,33,Male,Graduate,Teacher,Employed,28,17730,2,2025-05-07,False
REC007548,ENU0115,Tamil Nadu,13,Female,Primary,None,Not in Labour Force,0,0,3,2025-10-18,False
REC007549,ENU0178,West Bengal,42,Male,Higher Secondary,None,Unemployed,0,0,4,2025-08-20,False
REC007550,ENU0200,Gujarat,38,Male,Graduate,Bank Employee,Employed,50,36367,4,2025-02-21,False
REC007551,ENU0029,Assam,33,Female,Secondary,None,Not in Labour Force,0,0,4,2025-09-14,False
REC007552,ENU0198,Karnataka,5,Male,Illiterate,None,Not in Labour Force,0,0,3,2025-05-29,False
REC007553,ENU0019,Odisha,33,Female,Graduate,None,Unemployed,0,0,2,2025-03-12,False
REC007554,ENU0237,Gujarat,12,Female,Primary,None,Not in Labour Force,6,0,5,2025-06-29,False
REC007555,ENU0163,Bihar,32,Male,Higher Secondary,Clerk,Employed,53,7557,5,2025-11-05,False
REC007556,ENU0198,Rajasthan,27,Male,Secondary,Shop Assistant,Employed,40,9221,2,2025-06-12,False
REC007557,ENU0128,Madhya Pradesh,43,Male,Illiterate,Agricultural Labourer,Employed,27,3816,5,2025-06-04,False
REC007558,ENU0188,Tamil Nadu,65,Female,Higher Secondary,None,Not in Labour Force,0,0,3,2025-06-05,False
REC007559,ENU0042,Andhra Pradesh,11,Male,Primary,None,Not in Labour Force,0,0,4,2025-05-11,False
REC007560,ENU0160,Andhra Pradesh,42,Female,Primary,Domestic Help,Employed,67,8004,5,2025-11-17,False
REC007561,ENU0146,Karnataka,38,Male,Primary,None,Not in Labour Force,0,0,6,2025-04-10,False
REC007562,ENU0169,Maharashtra,35,Female,Primary,Construction Worker,Employed,53,7924,4,2025-04-13,False
REC007563,ENU0076,Madhya Pradesh,16,Female,Post Graduate,Bank Employee,Employed,43,51374,2,2025-08-28,False
REC007564,ENU0014,Rajasthan,33,Male,Illiterate,Street Vendor,Employed,44,9118,3,2025-05-08,False
REC007565,ENU0162,Madhya Pradesh,29,Female,Higher Secondary,None,Unemployed,0,0,7,2025-03-01,False
REC007566,ENU0016,Bihar,32,Male,Illiterate,Construction Worker,Employed,59,4056,2,2025-11-02,False
REC007567,ENU0170,Uttar Pradesh,60,Male,Higher Secondary,None,Not in Labour Force,6,0,4,2025-03-18,False
REC007568,ENU0082,Rajasthan,29,Female,Higher Secondary,Clerk,Employed,51,14453,3,2025-07-06,False
REC007569,ENU0227,Punjab,41,Male,Higher Secondary,Technician,Employed,45,15150,4,2025-09-26,False
REC007570,ENU0024,Madhya Pradesh,32,Female,Secondary,None,Not in Labour Force,0,0,4,2025-07-07,False
REC007571,ENU0021,Maharashtra,33,Male,Primary,Domestic Help,Employed,38,7129,2,2025-07-29,False
REC007572,ENU0114,Karnataka,22,Male,Primary,Construction Worker,Employed,49,9566,9,2025-06-07,False
REC007573,ENU0201,Karnataka,41,Male,Primary,Construction Worker,Employed,12,2280,5,2025-06-20,False
REC007574,ENU0067,Telangana,51,Male,Secondary,None,Not in Labour Force,0,0,2,2025-08-14,False
REC007575,ENU0051,Kerala,42,Male,Graduate,IT Professional,Employed,38,27416,5,2025-04-09,False
REC007576,ENU0041,Karnataka,16,Male,Higher Secondary,None,Unemployed,0,0,8,2025-07-31,False
REC007577,ENU0235,West Bengal,150,Male,Primary,None,Not in Labour Force,0,0,2,2025-04-07,True
REC007578,ENU0213,Odisha,43,Male,Higher Secondary,Shop Assistant,Employed,34,8145,2,2025-06-09,False
REC007579,ENU0123,Uttar Pradesh,49,Female,Higher Secondary,Technician,Employed,42,15971,5,2025-02-04,False
REC007580,ENU0098,Rajasthan,40,Female,Graduate,Clerk,Employed,49,15856,2,2025-02-05,False
REC007581,ENU0097,West Bengal,18,Female,Secondary,None,Not in Labour Force,6,0,4,2025-04-14,False
REC007582,ENU0197,Odisha,15,Female,Graduate,None,Not in Labour Force,0,0,8,2025-01-21,False
REC007583,ENU0148,West Bengal,18,Male,Illiterate,Domestic Help,Employed,18,2349,4,2025-08-30,False
REC007584,ENU0167,Rajasthan,90,Male,Secondary,None,Not in Labour Force,9,0,4,2025-10-27,False
REC007585,ENU0033,Bihar,31,Female,Secondary,Street Vendor,Employed,61,3682,5,2025-12-25,False
REC007586,ENU0050,Punjab,8,Male,Primary,None,Not in Labour Force,0,0,1,2025-08-02,False
REC007587,ENU0075,West Bengal,33,Female,Secondary,None,Not in Labour Force,6,0,3,2025-07-04,False
REC007588,ENU0202,Bihar,41,Female,Primary,Street Vendor,Employed,40,3530,2,2025-08-27,False
REC007589,ENU0218,Uttar Pradesh,37,Male,Post Graduate,Doctor,Employed,31,65977,5,2025-03-08,False
REC007590,ENU0001,Kerala,13,Female,Primary,None,Not in Labour Force,0,0,3,2025-03-18,False
REC007591,ENU0154,Gujarat,38,Male,Primary,Domestic Help,Employed,43,5778,2,2025-07-17,False
REC007592,ENU0202,West Bengal,16,Male,Higher Secondary,Shop Assistant,Employed,49,11975,8,2025-09-04,False
REC007593,ENU0210,Tamil Nadu,16,Male,Higher Secondary,Clerk,Employed,29,11431,3,2025-10-10,False
REC007594,ENU0197,Gujarat,47,Female,Higher Secondary,None,Not in Labour Force,1,0,2,2025-11-10,False
REC007595,ENU0161,Uttar Pradesh,5,Male,Illiterate,None,Not in Labour Force,2,0,4,2025-06-17,False
REC007596,ENU0169,Bihar,33,Male,Graduate,Sales Executive,Employed,54,8519,8,2025-04-17,False
REC007597,ENU0223,Karnataka,42,Female,Illiterate,Construction Worker,Employed,45,10355,5,2025-02-21,False
REC007598,ENU0093,Kerala,41,Male,Higher Secondary,Clerk,Employed,51,17076,5,2025-10-08,False
REC007599,ENU0154,Madhya Pradesh,46,Male,Primary,Agricultural Labourer,Employed,37,6466,4,2025-06-26,False
REC007600,ENU0223,Kerala,38,Male,Higher Secondary,Carpenter,Employed,8,2288,2,2025-12-08,False
REC007601,ENU0063,Bihar,46,Male,Illiterate,Construction Worker,Unemployed,0,0,4,2025-03-04,False
REC007602,ENU0092,Tamil Nadu,65,Female,Secondary,Factory Worker,Employed,62,21786,1,2025-11-30,False
REC007603,ENU0181,Punjab,58,Female,Secondary,Carpenter,Employed,43,11859,3,2025-09-04,False
REC007604,ENU0086,Odisha,30,Male,Secondary,None,Unemployed,0,0,1,2025-09-23,False
REC007605,ENU0094,Karnataka,37,Male,Secondary,Street Vendor,Employed,51,8860,5,2025-10-13,False
REC007606,ENU0084,Uttar Pradesh,30,Female,Graduate,None,Unemployed,0,0,5,2025-08-05,False
REC007607,ENU0037,West Bengal,40,Male,Graduate,Teacher,Employed,51,25422,5,2025-02-10,False
REC007608,ENU0096,Odisha,8,Female,Primary,None,Not in Labour Force,0,0,5,2025-01-29,False
REC007609,ENU0009,Andhra Pradesh,55,Female,Secondary,Shop Assistant,Employed,31,4630,4,2025-08-02,False
REC007610,ENU0001,Punjab,36,Male,Secondary,None,Not in Labour Force,4,0,5,2025-06-13,False
REC007611,ENU0160,Gujarat,29,Female,Higher Secondary,Driver,Employed,37,4036,3,2025-08-19,False
REC007612,ENU0246,Karnataka,39,Female,Higher Secondary,None,Unemployed,0,0,7,2025-05-07,False
REC007613,ENU0161,Gujarat,49,Male,Secondary,Carpenter,Employed,56,16592,3,2025-05-13,False
REC007614,ENU0083,Bihar,19,Female,Primary,None,Not in Labour Force,0,0,11,2025-02-10,False
REC007615,ENU0130,Tamil Nadu,41,Male,Primary,Street Vendor,Employed,54,10976,6,2025-03-22,False
REC007616,ENU0008,Odisha,38,Female,Illiterate,None,Not in Labour Force,0,0,1,2025-01-04,False
REC007617,ENU0074,Assam,30,Female,Illiterate,Construction Worker,Employed,53,12780,6,2025-03-30,False
REC007618,ENU0237,Gujarat,22,Male,Higher Secondary,None,Unemployed,0,0,3,2025-02-24,False
REC007619,ENU0134,Uttar Pradesh,58,Female,Higher Secondary,None,Not in Labour Force,0,0,7,2025-05-01,False
REC007620,ENU0022,Tamil Nadu,46,Female,Graduate,Sales Executive,Employed,36,12642,5,2025-11-26,False
REC007621,ENU0173,Kerala,50,Male,Illiterate,Construction Worker,Employed,40,7986,3,2025-05-17,False
REC007622,ENU0066,Karnataka,16,Female,Primary,None,Not in Labour Force,0,0,6,2025-02-17,False
REC007623,ENU0220,West Bengal,40,Male,Higher Secondary,Clerk,Employed,46,18347,3,2025-02-14,False
REC007624,ENU0014,Kerala,37,Male,Secondary,Carpenter,Employed,64,19642,4,2025-01-30,False
REC007625,ENU0099,Maharashtra,47,Male,Higher Secondary,Technician,Employed,41,17158,6,2025-09-21,False
REC007626,ENU0038,Madhya Pradesh,39,Female,Higher Secondary,None,Unemployed,0,0,8,2025-05-14,False
REC007627,ENU0221,Punjab,19,Female,Higher Secondary,None,Not in Labour Force,0,0,5,2025-11-08,False
REC007628,ENU0080,Assam,33,Male,Secondary,Carpenter,Employed,48,16247,4,2025-04-13,False
REC007629,ENU0029,Uttar Pradesh,46,Male,Illiterate,Street Vendor,Employed,62,11669,1,2025-04-12,False
REC007630,ENU0088,Kerala,46,Female,Primary,None,Not in Labour Force,6,0,1,2025-09-03,False
REC007631,ENU0019,Karnataka,46,Female,Graduate,Teacher,Employed,46,28828,2,2025-11-04,False
REC007632,ENU0239,Madhya Pradesh,44,Female,Graduate,IT Professional,Employed,46,63112,8,2025-08-28,False
REC007633,ENU0166,Rajasthan,36,Female,Graduate,None,Unemployed,0,0,6,2025-05-28,False
REC007634,ENU0104,Odisha,25,Male,Primary,Factory Worker,Employed,46,10718,2,2025-08-23,False
REC007635,ENU0232,Rajasthan,39,Female,Primary,Domestic Help,Employed,52,8910,3,2025-04-22,False
REC007636,ENU0005,Madhya Pradesh,35,Female,Secondary,Factory Worker,Employed,46,12290,4,2025-03-14,False
REC007637,ENU0193,Madhya Pradesh,5,Male,Illiterate,None,Not in Labour Force,0,0,1,2025-07-21,False
REC007638,ENU0215,Telangana,40,Female,Secondary,None,Not in Labour Force,0,0,4,2025-12-09,False
REC007639,ENU0028,West Bengal,51,Male,Illiterate,Construction Worker,Employed,44,9582,4,2025-02-16,False
REC007640,ENU0092,Gujarat,64,Male,Graduate,None,Not in Labour Force,0,0,7,2025-01-16,False
REC007641,ENU0095,Tamil Nadu,24,Female,Secondary,Carpenter,Employed,57,13693,1,2025-01-15,False
REC007642,ENU0172,Madhya Pradesh,18,Male,Higher Secondary,None,Not in Labour Force,0,0,5,2025-11-20,False
REC007643,ENU0078,Telangana,34,Male,Higher Secondary,Driver,Employed,71,23579,4,2025-10-31,False
REC007644,ENU0004,Gujarat,14,Female,Primary,None,Not in Labour Force,0,0,4,2025-01-01,False
REC007645,ENU0218,Rajasthan,74,Female,Post Graduate,None,Not in Labour Force,0,0,7,2025-10-18,False
REC007646,ENU0067,Karnataka,32,Female,Higher Secondary,Technician,Employed,48,15304,7,2025-11-18,False
REC007647,ENU0208,West Bengal,24,Female,Secondary,None,Unemployed,0,0,3,2025-02-02,False
REC007648,ENU0152,Bihar,29,Male,Primary,Street Vendor,Unemployed,0,0,3,2025-08-01,False
REC007649,ENU0050,Punjab,43,Male,Higher Secondary,Clerk,Employed,65,12100,2,2025-08-09,False
REC007650,ENU0199,Tamil Nadu,30,Female,Higher Secondary,Clerk,Employed,40,10438,4,2025-10-12,False
REC007651,ENU0181,Karnataka,45,Male,Graduate,Bank Employee,Employed,58,59538,5,2025-10-17,False
REC007652,ENU0015,Telangana,26,Female,Post Graduate,None,Not in Labour Force,0,0,4,2025-12-18,False
REC007653,ENU0230,Karnataka,33,Female,Higher Secondary,None,Not in Labour Force,0,0,5,2025-09-08,False
REC007654,ENU0065,Madhya Pradesh,59,Female,Higher Secondary,Clerk,Employed,43,17462,4,2025-09-17,False
REC007655,ENU0130,Telangana,21,Male,Higher Secondary,Clerk,Employed,39,12444,1,2025-05-30,False
REC007656,ENU0204,Tamil Nadu,28,Male,Graduate,Clerk,Employed,27,17118,5,2025-10-16,False
REC007657,ENU0131,Uttar Pradesh,38,Female,Primary,Domestic Help,Employed,41,6353,4,2025-09-23,False
REC007658,ENU0111,Odisha,19,Male,Post Graduate,None,Not in Labour Force,0,0,4,2025-04-13,False
REC007659,ENU0223,Tamil Nadu,39,Female,Primary,None,Not in Labour Force,9,0,2,2025-05-25,False
REC007660,ENU0140,Karnataka,49,Male,Illiterate,Construction Worker,Employed,42,8622,2,2025-12-06,False
REC007661,ENU0172,Maharashtra,75,Male,Higher Secondary,None,Not in Labour Force,0,0,2,2025-08-20,False
REC007662,ENU0050,Telangana,69,Male,Illiterate,None,Not in Labour Force,0,0,4,2025-01-20,False
REC007663,ENU0136,Gujarat,33,Female,Primary,None,Not in Labour Force,0,0,4,2025-03-05,False
REC007664,ENU0039,Kerala,70,Male,Graduate,None,Not in Labour Force,0,0,5,2025-03-26,False
REC007665,ENU0244,Maharashtra,32,Male,Illiterate,Agricultural Labourer,Employed,37,6935,3,2025-08-02,False
REC007666,ENU0182,Kerala,12,Female,Primary,None,Not in Labour Force,0,0,5,2025-09-01,False
REC007667,ENU0129,Uttar Pradesh,17,Female,Graduate,Bank Employee,Employed,58,36705,6,2025-02-28,False
REC007668,ENU0240,Bihar,36,Male,Post Graduate,Teacher,Unemployed,0,0,4,2025-06-01,False
REC007669,ENU0032,Andhra Pradesh,16,Male,Primary,Street Vendor,Employed,61,11362,3,2025-03-04,False
REC007670,ENU0023,West Bengal,18,Male,Graduate,Teacher,Employed,51,16926,7,2025-08-30,False
REC007671,ENU0215,Assam,39,Female,Secondary,None,Not in Labour Force,0,0,4,2025-12-10,False
REC007672,ENU0150,Punjab,21,Female,Post Graduate,None,Unemployed,0,0,3,2025-11-18,False
REC007673,ENU0096,Maharashtra,17,Female,Primary,Domestic Help,Employed,44,4672,3,2025-06-14,False
REC007674,ENU0014,Punjab,15,Female,Higher Secondary,None,Not in Labour Force,0,0,2,2025-12-31,False
REC007675,ENU0181,Assam,27,Male,Higher Secondary,Clerk,Employed,37,18686,4,2025-09-19,False
REC007676,ENU0174,West Bengal,20,Male,Illiterate,Street Vendor,Employed,43,7878,5,2025-01-12,False
REC007677,ENU0022,Karnataka,32,Male,Secondary,Driver,Employed,37,13103,4,2025-05-16,False
REC007678,ENU0031,Madhya Pradesh,12,Male,Primary,None,Not in Labour Force,9,0,7,2025-04-10,False
REC007679,ENU0228,Kerala,20,Female,Higher Secondary,Shop Assistant,Employed,37,5684,3,2025-09-21,False
REC007680,ENU0230,Madhya Pradesh,64,Male,Secondary,None,Not in Labour Force,0,0,3,2025-08-16,False
REC007681,ENU0120,Madhya Pradesh,32,Male,Graduate,Bank Employee,Employed,51,43183,4,2025-11-05,False
REC007682,ENU0216,Madhya Pradesh,23,Male,Illiterate,Agricultural Labourer,Employed,34,6786,6,2025-10-21,False
REC007683,ENU0033,Andhra Pradesh,20,Male,Higher Secondary,None,Unemployed,0,0,6,2025-05-13,False
REC007684,ENU0209,Karnataka,38,Male,Secondary,None,Not in Labour Force,0,0,4,2025-04-03,False
REC007685,ENU0113,Tamil Nadu,19,Female,Graduate,None,Unemployed,0,0,4,2025-07-24,False
REC007686,ENU0024,Tamil Nadu,29,Other,Secondary,None,Not in Labour Force,0,0,3,2025-05-29,False
REC007687,ENU0005,Assam,49,Female,Graduate,Clerk,Employed,36,16436,5,2025-09-03,False
REC007688,ENU0022,Uttar Pradesh,57,Male,Higher Secondary,Shop Assistant,Employed,37,9391,8,2025-05-03,False
REC007689,ENU0203,Kerala,17,Male,Higher Secondary,None,Unemployed,0,0,7,2025-03-21,False
REC007690,ENU0118,Madhya Pradesh,30,Male,Higher Secondary,Technician,Employed,27,11363,8,2025-06-07,False
REC007691,ENU0015,Madhya Pradesh,50,Male,Higher Secondary,Technician,Employed,30,6786,5,2025-10-14,False
REC007692,ENU0024,Odisha,35,Male,Secondary,Factory Worker,Employed,62,21531,8,2025-05-31,False
REC007693,ENU0213,Gujarat,24,Female,Post Graduate,None,Not in Labour Force,0,0,5,2025-01-30,False
REC007694,ENU0140,Andhra Pradesh,32,Female,Graduate,Sales Executive,Employed,39,9513,4,2025-06-10,False
REC007695,ENU0156,Tamil Nadu,27,Female,Secondary,Factory Worker,Employed,56,14721,3,2025-04-23,False
REC007696,ENU0086,Karnataka,11,Female,Primary,None,Not in Labour Force,0,0,6,2025-04-15,False
REC007697,ENU0209,Madhya Pradesh,42,Female,Secondary,None,Not in Labour Force,0,0,6,2025-02-09,False
REC007698,ENU0198,Rajasthan,77,Male,Secondary,None,Not in Labour Force,9,0,5,2025-10-24,False
REC007699,ENU0234,Maharashtra,37,Female,Graduate,Bank Employee,Employed,42,32243,2,2025-07-13,False
REC007700,ENU0046,Uttar Pradesh,53,Male,Secondary,Factory Worker,Employed,39,10738,8,2025-01-17,False
REC007701,ENU0017,Gujarat,55,Female,Primary,Domestic Help,Employed,38,5204,5,2025-07-07,False
REC007702,ENU0048,Assam,59,Male,Secondary,Street Vendor,Employed,38,8392,3,2025-04-28,False
REC007703,ENU0004,Tamil Nadu,48,Male,Higher Secondary,Technician,Employed,39,14360,4,2025-04-30,False
REC007704,ENU0022,Rajasthan,44,Female,Secondary,Carpenter,Employed,43,13214,4,2025-10-25,False
REC007705,ENU0181,Tamil Nadu,8,Female,Primary,None,Not in Labour Force,0,0,4,2025-04-08,False
REC007706,ENU0248,Bihar,36,Male,Graduate,Clerk,Unemployed,0,0,4,2025-05-21,False
REC007707,ENU0164,Madhya Pradesh,44,Male,Graduate,None,Not in Labour Force,0,0,3,2025-10-01,False
REC007708,ENU0042,Karnataka,38,Male,Secondary,None,Employed,0,8798709,4,2025-02-21,True
REC007709,ENU0141,Maharashtra,55,Male,Primary,Street Vendor,Employed,48,12421,1,2025-02-17,False
REC007710,ENU0110,Bihar,50,Male,Secondary,Factory Worker,Employed,41,4969,3,2025-12-18,False
REC007711,ENU0249,West Bengal,38,Male,Secondary,None,Not in Labour Force,0,0,4,2025-02-27,False
REC007712,ENU0084,Maharashtra,33,Male,Higher Secondary,None,Not in Labour Force,4,0,7,2025-03-22,False
REC007713,ENU0096,Gujarat,59,Male,Primary,Factory Worker,Employed,58,14544,3,2025-09-06,False
REC007714,ENU0016,Gujarat,43,Male,Secondary,Driver,Employed,31,6913,5,2025-06-27,False
REC007715,ENU0019,Karnataka,13,Female,Primary,None,Not in Labour Force,0,0,6,2025-05-17,False
REC007716,ENU0121,Maharashtra,72,Male,Graduate,None,Not in Labour Force,0,0,9,2025-03-07,False
REC007717,ENU0080,Odisha,28,Female,Primary,Domestic Help,Employed,31,3478,5,2025-09-19,False
REC007718,ENU0035,West Bengal,26,Female,Primary,None,Not in Labour Force,2,0,5,2025-06-03,False
REC007719,ENU0142,Tamil Nadu,70,Female,Graduate,None,Not in Labour Force,0,0,3,2025-04-27,False
REC007720,ENU0102,Andhra Pradesh,46,Male,Graduate,IT Professional,Employed,38,63346,4,2025-11-29,False
REC007721,ENU0118,Maharashtra,7,Male,Primary,None,Not in Labour Force,0,0,1,2025-06-28,False
REC007722,ENU0246,Assam,69,Male,Graduate,None,Not in Labour Force,0,0,1,2025-07-21,False
REC007723,ENU0211,Rajasthan,50,Female,Graduate,IT Professional,Employed,80,97945,2,2025-09-14,False
REC007724,ENU0181,Punjab,10,Female,Primary,None,Not in Labour Force,0,0,4,2025-08-23,False
REC007725,ENU0056,Uttar Pradesh,41,Male,Graduate,None,Not in Labour Force,3,0,6,2025-08-23,False
REC007726,ENU0215,Madhya Pradesh,36,Male,Secondary,Factory Worker,Employed,48,12116,3,2025-07-18,False
REC007727,ENU0038,Madhya Pradesh,31,Female,Post Graduate,Engineer,Employed,45,59869,3,2025-01-30,False
REC007728,ENU0097,Assam,18,Male,Graduate,None,Not in Labour Force,0,0,3,2025-11-12,False
REC007729,ENU0066,Andhra Pradesh,72,Male,Higher Secondary,None,Not in Labour Force,0,0,6,2025-01-08,False
REC007730,ENU0121,Bihar,11,Female,Primary,None,Unemployed,0,0,4,2025-01-03,False
REC007731,ENU0197,Punjab,8,Male,Primary,None,Not in Labour Force,3,0,4,2025-08-15,False
REC007732,ENU0143,Odisha,8,Female,Primary,None,Not in Labour Force,0,0,4,2025-07-07,False
REC007733,ENU0109,Bihar,27,Male,Illiterate,None,Unemployed,0,0,6,2025-03-24,False
REC007734,ENU0164,Gujarat,23,Male,Graduate,None,Unemployed,0,0,6,2025-03-19,False
REC007735,ENU0163,Gujarat,25,Male,Post Graduate,Engineer,Employed,56,82121,6,2025-04-23,False
REC007736,ENU0084,Odisha,54,Male,Higher Secondary,None,Not in Labour Force,0,0,4,2025-05-12,False
REC007737,ENU0233,Gujarat,18,Male,Secondary,None,Unemployed,0,0,6,2025-03-15,False
REC007738,ENU0241,Kerala,42,Female,Primary,Factory Worker,Employed,39,12473,6,2025-01-05,False
REC007739,ENU0159,Assam,51,Male,Secondary,Shop Assistant,Employed,54,13383,4,2025-01-31,False
REC007740,ENU0121,Maharashtra,36,Male,Graduate,None,Not in Labour Force,0,0,4,2025-07-13,False
REC007741,ENU0081,Uttar Pradesh,45,Female,Graduate,None,Not in Labour Force,8,0,2,2025-12-15,False
REC007742,ENU0005,Telangana,34,Male,Secondary,Driver,Employed,38,8860,2,2025-04-21,False
REC007743,ENU0029,Uttar Pradesh,24,Female,Secondary,None,Unemployed,0,0,5,2025-05-03,False
REC007744,ENU0085,Tamil Nadu,11,Male,Primary,None,Not in Labour Force,7,0,2,2025-12-18,False
REC007745,ENU0134,Assam,32,Other,Primary,Domestic Help,Employed,41,6010,7,2025-09-06,False
REC007746,ENU0212,Telangana,34,Male,Secondary,Shop Assistant,Employed,59,12461,1,2025-08-10,False
REC007747,ENU0148,Punjab,86,Female,Graduate,None,Not in Labour Force,0,0,2,2025-04-22,False
REC007748,ENU0069,Assam,16,Male,Post Graduate,IT Professional,Employed,50,44267,5,2025-10-09,False
REC007749,ENU0134,Tamil Nadu,50,Male,Illiterate,None,Not in Labour Force,5,0,2,2025-07-30,False
REC007750,ENU0124,Uttar Pradesh,43,Female,Higher Secondary,None,Not in Labour Force,6,0,4,2025-01-30,False
REC007751,ENU0126,Assam,13,Female,Primary,None,Not in Labour Force,0,0,2,2025-01-03,False
REC007752,ENU0102,Andhra Pradesh,30,Male,Post Graduate,None,Unemployed,0,0,3,2025-09-07,False
REC007753,ENU0023,Karnataka,53,Female,Higher Secondary,Shop Assistant,Employed,30,7613,6,2025-12-01,False
REC007754,ENU0230,Assam,38,Male,Higher Secondary,Carpenter,Employed,19,2910,5,2025-03-10,False
REC007755,ENU0044,Gujarat,26,Male,Secondary,Street Vendor,Employed,49,10078,3,2025-09-08,False
REC007756,ENU0139,Rajasthan,60,Female,Higher Secondary,None,Not in Labour Force,0,0,6,2025-09-17,False
REC007757,ENU0133,Uttar Pradesh,24,Female,Post Graduate,Government Officer,Employed,24,38539,4,2025-03-26,False
REC007758,ENU0227,Rajasthan,74,Female,Secondary,None,Not in Labour Force,4,0,7,2025-06-30,False
REC007759,ENU0195,Odisha,38,Male,Graduate,Clerk,Employed,65,27725,3,2025-09-14,False
REC007760,ENU0145,Bihar,39,Male,Higher Secondary,Shop Assistant,Unemployed,0,0,5,2025-09-23,False
REC007761,ENU0196,Kerala,40,Female,Graduate,None,Not in Labour Force,1,0,4,2025-01-04,False
REC007762,ENU0119,Karnataka,28,Male,Secondary,Factory Worker,Employed,53,15372,2,2025-01-29,False
REC007763,ENU0026,Telangana,82,Male,Secondary,None,Not in Labour Force,1,0,3,2025-03-30,False
REC007764,ENU0027,Punjab,62,Male,Secondary,None,Not in Labour Force,3,0,5,2025-02-15,False
REC007765,ENU0216,Gujarat,36,Female,Post Graduate,Engineer,Employed,20,29393,5,2025-03-22,False
REC007766,ENU0119,Maharashtra,31,Female,Higher Secondary,None,Not in Labour Force,0,0,4,2025-02-22,False
REC007767,ENU0131,Odisha,36,Female,Illiterate,Domestic Help,Employed,40,4239,5,2025-10-27,False
REC007768,ENU0043,Bihar,30,Male,Post Graduate,None,Unemployed,0,0,4,2025-10-23,False
REC007769,ENU0220,Odisha,26,Male,Secondary,None,Unemployed,0,0,2,2025-03-09,False
REC007770,ENU0206,Uttar Pradesh,81,Female,Graduate,None,Not in Labour Force,0,0,5,2025-12-19,False
REC007771,ENU0155,Uttar Pradesh,16,Male,Primary,None,Unemployed,0,0,5,2025-03-03,False
REC007772,ENU0063,Uttar Pradesh,16,Male,Primary,None,Unemployed,0,0,5,2025-09-12,False
REC007773,ENU0021,Telangana,24,Male,Primary,Factory Worker,Employed,57,12296,5,2025-04-29,False
REC007774,ENU0046,Maharashtra,49,Male,Higher Secondary,Carpenter,Employed,36,9900,4,2025-06-29,False
REC007775,ENU0202,Gujarat,52,Male,Primary,Street Vendor,Employed,33,5771,5,2025-05-03,False
REC007776,ENU0078,Assam,41,Female,Post Graduate,Teacher,Employed,57,35288,5,2025-11-02,False
REC007777,ENU0207,Punjab,32,Female,Graduate,Sales Executive,Employed,49,29419,4,2025-06-23,False
REC007778,ENU0207,Andhra Pradesh,35,Female,Graduate,Clerk,Employed,59,30740,7,2025-08-28,False
REC007779,ENU0058,Karnataka,34,Male,Secondary,Factory Worker,Employed,51,11265,4,2025-08-20,False
REC007780,ENU0210,Andhra Pradesh,36,Female,Secondary,Driver,Employed,43,14498,2,2025-10-10,False
REC007781,ENU0156,Gujarat,21,Male,Primary,Construction Worker,Employed,38,10328,4,2025-04-12,False
REC007782,ENU0167,Karnataka,30,Female,Primary,Street Vendor,Employed,40,5112,1,2025-01-12,False
REC007783,ENU0176,Assam,39,Female,Secondary,Street Vendor,Employed,56,5204,5,2025-04-01,False
REC007784,ENU0027,Maharashtra,30,Female,Primary,Agricultural Labourer,Employed,39,6892,1,2025-06-10,False
REC007785,ENU0005,Kerala,64,Female,Primary,None,Not in Labour Force,9,0,1,2025-01-17,False
REC007786,ENU0073,Andhra Pradesh,34,Male,Secondary,None,Not in Labour Force,0,0,5,2025-08-15,False
REC007787,ENU0013,Karnataka,76,Male,Higher Secondary,None,Not in Labour Force,5,0,4,2025-10-31,False
REC007788,ENU0164,Gujarat,16,Male,Illiterate,None,Unemployed,0,0,1,2025-06-27,False
REC007789,ENU0016,Madhya Pradesh,42,Female,Primary,None,Not in Labour Force,0,0,8,2025-04-20,False
REC007790,ENU0014,Tamil Nadu,11,Female,Primary,None,Not in Labour Force,7,0,5,2025-07-10,False
REC007791,ENU0055,Karnataka,24,Male,Post Graduate,Teacher,Employed,13,10003,7,2025-02-26,False
REC007792,ENU0197,Telangana,38,Male,Primary,Construction Worker,Employed,44,10903,5,2025-10-18,False
REC007793,ENU0173,Kerala,17,Female,Higher Secondary,None,Not in Labour Force,1,0,6,2025-09-11,False
REC007794,ENU0112,Rajasthan,44,Female,Higher Secondary,Carpenter,Employed,60,21206,3,2025-12-18,False
REC007795,ENU0120,Rajasthan,71,Female,Higher Secondary,None,Not in Labour Force,1,0,6,2025-10-01,False
REC007796,ENU0126,Tamil Nadu,40,Female,Secondary,None,Not in Labour Force,0,0,1,2025-01-14,False
REC007797,ENU0064,Karnataka,46,Male,Graduate,Sales Executive,Employed,41,18506,2,2025-01-11,False
REC007798,ENU0176,Karnataka,36,Male,Graduate,Clerk,Employed,42,14984,5,2025-03-02,False
REC007799,ENU0129,Punjab,79,Female,Higher Secondary,None,Not in Labour Force,0,0,2,2025-09-21,False
REC007800,ENU0153,Gujarat,35,Male,Higher Secondary,Technician,Employed,44,14762,3,2025-12-03,False
REC007801,ENU0231,Kerala,46,Male,Graduate,Bank Employee,Employed,31,26414,3,2025-09-02,False
REC007802,ENU0022,Telangana,44,Female,Higher Secondary,Driver,Employed,26,6928,3,2025-07-01,False
REC007803,ENU0168,Odisha,26,Female,Secondary,None,Unemployed,0,0,3,2025-02-20,False
REC007804,ENU0044,Karnataka,19,Female,Post Graduate,Government Officer,Employed,27,27023,6,2025-02-15,False
REC007805,ENU0028,Odisha,26,Male,Secondary,Factory Worker,Employed,39,8983,3,2025-07-18,False
REC007806,ENU0216,Rajasthan,40,Male,Secondary,None,Not in Labour Force,0,0,4,2025-07-04,False
REC007807,ENU0128,Telangana,65,Male,Graduate,Bank Employee,Employed,53,43425,8,2025-05-16,False
REC007808,ENU0238,Tamil Nadu,19,Male,Higher Secondary,None,Not in Labour Force,8,0,5,2025-08-13,False
REC007809,ENU0054,Maharashtra,10,Male,Primary,None,Not in Labour Force,0,0,7,2025-11-15,False
REC007810,ENU0211,Kerala,26,Male,Primary,Agricultural Labourer,Employed,38,4057,3,2025-07-07,False
REC007811,ENU0186,Maharashtra,39,Male,Secondary,Carpenter,Employed,39,13391,2,2025-04-15,False
REC007812,ENU0109,Punjab,32,Male,Graduate,None,Not in Labour Force,0,0,2,2025-08-07,False
REC007813,ENU0011,Gujarat,22,Male,Graduate,Teacher,Employed,46,19539,7,2025-03-10,False
REC007814,ENU0210,Madhya Pradesh,8,Female,Primary,None,Not in Labour Force,0,0,7,2025-11-28,False
REC007815,ENU0158,Kerala,61,Female,Primary,Construction Worker,Employed,41,10152,6,2025-12-20,False
REC007816,ENU0227,Karnataka,72,Female,Secondary,None,Not in Labour Force,0,0,1,2025-10-31,False
REC007817,ENU0174,Punjab,56,Female,Primary,Factory Worker,Employed,39,10123,3,2025-06-30,False
REC007818,ENU0163,Madhya Pradesh,70,Male,Higher Secondary,None,Not in Labour Force,0,0,7,2025-02-24,False
REC007819,ENU0231,Assam,47,Female,Primary,Factory Worker,Employed,60,16171,4,2025-01-09,False
REC007820,ENU0076,Assam,22,Male,Secondary,None,Unemployed,0,0,7,2025-07-31,False
REC007821,ENU0010,Uttar Pradesh,32,Male,Secondary,Street Vendor,Employed,51,8125,5,2025-12-17,False
REC007822,ENU0027,Rajasthan,24,Female,Secondary,Carpenter,Employed,59,18674,9,2025-01-14,False
REC007823,ENU0048,Gujarat,35,Male,Primary,Agricultural Labourer,Employed,62,7743,5,2025-05-02,False
REC007824,ENU0144,Bihar,30,Female,Higher Secondary,Driver,Employed,35,4963,3,2025-05-31,False
REC007825,ENU0098,Rajasthan,16,Female,Graduate,None,Not in Labour Force,0,0,3,2025-11-14,False
REC007826,ENU0215,Maharashtra,39,Male,Illiterate,Domestic Help,Employed,57,8096,2,2025-02-26,False
REC007827,ENU0221,Rajasthan,32,Male,Secondary,Factory Worker,Employed,66,17099,3,2025-05-16,False
REC007828,ENU0241,Madhya Pradesh,55,Male,Secondary,Carpenter,Employed,55,16823,5,2025-08-25,False
REC007829,ENU0031,Rajasthan,40,Male,Primary,Street Vendor,Employed,59,10613,3,2025-10-02,False
REC007830,ENU0086,Rajasthan,16,Female,Higher Secondary,None,Not in Labour Force,0,0,1,2025-07-24,False
REC007831,ENU0124,Karnataka,78,Female,Secondary,None,Not in Labour Force,0,0,5,2025-07-10,False
REC007832,ENU0049,Karnataka,22,Female,Secondary,Carpenter,Employed,62,14814,5,2025-04-08,False
REC007833,ENU0067,Rajasthan,29,Female,Post Graduate,Doctor,Employed,42,71166,6,2025-09-28,False
REC007834,ENU0061,Uttar Pradesh,36,Female,Higher Secondary,None,Not in Labour Force,0,0,4,2025-04-18,False
REC007835,ENU0092,Andhra Pradesh,34,Male,Secondary,None,Not in Labour Force,0,0,5,2025-12-31,False
REC007836,ENU0027,Karnataka,36,Female,Primary,None,Unemployed,0,0,1,2025-12-15,False
REC007837,ENU0025,Tamil Nadu,29,Female,Post Graduate,None,Not in Labour Force,1,0,5,2025-05-17,False
REC007838,ENU0184,Punjab,62,Female,Secondary,None,Not in Labour Force,0,0,4,2025-12-21,False
REC007839,ENU0175,Telangana,53,Male,Higher Secondary,None,Not in Labour Force,0,0,2,2025-03-10,False
REC007840,ENU0084,Punjab,29,Female,Secondary,None,Not in Labour Force,0,0,3,2025-05-24,False
REC007841,ENU0047,Tamil Nadu,35,Male,Graduate,None,Unemployed,0,0,4,2025-04-09,False
REC007842,ENU0158,Karnataka,51,Female,Secondary,Driver,Employed,41,13262,2,2025-05-23,False
REC007843,ENU0162,Andhra Pradesh,44,Female,Higher Secondary,Clerk,Employed,38,16822,5,2025-01-22,False
REC007844,ENU0176,Punjab,74,Male,Graduate,None,Not in Labour Force,0,0,7,2025-07-17,False
REC007845,ENU0179,Telangana,-1,Female,Primary,None,Unemployed,0,0,2,2025-09-10,True
REC007846,ENU0204,Bihar,56,Female,Post Graduate,None,Unemployed,0,0,5,2025-12-24,False
REC007847,ENU0041,Telangana,29,Male,Higher Secondary,Technician,Employed,57,15824,4,2025-04-19,False
REC007848,ENU0183,Kerala,44,Male,Secondary,None,Not in Labour Force,0,0,4,2025-07-01,False
REC007849,ENU0156,Madhya Pradesh,34,Female,Secondary,Street Vendor,Employed,50,7510,10,2025-08-13,False
REC007850,ENU0217,West Bengal,53,Female,Graduate,Clerk,Employed,46,16350,2,2025-02-11,False
REC007851,ENU0230,Uttar Pradesh,25,Male,Higher Secondary,None,Unemployed,0,0,2,2025-11-28,False
REC007852,ENU0194,Bihar,49,Male,Secondary,Carpenter,Employed,48,6926,5,2025-10-07,False
REC007853,ENU0086,Tamil Nadu,33,Female,Secondary,None,Not in Labour Force,0,0,6,2025-02-05,False
REC007854,ENU0244,Assam,33,Female,Secondary,Carpenter,Employed,45,14345,2,2025-03-25,False
REC007855,ENU0122,Telangana,39,Male,Secondary,Carpenter,Employed,41,10536,6,2025-10-21,False
REC007856,ENU0175,Uttar Pradesh,32,Female,Primary,Domestic Help,Employed,27,3599,5,2025-08-21,False
REC007857,ENU0076,Tamil Nadu,17,Male,Primary,Construction Worker,Employed,43,8671,4,2025-03-03,False
REC007858,ENU0218,Rajasthan,45,Female,Secondary,Shop Assistant,Employed,55,12835,5,2025-11-11,False
REC007859,ENU0244,Telangana,13,Male,Primary,None,Not in Labour Force,0,0,6,2025-05-18,False
REC007860,ENU0050,Tamil Nadu,34,Male,Secondary,None,Unemployed,0,0,4,2025-08-03,False
REC007861,ENU0216,Tamil Nadu,47,Male,Post Graduate,Teacher,Employed,49,29728,5,2025-11-01,False
REC007862,ENU0169,Tamil Nadu,40,Male,Secondary,Carpenter,Employed,23,6303,2,2025-06-03,False
REC007863,ENU0110,Karnataka,38,Male,Graduate,Teacher,Employed,48,21398,3,2025-06-22,False
REC007864,ENU0181,Assam,52,Female,Graduate,IT Professional,Employed,43,62921,5,2025-12-05,False
REC007865,ENU0239,Punjab,11,Female,Primary,None,Not in Labour Force,0,0,4,2025-05-13,False
REC007866,ENU0187,West Bengal,16,Male,Secondary,Street Vendor,Employed,66,11936,5,2025-01-06,False
REC007867,ENU0135,West Bengal,30,Male,Post Graduate,None,Not in Labour Force,7,0,7,2025-04-10,False
REC007868,ENU0171,Bihar,29,Male,Illiterate,Construction Worker,Unemployed,0,0,3,2025-10-18,False
REC007869,ENU0087,Rajasthan,47,Male,Primary,Domestic Help,Employed,44,4961,2,2025-01-21,False
REC007870,ENU0041,Assam,48,Male,Graduate,Sales Executive,Employed,60,35064,2,2025-07-17,False
REC007871,ENU0125,Madhya Pradesh,31,Female,Graduate,None,Not in Labour Force,0,0,3,2025-09-08,False
REC007872,ENU0247,Telangana,41,Female,Secondary,Carpenter,Employed,47,11127,5,2025-08-31,False
REC007873,ENU0136,Telangana,12,Male,Primary,None,Not in Labour Force,0,0,3,2025-02-25,False
REC007874,ENU0052,Kerala,28,Female,Graduate,Teacher,Employed,42,27482,5,2025-01-28,False
REC007875,ENU0229,Andhra Pradesh,41,Female,Primary,Street Vendor,Employed,51,9500,6,2025-08-13,False
REC007876,ENU0102,Karnataka,19,Male,Secondary,None,Unemployed,0,0,1,2025-11-03,False
REC007877,ENU0078,Madhya Pradesh,31,Female,Secondary,None,Not in Labour Force,3,0,1,2025-08-11,False
REC007878,ENU0053,Maharashtra,51,Female,Primary,None,Not in Labour Force,6,0,1,2025-07-06,False
REC007879,ENU0097,Madhya Pradesh,60,Male,Graduate,None,Not in Labour Force,0,0,2,2025-02-06,False
REC007880,ENU0175,Rajasthan,78,Female,Graduate,None,Not in Labour Force,4,0,6,2025-12-28,False
REC007881,ENU0070,Rajasthan,31,Female,Primary,Domestic Help,Employed,44,4560,8,2025-06-11,False
REC007882,ENU0146,Gujarat,51,Male,Primary,Street Vendor,Employed,40,6770,5,2025-09-14,False
REC007883,ENU0092,Assam,40,Female,Secondary,Street Vendor,Employed,40,7353,5,2025-08-27,False
REC007884,ENU0159,Punjab,46,Male,Higher Secondary,Carpenter,Employed,40,8755,9,2025-09-15,False
REC007885,ENU0054,Karnataka,17,Female,Post Graduate,None,Not in Labour Force,8,0,4,2025-11-16,False
REC007886,ENU0243,Madhya Pradesh,15,Male,Secondary,None,Not in Labour Force,0,0,5,2025-12-21,False
REC007887,ENU0032,Bihar,28,Female,Secondary,None,Unemployed,0,0,4,2025-04-26,False
REC007888,ENU0246,Karnataka,43,Male,Primary,Factory Worker,Employed,32,6956,3,2025-10-16,False
REC007889,ENU0086,Karnataka,16,Male,Higher Secondary,Clerk,Employed,22,6326,5,2025-02-01,False
REC007890,ENU0193,Madhya Pradesh,52,Female,Illiterate,Construction Worker,Employed,47,9603,3,2025-01-02,False
REC007891,ENU0090,Karnataka,53,Female,Secondary,Shop Assistant,Employed,46,10514,8,2025-04-18,False
REC007892,ENU0135,Odisha,36,Male,Higher Secondary,Technician,Employed,33,10199,5,2025-04-12,False
REC007893,ENU0054,Rajasthan,43,Male,Graduate,Bank Employee,Employed,45,43069,2,2025-04-22,False
REC007894,ENU0121,Telangana,41,Female,Secondary,Driver,Employed,32,5696,4,2025-11-19,False
REC007895,ENU0046,Assam,38,Female,Secondary,Street Vendor,Employed,48,8468,3,2025-07-30,False
REC007896,ENU0157,Karnataka,16,Male,Secondary,Factory Worker,Employed,51,12438,9,2025-06-02,False
REC007897,ENU0107,Bihar,58,Male,Primary,Domestic Help,Employed,52,3014,6,2025-09-16,False
REC007898,ENU0012,Maharashtra,34,Male,Secondary,Driver,Employed,27,6398,5,2025-11-08,False
REC007899,ENU0039,Andhra Pradesh,60,Female,Primary,Construction Worker,Employed,58,10826,6,2025-12-04,False
REC007900,ENU0234,Assam,17,Female,Graduate,Teacher,Employed,65,34441,4,2025-11-18,False
REC007901,ENU0213,Punjab,60,Male,Secondary,None,Not in Labour Force,0,0,2,2025-07-19,False
REC007902,ENU0193,Assam,19,Male,Secondary,Street Vendor,Employed,32,2804,1,2025-03-14,False
REC007903,ENU0087,Odisha,31,Female,Primary,None,Unemployed,0,0,3,2025-04-04,False
REC007904,ENU0021,Tamil Nadu,54,Female,Graduate,Clerk,Employed,40,16458,4,2025-01-24,False
REC007905,ENU0197,Uttar Pradesh,54,Male,Primary,Agricultural Labourer,Employed,34,5542,2,2025-05-20,False
REC007906,ENU0004,Maharashtra,39,Male,Higher Secondary,None,Not in Labour Force,0,0,2,2025-06-28,False
REC007907,ENU0084,Odisha,14,Male,Primary,None,Not in Labour Force,6,0,3,2025-10-25,False
REC007908,ENU0101,Telangana,55,Female,Higher Secondary,None,Not in Labour Force,2,0,6,2025-04-24,False
REC007909,ENU0154,Maharashtra,57,Male,Higher Secondary,None,Not in Labour Force,0,0,1,2025-07-08,False
REC007910,ENU0064,Assam,72,Male,Higher Secondary,None,Not in Labour Force,1,0,4,2025-09-22,False
REC007911,ENU0099,Uttar Pradesh,36,Female,Graduate,Teacher,Employed,23,12621,7,2025-03-08,False
REC007912,ENU0054,Rajasthan,10,Male,Primary,None,Not in Labour Force,0,0,5,2025-01-10,False
REC007913,ENU0070,Bihar,76,Female,Post Graduate,None,Not in Labour Force,0,0,6,2025-08-31,False
REC007914,ENU0007,Rajasthan,16,Female,Secondary,Driver,Employed,40,14406,7,2025-05-17,False
REC007915,ENU0196,Gujarat,32,Male,Graduate,IT Professional,Employed,35,41028,6,2025-12-07,False
REC007916,ENU0033,Kerala,39,Female,Secondary,Street Vendor,Employed,52,10839,6,2025-10-04,False
REC007917,ENU0164,Uttar Pradesh,12,Male,Primary,None,Employed,0,110013,1,2025-04-16,True
REC007918,ENU0195,Punjab,48,Female,Post Graduate,Doctor,Employed,65,94667,2,2025-01-30,False
REC007919,ENU0072,Odisha,27,Female,Primary,None,Unemployed,0,0,3,2025-08-08,False
REC007920,ENU0036,Karnataka,55,Male,Secondary,Carpenter,Employed,56,23692,8,2025-01-23,False
REC007921,ENU0178,West Bengal,56,Male,Higher Secondary,Driver,Employed,55,15942,6,2025-03-30,False
REC007922,ENU0052,Tamil Nadu,50,Female,Higher Secondary,Technician,Employed,49,14793,3,2025-10-29,False
REC007923,ENU0131,Andhra Pradesh,77,Female,Graduate,None,Not in Labour Force,1,0,2,2025-11-05,False
REC007924,ENU0171,Maharashtra,12,Female,Primary,None,Not in Labour Force,0,0,6,2025-10-16,False
REC007925,ENU0156,Kerala,27,Female,Primary,Construction Worker,Employed,41,6525,2,2025-09-10,False
REC007926,ENU0212,West Bengal,18,Female,Illiterate,None,Not in Labour Force,0,0,4,2025-08-26,False
REC007927,ENU0246,Tamil Nadu,29,Male,Primary,None,Not in Labour Force,0,0,1,2025-09-10,False
REC007928,ENU0011,Telangana,53,Male,Graduate,Bank Employee,Employed,13,14617,1,2025-09-04,False
REC007929,ENU0007,Assam,150,Female,Post Graduate,None,Not in Labour Force,3,0,8,2025-01-03,True
REC007930,ENU0138,Telangana,24,Female,Graduate,IT Professional,Employed,45,32285,4,2025-11-01,False
REC007931,ENU0112,Telangana,30,Female,Secondary,Street Vendor,Employed,27,5874,9,2025-10-15,False
REC007932,ENU0188,Bihar,37,Female,Post Graduate,Government Officer,Unemployed,0,0,3,2025-10-19,False
REC007933,ENU0182,Assam,10,Male,Primary,None,Not in Labour Force,0,0,3,2025-03-02,False
REC007934,ENU0007,Andhra Pradesh,150,Female,Secondary,None,Not in Labour Force,0,0,3,2025-05-06,True
REC007935,ENU0020,Assam,39,Male,Higher Secondary,Technician,Employed,20,6033,6,2025-11-14,False
REC007936,ENU0127,Rajasthan,39,Male,Secondary,None,Not in Labour Force,0,0,8,2025-03-14,False
REC007937,ENU0229,Bihar,38,Male,Graduate,None,Not in Labour Force,0,0,2,2025-11-10,False
REC007938,ENU0103,Maharashtra,54,Female,Graduate,None,Not in Labour Force,0,0,6,2025-12-09,False
REC007939,ENU0158,Punjab,56,Female,Higher Secondary,None,Not in Labour Force,0,0,4,2025-09-05,False
REC007940,ENU0149,Karnataka,33,Female,Secondary,Factory Worker,Employed,60,14254,2,2025-03-07,False
REC007941,ENU0224,Karnataka,26,Female,Primary,Street Vendor,Employed,59,10352,7,2025-11-11,False
REC007942,ENU0029,Telangana,37,Male,Graduate,IT Professional,Employed,51,65262,4,2025-11-06,False
REC007943,ENU0153,Uttar Pradesh,36,Male,Secondary,None,Not in Labour Force,0,0,6,2025-12-06,False
REC007944,ENU0192,Madhya Pradesh,57,Female,Secondary,None,Not in Labour Force,0,0,2,2025-12-21,False
REC007945,ENU0058,Punjab,75,Male,Higher Secondary,None,Not in Labour Force,0,0,5,2025-11-11,False
REC007946,ENU0154,Uttar Pradesh,47,Male,Graduate,Teacher,Employed,45,31146,5,2025-11-28,False
REC007947,ENU0004,Telangana,41,Female,Graduate,Bank Employee,Employed,45,42319,4,2025-01-06,False
REC007948,ENU0046,Maharashtra,70,Male,Graduate,None,Not in Labour Force,5,0,5,2025-07-11,False
REC007949,ENU0156,Kerala,23,Female,Primary,Domestic Help,Employed,44,7442,5,2025-04-12,False
REC007950,ENU0046,Rajasthan,16,Male,Higher Secondary,Technician,Employed,68,20131,3,2025-03-18,False
REC007951,ENU0205,Bihar,26,Male,Post Graduate,None,Not in Labour Force,5,0,3,2025-12-16,False
REC007952,ENU0014,Uttar Pradesh,44,Male,Secondary,None,Not in Labour Force,0,0,7,2025-12-10,False
REC007953,ENU0132,Gujarat,43,Male,Secondary,Factory Worker,Employed,45,13041,1,2025-07-03,False
REC007954,ENU0179,Andhra Pradesh,36,Female,Primary,Street Vendor,Employed,32,5126,4,2025-02-04,False
REC007955,ENU0030,Maharashtra,49,Male,Illiterate,Domestic Help,Employed,44,5474,4,2025-02-20,False
REC007956,ENU0058,Odisha,26,Male,Graduate,None,Not in Labour Force,0,0,6,2025-01-29,False
REC007957,ENU0002,Kerala,44,Male,Higher Secondary,Shop Assistant,Employed,58,13265,7,2025-02-10,False
REC007958,ENU0005,Tamil Nadu,51,Male,Primary,Construction Worker,Employed,28,7713,5,2025-10-08,False
REC007959,ENU0245,Madhya Pradesh,44,Female,Higher Secondary,Carpenter,Employed,67,16159,1,2025-02-20,False
REC007960,ENU0158,Andhra Pradesh,39,Male,Higher Secondary,Technician,Employed,37,13526,2,2025-04-12,False
REC007961,ENU0219,West Bengal,38,Male,Secondary,None,Not in Labour Force,0,0,6,2025-04-19,False
REC007962,ENU0004,West Bengal,26,Male,Higher Secondary,None,Unemployed,0,0,4,2025-05-25,False
REC007963,ENU0214,Andhra Pradesh,50,Male,Secondary,Driver,Employed,31,5630,5,2025-06-01,False
REC007964,ENU0077,Karnataka,47,Male,Secondary,Shop Assistant,Employed,52,13391,2,2025-04-05,False
REC007965,ENU0062,Tamil Nadu,38,Female,Primary,None,Not in Labour Force,0,0,6,2025-03-22,False
REC007966,ENU0016,Punjab,37,Male,Primary,Domestic Help,Employed,35,5122,3,2025-12-27,False
REC007967,ENU0158,Maharashtra,27,Male,Secondary,None,Not in Labour Force,0,0,5,2025-08-05,False
REC007968,ENU0239,West Bengal,21,Female,Primary,Construction Worker,Employed,31,5929,3,2025-06-08,False
REC007969,ENU0239,Maharashtra,34,Male,Secondary,None,Not in Labour Force,0,0,6,2025-09-05,False
REC007970,ENU0195,Assam,19,Male,Post Graduate,None,Not in Labour Force,4,0,3,2025-09-14,False
REC007971,ENU0141,Maharashtra,50,Female,Secondary,Street Vendor,Employed,36,7703,2,2025-07-16,False
REC007972,ENU0063,Kerala,41,Female,Primary,Street Vendor,Employed,51,12612,4,2025-05-11,False
REC007973,ENU0137,Maharashtra,24,Male,Illiterate,Agricultural Labourer,Employed,40,5581,8,2025-07-18,False
REC007974,ENU0155,Telangana,39,Male,Secondary,None,Not in Labour Force,0,0,8,2025-03-10,False
REC007975,ENU0208,West Bengal,36,Male,Higher Secondary,Technician,Employed,39,15149,7,2025-11-18,False
REC007976,ENU0187,Karnataka,51,Female,Higher Secondary,None,Not in Labour Force,0,0,4,2025-10-08,False
REC007977,ENU0020,Madhya Pradesh,35,Female,Secondary,Factory Worker,Employed,49,14583,1,2025-03-24,False
REC007978,ENU0114,Bihar,9,Female,Primary,None,Unemployed,0,0,3,2025-12-25,False
REC007979,ENU0231,Karnataka,34,Male,Higher Secondary,None,Not in Labour Force,6,0,4,2025-07-22,False
REC007980,ENU0024,Assam,31,Female,Higher Secondary,Shop Assistant,Employed,46,13122,5,2025-10-30,False
REC007981,ENU0057,Karnataka,24,Other,Graduate,None,Unemployed,0,0,2,2025-06-21,False
REC007982,ENU0038,Madhya Pradesh,35,Other,Higher Secondary,Clerk,Employed,56,27469,7,2025-11-01,False
REC007983,ENU0107,Assam,34,Male,Primary,Factory Worker,Employed,46,10697,2,2025-08-02,False
REC007984,ENU0060,Odisha,15,Female,Illiterate,None,Not in Labour Force,0,0,4,2025-08-28,False
REC007985,ENU0166,Gujarat,18,Male,Higher Secondary,None,Not in Labour Force,3,0,3,2025-01-31,False
REC007986,ENU0229,Assam,15,Other,Higher Secondary,None,Not in Labour Force,0,0,4,2025-05-13,False
REC007987,ENU0088,Assam,11,Female,Primary,None,Not in Labour Force,0,0,4,2025-02-24,False
REC007988,ENU0112,West Bengal,49,Female,Secondary,Carpenter,Employed,30,6578,4,2025-12-18,False
REC007989,ENU0206,Maharashtra,32,Male,Illiterate,Construction Worker,Employed,55,10539,5,2025-09-18,False
REC007990,ENU0018,Assam,41,Female,Primary,Domestic Help,Employed,35,5533,2,2025-12-29,False
REC007991,ENU0228,Punjab,16,Male,Higher Secondary,Driver,Employed,61,18549,3,2025-02-20,False
REC007992,ENU0244,Gujarat,34,Female,Higher Secondary,None,Unemployed,0,0,2,2025-08-19,False
REC007993,ENU0126,Karnataka,12,Male,Primary,None,Not in Labour Force,0,0,2,2025-01-05,False
REC007994,ENU0093,Telangana,30,Female,Graduate,IT Professional,Employed,51,59834,3,2025-10-29,False
REC007995,ENU0090,Andhra Pradesh,43,Female,Illiterate,Domestic Help,Employed,46,5698,7,2025-08-06,False
REC007996,ENU0063,Punjab,40,Male,Graduate,Sales Executive,Employed,53,27939,2,2025-12-28,False
REC007997,ENU0117,Odisha,35,Male,Illiterate,Street Vendor,Employed,52,12050,2,2025-01-02,False
REC007998,ENU0075,Bihar,67,Female,Illiterate,None,Not in Labour Force,0,0,4,2025-03-30,False
REC007999,ENU0010,Telangana,48,Male,Higher Secondary,Carpenter,Employed,47,12242,6,2025-02-14,False
REC008000,ENU0105,Kerala,28,Male,Secondary,Shop Assistant,Employed,47,9651,4,2025-12-30,False
REC008001,ENU0135,Assam,41,Female,Illiterate,Construction Worker,Employed,38,9214,4,2025-10-03,False
REC008002,ENU0007,Gujarat,36,Male,Higher Secondary,None,Not in Labour Force,0,0,3,2025-12-10,False
REC008003,ENU0009,Assam,5,Male,Illiterate,None,Not in Labour Force,0,0,3,2025-06-19,False
REC008004,ENU0094,Maharashtra,29,Male,Illiterate,Construction Worker,Employed,27,1732,4,2025-02-03,False
REC008005,ENU0196,Rajasthan,35,Female,Higher Secondary,Technician,Employed,35,15300,1,2025-04-18,False
REC008006,ENU0062,Kerala,47,Male,Secondary,Factory Worker,Employed,37,8826,3,2025-05-05,False
REC008007,ENU0244,Madhya Pradesh,30,Male,Graduate,None,Employed,5,4039808,3,2025-08-21,True
REC008008,ENU0202,Andhra Pradesh,41,Male,Higher Secondary,Technician,Employed,75,31563,3,2025-12-08,False
REC008009,ENU0250,Gujarat,40,Male,Secondary,Carpenter,Employed,37,9144,7,2025-05-01,False
REC008010,ENU0099,Andhra Pradesh,12,Male,Primary,None,Not in Labour Force,0,0,1,2025-12-05,False
REC008011,ENU0250,Bihar,60,Male,Higher Secondary,None,Not in Labour Force,4,0,3,2025-11-22,False
REC008012,ENU0180,West Bengal,43,Female,Higher Secondary,Driver,Employed,52,13098,3,2025-02-24,False
REC008013,ENU0155,Karnataka,65,Male,Higher Secondary,None,Not in Labour Force,0,0,5,2025-01-25,False
REC008014,ENU0103,West Bengal,7,Male,Primary,None,Not in Labour Force,0,0,1,2025-07-18,False
REC008015,ENU0134,Madhya Pradesh,36,Male,Graduate,IT Professional,Employed,48,58956,6,2025-10-23,False
REC008016,ENU0194,Andhra Pradesh,11,Male,Primary,None,Not in Labour Force,0,0,1,2025-09-10,False
REC008017,ENU0054,Gujarat,32,Female,Secondary,None,Not in Labour Force,0,0,6,2025-04-17,False
REC008018,ENU0020,Odisha,30,Female,Higher Secondary,Clerk,Employed,58,27236,7,2025-01-05,False
REC008019,ENU0115,Odisha,39,Male,Graduate,None,Not in Labour Force,0,0,4,2025-05-27,False
REC008020,ENU0227,Gujarat,21,Male,Illiterate,Agricultural Labourer,Employed,50,7847,5,2025-05-06,False
REC008021,ENU0029,West Bengal,63,Female,Graduate,IT Professional,Employed,32,37946,2,2025-12-28,False
REC008022,ENU0125,Karnataka,30,Male,Illiterate,None,Unemployed,0,0,5,2025-05-29,False
REC008023,ENU0187,Assam,44,Female,Graduate,Teacher,Employed,51,27238,9,2025-03-11,False
REC008024,ENU0023,Bihar,71,Female,Secondary,None,Not in Labour Force,0,0,6,2025-12-18,False
REC008025,ENU0165,Telangana,23,Female,Graduate,IT Professional,Employed,48,59024,3,2025-12-18,False
REC008026,ENU0138,Rajasthan,29,Male,Primary,Factory Worker,Employed,56,12341,4,2025-06-20,False
REC008027,ENU0040,Maharashtra,41,Female,Graduate,Clerk,Employed,56,15317,1,2025-10-30,False
REC008028,ENU0167,Rajasthan,26,Male,Graduate,Clerk,Employed,54,17625,4,2025-08-18,False
REC008029,ENU0239,Karnataka,23,Female,Secondary,None,Unemployed,0,0,2,2025-05-15,False
REC008030,ENU0181,Rajasthan,31,Female,Secondary,Street Vendor,Employed,39,4462,3,2025-07-31,False
REC008031,ENU0155,Odisha,46,Male,Higher Secondary,Technician,Employed,55,19880,3,2025-08-29,False
REC008032,ENU0027,Madhya Pradesh,40,Male,Higher Secondary,Technician,Employed,52,18015,8,2025-05-24,False
REC008033,ENU0235,Maharashtra,13,Female,Primary,None,Not in Labour Force,0,0,1,2025-03-29,False
REC008034,ENU0207,West Bengal,72,Female,Primary,None,Not in Labour Force,0,0,7,2025-08-08,False
REC008035,ENU0093,Kerala,51,Male,Illiterate,Agricultural Labourer,Employed,38,6099,4,2025-01-29,False
REC008036,ENU0004,Tamil Nadu,36,Male,Secondary,Shop Assistant,Employed,47,8706,3,2025-04-18,False
REC008037,ENU0029,Maharashtra,12,Male,Primary,None,Employed,0,3628281,1,2025-07-13,True
REC008038,ENU0078,Tamil Nadu,28,Male,Secondary,Street Vendor,Employed,47,9172,5,2025-10-25,False
REC008039,ENU0153,Bihar,74,Male,Secondary,None,Not in Labour Force,0,0,5,2025-10-11,False
REC008040,ENU0060,Telangana,68,Female,Primary,None,Not in Labour Force,0,0,4,2025-07-26,False
REC008041,ENU0084,Rajasthan,61,Female,Higher Secondary,None,Not in Labour Force,0,0,5,2025-07-30,False
REC008042,ENU0245,Maharashtra,40,Female,Higher Secondary,None,Not in Labour Force,0,0,4,2025-01-10,False
REC008043,ENU0082,West Bengal,37,Female,Post Graduate,IT Professional,Employed,48,53507,8,2025-09-11,False
REC008044,ENU0053,Madhya Pradesh,42,Male,Primary,None,Unemployed,0,0,2,2025-12-19,False
REC008045,ENU0103,Madhya Pradesh,14,Female,Primary,None,Not in Labour Force,0,0,2,2025-02-17,False
REC008046,ENU0084,Assam,16,Male,Higher Secondary,Shop Assistant,Employed,45,9676,3,2025-04-01,False
REC008047,ENU0015,Telangana,46,Female,Post Graduate,Government Officer,Employed,31,37106,8,2025-06-11,False
REC008048,ENU0092,Kerala,52,Male,Secondary,Street Vendor,Employed,60,7971,3,2025-08-16,False
REC008049,ENU0114,Rajasthan,39,Female,Graduate,Clerk,Employed,47,15237,4,2025-07-14,False
REC008050,ENU0189,Punjab,24,Male,Secondary,Factory Worker,Employed,43,9778,3,2025-09-28,False
REC008051,ENU0114,Andhra Pradesh,6,Male,Primary,None,Not in Labour Force,0,0,4,2025-06-19,False
REC008052,ENU0240,Uttar Pradesh,74,Female,Secondary,None,Not in Labour Force,0,0,5,2025-02-08,False
REC008053,ENU0029,Punjab,26,Male,Secondary,Driver,Employed,44,9742,4,2025-02-01,False
REC008054,ENU0029,Maharashtra,150,Male,Secondary,Factory Worker,Employed,32,7265,2,2025-03-11,True
REC008055,ENU0161,West Bengal,33,Male,Higher Secondary,None,Not in Labour Force,0,0,8,2025-05-11,False
REC008056,ENU0205,Tamil Nadu,37,Male,Primary,Street Vendor,Employed,29,6830,5,2025-12-22,False
REC008057,ENU0097,Assam,47,Female,Graduate,Bank Employee,Employed,74,95603,4,2025-07-12,False
REC008058,ENU0076,Madhya Pradesh,26,Male,Illiterate,Domestic Help,Employed,16,1668,2,2025-02-09,False
REC008059,ENU0051,Bihar,26,Male,Higher Secondary,Clerk,Unemployed,0,0,3,2025-02-21,False
REC008060,ENU0169,Assam,36,Male,Secondary,Driver,Employed,31,8793,5,2025-02-01,False
REC008061,ENU0155,Uttar Pradesh,10,Male,Primary,None,Not in Labour Force,4,0,5,2025-10-10,False
REC008062,ENU0153,Rajasthan,20,Male,Post Graduate,None,Not in Labour Force,0,0,2,2025-03-19,False
REC008063,ENU0120,Telangana,36,Female,Post Graduate,Engineer,Employed,46,49989,5,2025-07-20,False
REC008064,ENU0082,Rajasthan,39,Female,Graduate,Bank Employee,Employed,34,35403,5,2025-06-13,False
REC008065,ENU0077,Uttar Pradesh,61,Male,Higher Secondary,None,Not in Labour Force,0,0,4,2025-08-13,False
REC008066,ENU0083,Gujarat,10,Male,Primary,None,Not in Labour Force,1,0,6,2025-07-08,False
REC008067,ENU0217,Andhra Pradesh,26,Male,Primary,None,Unemployed,0,0,4,2025-09-26,False
REC008068,ENU0153,Punjab,33,Male,Higher Secondary,None,Not in Labour Force,0,0,9,2025-09-14,False
REC008069,ENU0006,Karnataka,36,Female,Secondary,Driver,Employed,58,20357,3,2025-10-27,False
REC008070,ENU0026,Assam,54,Female,Higher Secondary,Carpenter,Employed,58,14725,7,2025-09-12,False
REC008071,ENU0008,Punjab,8,Male,Primary,None,Not in Labour Force,9,0,5,2025-07-17,False
REC008072,ENU0189,Tamil Nadu,32,Female,Higher Secondary,Driver,Employed,57,19278,4,2025-06-22,False
REC008073,ENU0177,Punjab,20,Male,Secondary,Driver,Employed,40,8752,2,2025-03-02,False
REC008074,ENU0187,Gujarat,71,Male,Graduate,None,Not in Labour Force,0,0,7,2025-12-04,False
REC008075,ENU0106,Bihar,31,Female,Illiterate,Agricultural Labourer,Unemployed,0,0,6,2025-06-20,False
REC008076,ENU0005,Gujarat,9,Male,Primary,None,Not in Labour Force,0,0,3,2025-08-15,False
REC008077,ENU0084,Punjab,13,Male,Primary,None,Not in Labour Force,0,0,5,2025-05-12,False
REC008078,ENU0130,Rajasthan,67,Male,Higher Secondary,None,Not in Labour Force,0,0,3,2025-03-23,False
REC008079,ENU0056,Uttar Pradesh,31,Male,Higher Secondary,Clerk,Employed,47,18736,4,2025-11-12,False
REC008080,ENU0108,Tamil Nadu,18,Female,Higher Secondary,None,Not in Labour Force,0,0,2,2025-09-11,False
REC008081,ENU0165,Madhya Pradesh,45,Female,Higher Secondary,None,Not in Labour Force,0,0,8,2025-10-15,False
REC008082,ENU0132,Karnataka,16,Female,Illiterate,None,Unemployed,0,0,6,2025-02-21,False
REC008083,ENU0029,Uttar Pradesh,41,Female,Secondary,None,Unemployed,0,0,4,2025-01-02,False
REC008084,ENU0128,Tamil Nadu,48,Male,Illiterate,None,Unemployed,0,0,4,2025-06-13,False
REC008085,ENU0177,Karnataka,50,Male,Graduate,Teacher,Employed,60,26012,2,2025-03-20,False
REC008086,ENU0215,Uttar Pradesh,39,Male,Primary,Factory Worker,Employed,56,12650,1,2025-10-02,False
REC008087,ENU0096,Odisha,64,Male,Secondary,None,Not in Labour Force,4,0,4,2025-01-28,False
REC008088,ENU0025,Punjab,12,Female,Primary,None,Not in Labour Force,0,0,1,2025-04-01,False
REC008089,ENU0047,Uttar Pradesh,11,Female,Primary,None,Not in Labour Force,0,0,3,2025-03-01,False
REC008090,ENU0183,Karnataka,32,Female,Secondary,Factory Worker,Employed,43,10433,4,2025-09-24,False
REC008091,ENU0002,Tamil Nadu,57,Female,Higher Secondary,Clerk,Employed,37,18089,5,2025-06-28,False
REC008092,ENU0037,Punjab,36,Female,Higher Secondary,Driver,Employed,31,6102,2,2025-10-16,False
REC008093,ENU0209,Gujarat,16,Female,Primary,None,Unemployed,0,0,6,2025-09-17,False
REC008094,ENU0126,Andhra Pradesh,46,Female,Higher Secondary,Technician,Employed,54,22211,4,2025-04-29,False
REC008095,ENU0177,Tamil Nadu,19,Female,Secondary,None,Not in Labour Force,2,0,2,2025-06-18,False
REC008096,ENU0022,Madhya Pradesh,34,Male,Primary,None,Not in Labour Force,5,0,5,2025-02-07,False
REC008097,ENU0238,Gujarat,36,Male,Secondary,Carpenter,Employed,42,11987,6,2025-03-02,False
REC008098,ENU0187,Telangana,48,Female,Secondary,Carpenter,Employed,55,13085,2,2025-01-19,False
REC008099,ENU0052,Telangana,30,Male,Secondary,None,Unemployed,0,0,6,2025-10-01,False
REC008100,ENU0202,Punjab,24,Male,Graduate,Teacher,Employed,52,29397,3,2025-02-05,False
REC008101,ENU0235,Madhya Pradesh,55,Female,Higher Secondary,Driver,Employed,64,13633,5,2025-06-01,False
REC008102,ENU0057,Odisha,43,Female,Graduate,None,Not in Labour Force,0,0,3,2025-08-16,False
REC008103,ENU0162,Kerala,49,Female,Higher Secondary,Technician,Employed,27,9810,9,2025-07-09,False
REC008104,ENU0014,Odisha,51,Female,Secondary,Driver,Employed,56,14950,3,2025-07-28,False
REC008105,ENU0056,Odisha,40,Female,Graduate,IT Professional,Employed,40,41798,0,2025-03-31,True
REC008106,ENU0069,Karnataka,39,Female,Graduate,Bank Employee,Employed,30,30022,2,2025-10-09,False
REC008107,ENU0029,Gujarat,59,Male,Primary,Street Vendor,Employed,45,9135,2,2025-02-19,False
REC008108,ENU0152,Uttar Pradesh,27,Male,Primary,Domestic Help,Employed,41,5658,1,2025-01-16,False
REC008109,ENU0073,Odisha,14,Male,Primary,None,Not in Labour Force,0,0,5,2025-06-04,False
REC008110,ENU0030,Uttar Pradesh,48,Female,Secondary,Street Vendor,Employed,58,10533,4,2025-11-04,False
REC008111,ENU0036,Rajasthan,42,Female,Higher Secondary,None,Not in Labour Force,0,0,1,2025-11-19,False
REC008112,ENU0201,Punjab,41,Male,Higher Secondary,Technician,Employed,56,26905,3,2025-08-21,False
REC008113,ENU0227,Punjab,21,Male,Graduate,None,Unemployed,0,0,2,2025-02-17,False
REC008114,ENU0241,Assam,43,Female,Secondary,Street Vendor,Employed,58,7331,7,2025-02-15,False
REC008115,ENU0075,Karnataka,43,Female,Graduate,Teacher,Employed,63,26278,3,2025-04-04,False
REC008116,ENU0110,Kerala,36,Female,Primary,None,Not in Labour Force,0,0,6,2025-01-18,False
REC008117,ENU0187,Bihar,55,Female,Primary,None,Not in Labour Force,3,0,5,2025-02-02,False
REC008118,ENU0153,Uttar Pradesh,17,Male,Graduate,None,Unemployed,0,0,5,2025-05-12,False
REC008119,ENU0237,Uttar Pradesh,28,Female,Secondary,Driver,Employed,34,8720,5,2025-09-15,False
REC008120,ENU0121,Tamil Nadu,42,Female,Illiterate,Domestic Help,Employed,44,5376,3,2025-08-21,False
REC008121,ENU0102,Andhra Pradesh,19,Male,Secondary,None,Unemployed,0,0,1,2025-05-08,False
REC008122,ENU0230,Maharashtra,31,Male,Post Graduate,None,Unemployed,0,0,5,2025-01-09,False
REC008123,ENU0117,Madhya Pradesh,37,Female,Higher Secondary,None,Unemployed,0,0,3,2025-07-27,False
REC008124,ENU0125,Punjab,6,Female,Primary,None,Not in Labour Force,0,0,1,2025-04-24,False
REC008125,ENU0177,Kerala,34,Male,Higher Secondary,Technician,Employed,48,17588,2,2025-04-15,False
REC008126,ENU0147,Maharashtra,49,Female,Secondary,Factory Worker,Employed,49,15506,4,2025-09-15,False
REC008127,ENU0090,Kerala,32,Female,Secondary,None,Not in Labour Force,1,0,2,2025-08-22,False
REC008128,ENU0216,Kerala,5,Male,Illiterate,None,Not in Labour Force,0,0,5,2025-01-12,False
REC008129,ENU0004,Odisha,31,Female,Primary,Domestic Help,Employed,56,4860,3,2025-03-04,False
REC008130,ENU0230,Maharashtra,50,Male,Graduate,Bank Employee,Employed,44,48808,3,2025-03-14,False
REC008131,ENU0194,Kerala,5,Male,Illiterate,None,Not in Labour Force,0,0,3,2025-07-23,False
REC008132,ENU0058,Karnataka,11,Male,Primary,None,Not in Labour Force,0,0,1,2025-05-03,False
REC008133,ENU0061,Telangana,24,Female,Secondary,None,Unemployed,0,0,6,2025-12-11,False
REC008134,ENU0097,Madhya Pradesh,70,Male,Post Graduate,None,Not in Labour Force,0,0,4,2025-02-15,False
REC008135,ENU0239,Andhra Pradesh,32,Male,Higher Secondary,Driver,Employed,54,16325,5,2025-01-12,False
REC008136,ENU0112,Tamil Nadu,28,Female,Secondary,Street Vendor,Employed,52,10919,3,2025-08-13,False
REC008137,ENU0141,Rajasthan,38,Male,Secondary,Carpenter,Employed,52,11309,5,2025-03-31,False
REC008138,ENU0076,Odisha,80,Male,Graduate,None,Not in Labour Force,80,0,4,2025-10-12,True
REC008139,ENU0127,Maharashtra,22,Female,Secondary,Factory Worker,Employed,55,17085,4,2025-01-08,False
REC008140,ENU0207,Uttar Pradesh,57,Female,Graduate,Teacher,Employed,24,18596,4,2025-08-22,False
REC008141,ENU0126,Gujarat,64,Female,Higher Secondary,None,Not in Labour Force,0,0,4,2025-10-21,False
REC008142,ENU0154,Maharashtra,44,Male,Higher Secondary,None,Not in Labour Force,4,0,3,2025-04-08,False
REC008143,ENU0017,Maharashtra,66,Female,Secondary,None,Not in Labour Force,5,0,3,2025-05-15,False
REC008144,ENU0007,Telangana,50,Male,Primary,None,Not in Labour Force,0,0,3,2025-06-19,False
REC008145,ENU0233,Madhya Pradesh,35,Male,Illiterate,None,Not in Labour Force,8,0,4,2025-03-06,False
REC008146,ENU0155,Karnataka,45,Other,Primary,Agricultural Labourer,Employed,30,2190,2,2025-12-31,False
REC008147,ENU0028,West Bengal,37,Female,Higher Secondary,None,Unemployed,0,0,2,2025-12-24,False
REC008148,ENU0015,Bihar,16,Male,Secondary,None,Unemployed,0,0,6,2025-07-08,False
REC008149,ENU0223,Tamil Nadu,20,Male,Primary,Agricultural Labourer,Employed,43,7727,6,2025-08-07,False
REC008150,ENU0132,Maharashtra,28,Female,Secondary,Driver,Employed,32,8355,5,2025-09-08,False
REC008151,ENU0237,Odisha,35,Female,Post Graduate,None,Unemployed,0,0,6,2025-12-12,False
REC008152,ENU0121,Gujarat,17,Male,Primary,None,Unemployed,0,0,2,2025-04-28,False
REC008153,ENU0200,Gujarat,27,Male,Higher Secondary,Technician,Employed,42,15002,4,2025-06-04,False
REC008154,ENU0060,Bihar,46,Male,Graduate,IT Professional,Employed,48,28814,6,2025-11-23,False
REC008155,ENU0244,Tamil Nadu,18,Female,Primary,None,Not in Labour Force,0,0,5,2025-12-22,False
REC008156,ENU0215,Karnataka,38,Male,Post Graduate,Teacher,Employed,64,32947,5,2025-02-08,False
REC008157,ENU0100,Uttar Pradesh,13,Female,Primary,None,Not in Labour Force,5,0,4,2025-05-05,False
REC008158,ENU0095,Madhya Pradesh,31,Male,Higher Secondary,Technician,Employed,64,27966,4,2025-05-27,False
REC008159,ENU0131,Uttar Pradesh,35,Male,Higher Secondary,Driver,Employed,48,12711,6,2025-09-10,False
REC008160,ENU0135,Assam,30,Male,Higher Secondary,None,Unemployed,0,0,5,2025-03-11,False
REC008161,ENU0016,Kerala,31,Male,Secondary,Factory Worker,Employed,49,13461,4,2025-10-21,False
REC008162,ENU0239,Uttar Pradesh,26,Male,Graduate,Sales Executive,Employed,49,26202,4,2025-07-13,False
REC008163,ENU0113,Assam,5,Female,Illiterate,None,Not in Labour Force,0,0,1,2025-10-27,False
REC008164,ENU0196,West Bengal,22,Female,Secondary,Street Vendor,Employed,54,8111,5,2025-01-24,False
REC008165,ENU0234,Tamil Nadu,55,Female,Higher Secondary,Shop Assistant,Employed,16,3123,4,2025-03-29,False
REC008166,ENU0072,West Bengal,38,Female,Primary,None,Not in Labour Force,9,0,5,2025-07-21,False
REC008167,ENU0166,Maharashtra,59,Female,Primary,None,Not in Labour Force,5,0,7,2025-12-06,False
REC008168,ENU0171,Odisha,29,Male,Secondary,None,Not in Labour Force,0,0,2,2025-07-10,False
REC008169,ENU0231,West Bengal,40,Female,Secondary,Driver,Employed,3,1000,3,2025-02-12,False
REC008170,ENU0169,Rajasthan,50,Male,Higher Secondary,Clerk,Employed,26,12304,3,2025-12-20,False
REC008171,ENU0216,Odisha,39,Female,Higher Secondary,Shop Assistant,Employed,45,10398,5,2025-08-11,False
REC008172,ENU0170,Assam,16,Male,Secondary,Street Vendor,Employed,56,9246,3,2025-12-24,False
REC008173,ENU0096,Odisha,5,Female,Illiterate,None,Not in Labour Force,0,0,6,2025-11-10,False
REC008174,ENU0122,Karnataka,31,Female,Post Graduate,None,Not in Labour Force,1,0,5,2025-06-03,False
REC008175,ENU0050,Gujarat,31,Female,Primary,Domestic Help,Employed,43,5252,6,2025-03-11,False
REC008176,ENU0027,West Bengal,34,Male,Secondary,None,Unemployed,0,0,6,2025-03-25,False
REC008177,ENU0185,Assam,31,Male,Primary,None,Not in Labour Force,3,0,2,2025-04-15,False
REC008178,ENU0035,Madhya Pradesh,20,Female,Post Graduate,Teacher,Employed,56,35047,7,2025-03-29,False
REC008179,ENU0100,Punjab,32,Female,Secondary,None,Not in Labour Force,2,0,3,2025-02-02,False
REC008180,ENU0071,Odisha,41,Male,Secondary,Driver,Employed,40,13060,7,2025-10-08,False
REC008181,ENU0111,Assam,53,Male,Higher Secondary,Shop Assistant,Employed,65,15901,4,2025-01-06,False
REC008182,ENU0053,Rajasthan,49,Male,Graduate,Bank Employee,Employed,39,28678,1,2025-04-22,False
REC008183,ENU0160,Madhya Pradesh,53,Female,Secondary,Driver,Employed,18,2981,5,2025-07-08,False
REC008184,ENU0023,Bihar,32,Female,Illiterate,Street Vendor,Employed,66,3454,6,2025-08-31,False
REC008185,ENU0006,Uttar Pradesh,19,Male,Secondary,Carpenter,Employed,41,14185,1,2025-10-14,False
REC008186,ENU0197,Gujarat,40,Female,Post Graduate,None,Not in Labour Force,0,0,6,2025-10-29,False
REC008187,ENU0242,Punjab,52,Male,Primary,Factory Worker,Employed,50,12773,3,2025-03-10,False
REC008188,ENU0011,Telangana,21,Male,Primary,None,Not in Labour Force,5,0,7,2025-03-11,False
REC008189,ENU0027,Punjab,40,Male,Primary,None,Not in Labour Force,5,0,5,2025-08-03,False
REC008190,ENU0114,Kerala,25,Male,Graduate,Sales Executive,Employed,38,12565,3,2025-09-24,False
REC008191,ENU0178,Tamil Nadu,45,Male,Graduate,Bank Employee,Employed,63,47334,3,2025-11-18,False
REC008192,ENU0151,Rajasthan,61,Male,Higher Secondary,Carpenter,Employed,52,13556,1,2025-02-28,False
REC008193,ENU0161,West Bengal,28,Male,Secondary,Carpenter,Employed,52,16265,2,2025-09-07,False
REC008194,ENU0174,Maharashtra,50,Female,Higher Secondary,Shop Assistant,Employed,59,13436,5,2025-04-11,False
REC008195,ENU0145,Telangana,39,Female,Higher Secondary,Carpenter,Employed,29,8511,8,2025-11-11,False
REC008196,ENU0002,Bihar,9,Female,Primary,None,Unemployed,0,0,6,2025-05-23,False
REC008197,ENU0153,Telangana,39,Male,Higher Secondary,Carpenter,Employed,64,10866,1,2025-04-18,False
REC008198,ENU0118,Maharashtra,5,Female,Illiterate,None,Not in Labour Force,0,0,5,2025-07-04,False
REC008199,ENU0116,Odisha,80,Female,Primary,None,Not in Labour Force,4,0,6,2025-09-13,False
REC008200,ENU0247,Punjab,27,Male,Primary,Domestic Help,Employed,63,10322,3,2025-06-22,False
REC008201,ENU0180,Rajasthan,15,Female,Secondary,None,Not in Labour Force,0,0,4,2025-02-05,False
REC008202,ENU0078,Bihar,35,Female,Secondary,Carpenter,Employed,28,3060,3,2025-04-24,False
REC008203,ENU0115,Punjab,22,Male,Illiterate,None,Unemployed,0,0,4,2025-11-15,False
REC008204,ENU0195,Rajasthan,55,Female,Illiterate,Domestic Help,Employed,46,6528,3,2025-12-26,False
REC008205,ENU0233,Assam,44,Male,Secondary,Factory Worker,Employed,20,5726,1,2025-10-11,False
REC008206,ENU0089,Odisha,29,Male,Secondary,Carpenter,Employed,40,9379,2,2025-04-07,False
REC008207,ENU0175,Uttar Pradesh,55,Female,Primary,Agricultural Labourer,Employed,40,5077,4,2025-06-29,False
REC008208,ENU0223,Andhra Pradesh,43,Female,Secondary,None,Not in Labour Force,0,0,3,2025-11-22,False
REC008209,ENU0201,Tamil Nadu,44,Male,Higher Secondary,Technician,Employed,36,10433,4,2025-10-22,False
REC008210,ENU0075,Uttar Pradesh,24,Female,Post Graduate,Bank Employee,Employed,38,35432,5,2025-01-08,False
REC008211,ENU0179,Assam,54,Male,Secondary,Driver,Employed,27,8951,4,2025-02-09,False
REC008212,ENU0224,Assam,26,Male,Higher Secondary,Clerk,Employed,38,12599,6,2025-07-29,False
REC008213,ENU0025,Uttar Pradesh,29,Female,Higher Secondary,Carpenter,Employed,46,11998,11,2025-10-29,False
REC008214,ENU0073,Odisha,12,Female,Primary,None,Not in Labour Force,7,0,3,2025-02-13,False
REC008215,ENU0074,Telangana,36,Female,Secondary,None,Unemployed,0,0,7,2025-12-11,False
REC008216,ENU0046,Bihar,42,Male,Higher Secondary,Shop Assistant,Employed,43,3734,5,2025-01-16,False
REC008217,ENU0198,Bihar,16,Female,Post Graduate,None,Unemployed,0,0,4,2025-07-12,False
REC008218,ENU0249,Andhra Pradesh,25,Male,Secondary,None,Not in Labour Force,2,0,9,2025-05-26,False
REC008219,ENU0114,Andhra Pradesh,41,Male,Secondary,None,Not in Labour Force,1,0,4,2025-01-07,False
REC008220,ENU0011,Bihar,23,Female,Secondary,None,Unemployed,0,0,9,2025-06-29,False
REC008221,ENU0113,Uttar Pradesh,34,Female,Graduate,None,Not in Labour Force,0,0,6,2025-06-10,False
REC008222,ENU0181,Bihar,8,Male,Primary,None,Not in Labour Force,0,0,5,2025-11-07,False
REC008223,ENU0105,Kerala,50,Male,Primary,Agricultural Labourer,Employed,42,4565,6,2025-02-03,False
REC008224,ENU0160,Kerala,31,Male,Primary,None,Not in Labour Force,6,0,8,2025-11-25,False
REC008225,ENU0072,Punjab,16,Female,Higher Secondary,None,Not in Labour Force,9,0,5,2025-02-07,False
REC008226,ENU0176,Kerala,67,Female,Graduate,None,Not in Labour Force,7,0,2,2025-11-08,False
REC008227,ENU0243,Assam,25,Female,Graduate,Teacher,Employed,45,26641,4,2025-09-21,False
REC008228,ENU0176,Gujarat,31,Male,Secondary,Street Vendor,Employed,26,5086,5,2025-10-20,False
REC008229,ENU0091,West Bengal,29,Female,Post Graduate,None,Not in Labour Force,0,0,1,2025-03-24,False
REC008230,ENU0217,Tamil Nadu,22,Male,Higher Secondary,Driver,Employed,42,12924,6,2025-10-18,False
REC008231,ENU0237,Uttar Pradesh,35,Female,Secondary,Carpenter,Employed,56,17633,4,2025-11-29,False
REC008232,ENU0101,West Bengal,8,Female,Primary,None,Not in Labour Force,0,0,5,2025-06-06,False
REC008233,ENU0151,Bihar,69,Female,Higher Secondary,None,Unemployed,0,0,3,2025-09-16,False
REC008234,ENU0043,Maharashtra,10,Male,Primary,None,Not in Labour Force,8,0,1,2025-06-12,False
REC008235,ENU0059,Maharashtra,50,Male,Secondary,Driver,Employed,35,10246,3,2025-12-08,False
REC008236,ENU0171,Gujarat,76,Female,Primary,None,Not in Labour Force,0,0,4,2025-04-24,False
REC008237,ENU0206,Gujarat,36,Male,Secondary,Factory Worker,Employed,33,6335,4,2025-08-04,False
REC008238,ENU0126,Kerala,27,Female,Secondary,Factory Worker,Employed,49,10376,3,2025-11-19,False
REC008239,ENU0065,Karnataka,36,Female,Graduate,Teacher,Employed,77,27114,2,2025-06-24,False
REC008240,ENU0020,Madhya Pradesh,29,Female,Primary,None,Not in Labour Force,6,0,6,2025-09-28,False
REC008241,ENU0189,Maharashtra,31,Other,Illiterate,Construction Worker,Employed,20,3470,4,2025-10-21,False
REC008242,ENU0095,Rajasthan,41,Female,Primary,Street Vendor,Employed,40,8879,8,2025-06-20,False
REC008243,ENU0164,Madhya Pradesh,23,Male,Illiterate,Domestic Help,Employed,47,5141,4,2025-07-17,False
REC008244,ENU0202,Assam,35,Male,Higher Secondary,None,Unemployed,0,0,6,2025-02-02,False
REC008245,ENU0072,Telangana,10,Female,Primary,None,Not in Labour Force,0,0,5,2025-10-12,False
REC008246,ENU0221,Rajasthan,42,Male,Illiterate,Street Vendor,Employed,39,4243,6,2025-09-28,False
REC008247,ENU0030,Andhra Pradesh,29,Female,Primary,Street Vendor,Employed,46,9313,4,2025-04-03,False
REC008248,ENU0168,Assam,33,Male,Secondary,Factory Worker,Employed,24,2878,6,2025-02-16,False
REC008249,ENU0042,Karnataka,27,Male,Secondary,Carpenter,Employed,37,11753,5,2025-11-27,False
REC008250,ENU0189,Punjab,21,Female,Secondary,Shop Assistant,Employed,47,8141,2,2025-04-14,False
REC008251,ENU0146,Rajasthan,51,Female,Secondary,Carpenter,Employed,41,8479,3,2025-11-25,False
REC008252,ENU0173,Andhra Pradesh,9,Male,Primary,None,Not in Labour Force,0,0,5,2025-06-15,False
REC008253,ENU0145,Assam,67,Female,Secondary,None,Not in Labour Force,1,0,5,2025-10-12,False
REC008254,ENU0152,Odisha,17,Male,Primary,None,Unemployed,0,0,3,2025-02-20,False
REC008255,ENU0224,Madhya Pradesh,74,Male,Higher Secondary,None,Not in Labour Force,0,0,5,2025-07-05,False
REC008256,ENU0166,Maharashtra,32,Female,Higher Secondary,None,Not in Labour Force,0,0,4,2025-02-13,False
REC008257,ENU0059,Madhya Pradesh,27,Male,Secondary,None,Not in Labour Force,0,0,7,2025-10-18,False
REC008258,ENU0217,Uttar Pradesh,17,Male,Higher Secondary,Clerk,Employed,42,19645,9,2025-10-06,False
REC008259,ENU0173,Andhra Pradesh,12,Female,Primary,None,Not in Labour Force,0,0,5,2025-10-29,False
REC008260,ENU0073,Assam,54,Male,Secondary,Factory Worker,Employed,37,11380,3,2025-09-27,False
REC008261,ENU0229,Telangana,44,Female,Post Graduate,None,Not in Labour Force,4,0,4,2025-06-22,False
REC008262,ENU0131,Karnataka,12,Female,Primary,None,Not in Labour Force,5,0,2,2025-01-13,False
REC008263,ENU0098,Assam,43,Male,Secondary,Carpenter,Employed,22,6312,9,2025-06-27,False
REC008264,ENU0192,Uttar Pradesh,34,Male,Secondary,Factory Worker,Employed,52,14740,3,2025-04-12,False
REC008265,ENU0151,Uttar Pradesh,37,Male,Higher Secondary,Clerk,Employed,25,8564,4,2025-10-12,False
REC008266,ENU0201,Bihar,41,Male,Secondary,None,Unemployed,0,0,1,2025-05-26,False
REC008267,ENU0093,Andhra Pradesh,45,Female,Higher Secondary,Shop Assistant,Employed,46,11286,2,2025-10-29,False
REC008268,ENU0150,Tamil Nadu,53,Male,Higher Secondary,Technician,Employed,25,7057,4,2025-12-12,False
REC008269,ENU0214,Kerala,68,Female,Secondary,None,Not in Labour Force,0,0,3,2025-05-28,False
REC008270,ENU0163,Karnataka,42,Male,Graduate,IT Professional,Employed,30,33876,1,2025-03-10,False
REC008271,ENU0041,Karnataka,33,Female,Graduate,None,Not in Labour Force,0,0,1,2025-02-14,False
REC008272,ENU0025,Telangana,33,Female,Graduate,Sales Executive,Employed,32,13305,3,2025-08-20,False
REC008273,ENU0047,Uttar Pradesh,65,Female,Secondary,None,Not in Labour Force,0,0,2,2025-06-27,False
REC008274,ENU0125,Uttar Pradesh,33,Male,Higher Secondary,Shop Assistant,Employed,54,10716,5,2025-09-17,False
REC008275,ENU0055,Kerala,50,Female,Secondary,Factory Worker,Employed,52,13006,5,2025-06-20,False
REC008276,ENU0120,Telangana,37,Female,Primary,Domestic Help,Employed,64,8300,5,2025-01-02,False
REC008277,ENU0144,Uttar Pradesh,27,Male,Secondary,Factory Worker,Employed,25,4820,9,2025-06-23,False
REC008278,ENU0111,Karnataka,29,Female,Secondary,Driver,Employed,51,5603197,4,2025-05-13,True
REC008279,ENU0221,Telangana,42,Female,Higher Secondary,Carpenter,Employed,65,12531,2,2025-12-10,False
REC008280,ENU0116,Telangana,40,Female,Higher Secondary,Clerk,Employed,40,13296,6,2025-08-23,False
REC008281,ENU0217,Punjab,13,Female,Primary,None,Not in Labour Force,0,0,2,2025-07-18,False
REC008282,ENU0005,Bihar,46,Female,Graduate,Sales Executive,Unemployed,0,0,6,2025-01-06,False
REC008283,ENU0118,Tamil Nadu,31,Male,Graduate,IT Professional,Employed,55,73366,1,2025-08-12,False
REC008284,ENU0057,Rajasthan,21,Male,Higher Secondary,Carpenter,Employed,26,7326,3,2025-06-26,False
REC008285,ENU0026,Assam,36,Female,Primary,Construction Worker,Employed,54,7393,5,2025-01-11,False
REC008286,ENU0100,Uttar Pradesh,44,Female,Illiterate,Street Vendor,Employed,40,4981,3,2025-02-04,False
REC008287,ENU0185,Odisha,63,Male,Higher Secondary,None,Not in Labour Force,0,0,2,2025-10-20,False
REC008288,ENU0092,Odisha,65,Female,Post Graduate,Government Officer,Employed,61,43312,2,2025-04-23,False
REC008289,ENU0029,Madhya Pradesh,-7,Male,Secondary,Factory Worker,Employed,33,8129,2,2025-08-18,True
REC008290,ENU0010,Tamil Nadu,21,Male,Graduate,None,Unemployed,0,0,5,2025-03-13,False
REC008291,ENU0243,Andhra Pradesh,9,Male,Primary,None,Not in Labour Force,0,0,6,2025-02-12,False
REC008292,ENU0061,Punjab,36,Female,Graduate,None,Unemployed,0,0,2,2025-05-08,False
REC008293,ENU0224,Tamil Nadu,42,Female,Graduate,Sales Executive,Employed,45,31711,1,2025-06-26,False
REC008294,ENU0181,Tamil Nadu,13,Female,Primary,None,Not in Labour Force,9,0,1,2025-03-12,False
REC008295,ENU0243,Tamil Nadu,10,Male,Primary,None,Not in Labour Force,0,0,7,2025-03-20,False
REC008296,ENU0174,Kerala,37,Female,Secondary,None,Not in Labour Force,7,0,2,2025-03-23,False
REC008297,ENU0153,Uttar Pradesh,59,Female,Secondary,Driver,Employed,67,27408,3,2025-04-15,False
REC008298,ENU0067,Madhya Pradesh,21,Female,Secondary,Carpenter,Employed,49,11448,4,2025-08-28,False
REC008299,ENU0168,Tamil Nadu,52,Female,Secondary,Shop Assistant,Employed,30,6257,3,2025-08-20,False
REC008300,ENU0232,Bihar,51,Male,Post Graduate,None,Unemployed,0,0,6,2025-03-10,False
REC008301,ENU0053,Karnataka,24,Female,Secondary,Carpenter,Employed,60,17002,9,2025-12-15,False
REC008302,ENU0211,Kerala,36,Female,Primary,None,Not in Labour Force,3,0,3,2025-06-28,False
REC008303,ENU0015,Uttar Pradesh,43,Male,Higher Secondary,Carpenter,Employed,36,12142,9,2025-08-02,False
REC008304,ENU0143,Madhya Pradesh,49,Female,Illiterate,Agricultural Labourer,Employed,50,6301,5,2025-12-15,False
REC008305,ENU0223,Madhya Pradesh,51,Male,Secondary,Shop Assistant,Employed,40,9773,2,2025-01-22,False
REC008306,ENU0225,Madhya Pradesh,47,Male,Higher Secondary,Clerk,Employed,38,15274,2,2025-07-11,False
REC008307,ENU0156,Madhya Pradesh,56,Male,Secondary,Street Vendor,Employed,54,8676,1,2025-05-03,False
REC008308,ENU0099,Bihar,21,Male,Secondary,None,Not in Labour Force,0,0,5,2025-06-23,False
REC008309,ENU0179,Tamil Nadu,16,Male,Post Graduate,None,Not in Labour Force,0,0,5,2025-11-30,False
REC008310,ENU0125,Uttar Pradesh,28,Female,Primary,Domestic Help,Employed,62,7786,7,2025-03-26,False
REC008311,ENU0114,Karnataka,37,Male,Secondary,None,Unemployed,0,0,3,2025-03-25,False
REC008312,ENU0195,Kerala,16,Female,Secondary,None,Unemployed,0,0,5,2025-05-23,False
REC008313,ENU0164,Madhya Pradesh,11,Male,Primary,None,Not in Labour Force,0,0,2,2025-12-11,False
REC008314,ENU0027,Karnataka,38,Female,Graduate,None,Not in Labour Force,0,0,1,2025-03-16,False
REC008315,ENU0037,Rajasthan,69,Female,Secondary,None,Not in Labour Force,0,0,3,2025-08-31,False
REC008316,ENU0187,Telangana,45,Female,Higher Secondary,Technician,Employed,43,13572,6,2025-10-08,False
REC008317,ENU0110,Odisha,26,Male,Post Graduate,IT Professional,Employed,25,24891,7,2025-09-09,False
REC008318,ENU0028,Odisha,33,Male,Post Graduate,None,Not in Labour Force,5,0,5,2025-03-12,False
REC008319,ENU0196,Kerala,9,Female,Primary,None,Not in Labour Force,0,0,4,2025-04-04,False
REC008320,ENU0046,Telangana,17,Male,Secondary,None,Not in Labour Force,0,0,3,2025-07-01,False
REC008321,ENU0081,Assam,38,Female,Secondary,Shop Assistant,Employed,43,7396,1,2025-11-21,False
REC008322,ENU0111,Odisha,11,Female,Primary,None,Not in Labour Force,0,0,3,2025-02-09,False
REC008323,ENU0196,Andhra Pradesh,32,Female,Primary,Construction Worker,Employed,49,10316,3,2025-12-21,False
REC008324,ENU0222,Assam,41,Male,Illiterate,Agricultural Labourer,Employed,44,9856,4,2025-06-22,False
REC008325,ENU0175,Maharashtra,25,Male,Higher Secondary,None,Unemployed,0,0,7,2025-07-27,False
REC008326,ENU0132,Tamil Nadu,35,Other,Secondary,Carpenter,Employed,50,15877,5,2025-04-30,False
REC008327,ENU0122,Uttar Pradesh,33,Female,Post Graduate,None,Not in Labour Force,0,0,5,2025-04-13,False
REC008328,ENU0245,Karnataka,63,Female,Higher Secondary,None,Not in Labour Force,0,0,6,2025-08-18,False
REC008329,ENU0190,Maharashtra,34,Male,Secondary,None,Unemployed,0,0,4,2025-09-18,False
REC008330,ENU0149,Telangana,17,Male,Secondary,None,Not in Labour Force,0,0,4,2025-06-04,False
REC008331,ENU0121,Andhra Pradesh,36,Female,Primary,Construction Worker,Employed,46,9316,2,2025-11-05,False
REC008332,ENU0237,Uttar Pradesh,37,Female,Primary,None,Not in Labour Force,4,0,2,2025-06-28,False
REC008333,ENU0146,Karnataka,41,Male,Graduate,Sales Executive,Employed,17,5982,6,2025-02-20,False
REC008334,ENU0187,Tamil Nadu,23,Male,Primary,Factory Worker,Employed,51,12160,4,2025-03-22,False
REC008335,ENU0210,Maharashtra,49,Female,Primary,Factory Worker,Employed,64,12076,2,2025-12-21,False
REC008336,ENU0186,Karnataka,90,Male,Illiterate,None,Not in Labour Force,0,0,2,2025-02-28,False
REC008337,ENU0040,Maharashtra,31,Female,Secondary,None,Not in Labour Force,0,0,3,2025-10-18,False
REC008338,ENU0209,Karnataka,25,Female,Higher Secondary,Driver,Employed,31,10133,7,2025-05-01,False
REC008339,ENU0231,Telangana,33,Male,Graduate,None,Unemployed,0,0,3,2025-08-17,False
REC008340,ENU0069,Uttar Pradesh,37,Male,Secondary,Shop Assistant,Employed,0,65178,3,2025-02-06,True
REC008341,ENU0140,Gujarat,62,Male,Graduate,None,Not in Labour Force,0,0,3,2025-08-27,False
REC008342,ENU0235,Assam,34,Male,Secondary,Carpenter,Employed,26,5179,7,2025-04-14,False
REC008343,ENU0037,Assam,39,Male,Higher Secondary,None,Not in Labour Force,0,0,4,2025-11-18,False
REC008344,ENU0250,Telangana,19,Male,Higher Secondary,Technician,Employed,43,17311,4,2025-12-17,False
REC008345,ENU0194,Maharashtra,52,Female,Graduate,Bank Employee,Employed,42,33209,7,2025-06-15,False
REC008346,ENU0188,Rajasthan,45,Female,Illiterate,Domestic Help,Employed,20,3182,3,2025-02-19,False
REC008347,ENU0096,Tamil Nadu,33,Female,Secondary,None,Unemployed,0,0,5,2025-01-25,False
REC008348,ENU0084,Rajasthan,38,Male,Secondary,None,Not in Labour Force,0,0,5,2025-07-26,False
REC008349,ENU0108,Karnataka,30,Female,Secondary,Factory Worker,Employed,48,13244,4,2025-11-30,False
REC008350,ENU0231,Tamil Nadu,5,Female,Illiterate,None,Not in Labour Force,9,0,1,2025-02-17,False
REC008351,ENU0207,Rajasthan,22,Female,Graduate,None,Not in Labour Force,0,0,5,2025-01-08,False
REC008352,ENU0227,Assam,23,Male,Post Graduate,None,Not in Labour Force,0,0,4,2025-08-23,False
REC008353,ENU0099,Kerala,69,Male,Graduate,None,Not in Labour Force,0,0,3,2025-06-08,False
REC008354,ENU0166,Bihar,46,Female,Illiterate,Street Vendor,Unemployed,0,0,2,2025-09-17,False
REC008355,ENU0206,Telangana,74,Female,Higher Secondary,None,Not in Labour Force,0,0,3,2025-05-15,False
REC008356,ENU0043,Gujarat,36,Male,Post Graduate,Bank Employee,Employed,41,37444,4,2025-02-11,False
REC008357,ENU0081,Uttar Pradesh,37,Female,Secondary,None,Not in Labour Force,0,0,6,2025-05-20,False
REC008358,ENU0240,Andhra Pradesh,34,Female,Primary,Street Vendor,Employed,51,9427,1,2025-08-03,False
REC008359,ENU0167,Telangana,5,Female,Illiterate,None,Not in Labour Force,0,0,4,2025-07-27,False
REC008360,ENU0115,Karnataka,38,Male,Graduate,Clerk,Employed,130,14715,4,2025-12-21,True
REC008361,ENU0060,Andhra Pradesh,30,Male,Graduate,Bank Employee,Employed,42,52398,3,2025-10-05,False
REC008362,ENU0017,Tamil Nadu,28,Male,Primary,Street Vendor,Employed,57,8140,5,2025-12-13,False
REC008363,ENU0118,Rajasthan,26,Female,Secondary,Carpenter,Employed,41,14731,3,2025-10-31,False
REC008364,ENU0162,Karnataka,49,Male,Secondary,Shop Assistant,Employed,39,9067,4,2025-07-03,False
REC008365,ENU0191,Uttar Pradesh,24,Female,Graduate,None,Unemployed,0,0,6,2025-02-07,False
REC008366,ENU0139,Punjab,26,Female,Illiterate,None,Unemployed,0,0,9,2025-03-28,False
REC008367,ENU0239,Gujarat,34,Male,Higher Secondary,Carpenter,Employed,35,12877,1,2025-01-23,False
REC008368,ENU0011,Odisha,30,Male,Primary,Domestic Help,Employed,47,4496,5,2025-07-19,False
REC008369,ENU0077,Kerala,20,Female,Graduate,None,Not in Labour Force,1,0,7,2025-03-29,False
REC008370,ENU0008,Andhra Pradesh,44,Male,Secondary,None,Not in Labour Force,0,0,2,2025-01-27,False
REC008371,ENU0072,Uttar Pradesh,16,Male,Secondary,None,Unemployed,0,0,2,2025-12-30,False
REC008372,ENU0174,Assam,33,Female,Post Graduate,None,Unemployed,0,0,5,2025-02-18,False
REC008373,ENU0149,Uttar Pradesh,9,Female,Primary,None,Not in Labour Force,0,0,1,2025-10-13,False
REC008374,ENU0198,Andhra Pradesh,6,Male,Primary,None,Not in Labour Force,0,0,1,2025-10-18,False
REC008375,ENU0171,Bihar,40,Female,Primary,Factory Worker,Employed,39,4845,8,2025-09-24,False
REC008376,ENU0169,Odisha,9,Female,Primary,None,Not in Labour Force,0,0,3,2025-08-10,False
REC008377,ENU0122,Uttar Pradesh,14,Female,Primary,None,Not in Labour Force,0,0,2,2025-04-14,False
REC008378,ENU0125,Telangana,76,Male,Higher Secondary,None,Not in Labour Force,0,0,4,2025-05-25,False
REC008379,ENU0131,Odisha,36,Female,Higher Secondary,Shop Assistant,Employed,22,5673,4,2025-05-03,False
REC008380,ENU0080,Rajasthan,50,Female,Secondary,None,Not in Labour Force,0,0,4,2025-07-02,False
REC008381,ENU0113,Bihar,41,Male,Illiterate,None,Unemployed,0,0,8,2025-05-19,False
REC008382,ENU0234,Gujarat,35,Female,Primary,Street Vendor,Employed,32,7736,6,2025-02-15,False
REC008383,ENU0121,Karnataka,40,Male,Illiterate,None,Not in Labour Force,0,0,5,2025-06-26,False
REC008384,ENU0202,Tamil Nadu,36,Female,Post Graduate,Engineer,Employed,53,61055,1,2025-09-05,False
REC008385,ENU0017,Rajasthan,34,Male,Higher Secondary,Carpenter,Employed,39,9713,4,2025-10-04,False
REC008386,ENU0047,Madhya Pradesh,33,Female,Secondary,Carpenter,Employed,55,12418,3,2025-04-15,False
REC008387,ENU0248,Andhra Pradesh,20,Male,Graduate,None,Unemployed,0,0,4,2025-02-25,False
REC008388,ENU0139,Karnataka,30,Female,Secondary,Shop Assistant,Employed,24,4133,5,2025-08-14,False
REC008389,ENU0149,Andhra Pradesh,12,Male,Primary,None,Not in Labour Force,0,0,3,2025-03-14,False
REC008390,ENU0049,Odisha,15,Male,Secondary,None,Not in Labour Force,4,0,5,2025-10-13,False
REC008391,ENU0211,Rajasthan,64,Female,Graduate,None,Not in Labour Force,0,0,3,2025-03-18,False
REC008392,ENU0044,Telangana,36,Female,Graduate,Clerk,Employed,44,9605,2,2025-11-12,False
REC008393,ENU0068,Bihar,16,Female,Higher Secondary,Technician,Employed,50,5082,5,2025-06-24,False
REC008394,ENU0204,Maharashtra,43,Female,Graduate,Clerk,Employed,47,16134,3,2025-04-27,False
REC008395,ENU0175,Assam,34,Male,Graduate,Clerk,Employed,54,15798,6,2025-04-09,False
REC008396,ENU0011,Telangana,58,Male,Graduate,None,Not in Labour Force,0,0,1,2025-03-21,False
REC008397,ENU0216,Andhra Pradesh,66,Male,Primary,None,Not in Labour Force,0,0,4,2025-02-20,False
REC008398,ENU0235,Madhya Pradesh,33,Female,Higher Secondary,Technician,Employed,39,17694,7,2025-05-14,False
REC008399,ENU0067,Bihar,36,Male,Higher Secondary,None,Not in Labour Force,0,0,5,2025-07-18,False
REC008400,ENU0123,Andhra Pradesh,39,Female,Secondary,Street Vendor,Employed,52,11501,3,2025-11-19,False
REC008401,ENU0001,Telangana,37,Male,Secondary,None,Not in Labour Force,0,0,3,2025-03-13,False
REC008402,ENU0243,Bihar,51,Male,Graduate,Sales Executive,Unemployed,0,0,6,2025-03-28,False
REC008403,ENU0128,Kerala,42,Female,Secondary,Factory Worker,Employed,49,15055,4,2025-05-05,False
REC008404,ENU0173,Andhra Pradesh,12,Male,Primary,None,Not in Labour Force,0,0,4,2025-06-05,False
REC008405,ENU0172,Bihar,36,Male,Secondary,Shop Assistant,Unemployed,0,0,2,2025-06-29,False
REC008406,ENU0147,Andhra Pradesh,71,Male,Graduate,None,Not in Labour Force,0,0,9,2025-06-28,False
REC008407,ENU0082,Assam,47,Male,Primary,Agricultural Labourer,Employed,43,7933,3,2025-06-08,False
REC008408,ENU0062,Uttar Pradesh,48,Male,Higher Secondary,Shop Assistant,Employed,45,10152,3,2025-07-24,False
REC008409,ENU0247,Uttar Pradesh,29,Male,Higher Secondary,None,Not in Labour Force,0,0,6,2025-11-25,False
REC008410,ENU0040,Assam,29,Male,Illiterate,None,Unemployed,0,0,8,2025-09-24,False
REC008411,ENU0206,Rajasthan,47,Female,Primary,Agricultural Labourer,Employed,48,7046,2,2025-01-07,False
REC008412,ENU0027,Gujarat,31,Female,Higher Secondary,Shop Assistant,Employed,59,10613,3,2025-04-18,False
REC008413,ENU0164,Gujarat,78,Female,Higher Secondary,None,Not in Labour Force,0,0,8,2025-07-26,False
REC008414,ENU0090,Assam,17,Male,Secondary,None,Not in Labour Force,6,0,3,2025-08-24,False
REC008415,ENU0127,Andhra Pradesh,78,Male,Higher Secondary,None,Not in Labour Force,0,0,3,2025-03-04,False
REC008416,ENU0066,Andhra Pradesh,65,Male,Primary,Agricultural Labourer,Employed,42,6441,1,2025-07-02,False
REC008417,ENU0229,Rajasthan,83,Male,Secondary,None,Not in Labour Force,0,0,4,2025-10-18,False
REC008418,ENU0157,West Bengal,41,Female,Primary,Construction Worker,Employed,46,6436,2,2025-08-30,False
REC008419,ENU0110,Telangana,5,Female,Illiterate,None,Not in Labour Force,0,0,6,2025-10-09,False
REC008420,ENU0175,West Bengal,53,Male,Illiterate,Agricultural Labourer,Employed,48,8191,6,2025-08-30,False
REC008421,ENU0184,Assam,41,Male,Secondary,Carpenter,Employed,38,10498,1,2025-01-22,False
REC008422,ENU0194,Telangana,6,Female,Primary,None,Not in Labour Force,8,0,7,2025-03-31,False
REC008423,ENU0140,Andhra Pradesh,23,Female,Higher Secondary,None,Unemployed,0,0,3,2025-06-10,False
REC008424,ENU0070,Andhra Pradesh,43,Male,Secondary,Factory Worker,Employed,50,15263,3,2025-01-19,False
REC008425,ENU0030,Maharashtra,45,Male,Higher Secondary,Driver,Employed,51,16688,5,2025-08-27,False
REC008426,ENU0172,Kerala,11,Male,Primary,None,Not in Labour Force,0,0,4,2025-04-19,False
REC008427,ENU0008,Bihar,56,Female,Secondary,Factory Worker,Employed,39,4550,3,2025-03-07,False
REC008428,ENU0217,Odisha,39,Female,Graduate,Clerk,Employed,60,22885,6,2025-02-08,False
REC008429,ENU0144,Gujarat,37,Female,Higher Secondary,Driver,Employed,57,13586,6,2025-12-30,False
REC008430,ENU0115,Rajasthan,64,Male,Graduate,None,Not in Labour Force,0,0,4,2025-08-17,False
REC008431,ENU0038,Karnataka,11,Other,Primary,None,Not in Labour Force,9,0,2,2025-06-13,False
REC008432,ENU0239,Odisha,25,Male,Graduate,Sales Executive,Employed,45,26103,8,2025-03-21,False
REC008433,ENU0082,Gujarat,40,Female,Graduate,Bank Employee,Employed,72,43541,6,2025-03-11,False
REC008434,ENU0121,Madhya Pradesh,32,Male,Post Graduate,IT Professional,Employed,51,85265,3,2025-11-04,False
REC008435,ENU0164,Assam,58,Male,Primary,None,Not in Labour Force,0,0,7,2025-12-19,False
REC008436,ENU0216,Andhra Pradesh,13,Male,Primary,None,Not in Labour Force,5,0,3,2025-05-11,False
REC008437,ENU0155,Assam,46,Female,Higher Secondary,Shop Assistant,Employed,42,8753,5,2025-04-16,False
REC008438,ENU0032,Andhra Pradesh,79,Male,Primary,None,Not in Labour Force,0,0,2,2025-07-22,False
REC008439,ENU0116,Karnataka,39,Female,Primary,Factory Worker,Employed,67,14804,7,2025-02-27,False
REC008440,ENU0109,Punjab,69,Male,Secondary,None,Not in Labour Force,0,0,3,2025-05-06,False
REC008441,ENU0013,Uttar Pradesh,52,Female,Graduate,Bank Employee,Employed,48,23113,1,2025-04-12,False
REC008442,ENU0003,Telangana,42,Male,Higher Secondary,Carpenter,Employed,36,6656,5,2025-03-04,False
REC008443,ENU0191,Gujarat,49,Female,Primary,Agricultural Labourer,Employed,25,4829,3,2025-08-10,False
REC008444,ENU0205,Bihar,25,Male,Secondary,Street Vendor,Employed,33,2020,3,2025-03-02,False
REC008445,ENU0051,Tamil Nadu,16,Male,Graduate,None,Unemployed,0,0,4,2025-04-12,False
REC008446,ENU0026,Madhya Pradesh,33,Male,Graduate,Bank Employee,Employed,40,48229,6,2025-04-17,False
REC008447,ENU0095,Rajasthan,28,Female,Graduate,None,Not in Labour Force,0,0,6,2025-11-09,False
REC008448,ENU0154,Odisha,16,Male,Secondary,None,Not in Labour Force,0,0,7,2025-02-14,False
REC008449,ENU0093,Gujarat,55,Male,Secondary,Carpenter,Employed,20,8041,4,2025-01-04,False
REC008450,ENU0216,Maharashtra,20,Male,Graduate,None,Not in Labour Force,6,0,4,2025-01-05,False
REC008451,ENU0145,Rajasthan,51,Female,Primary,Construction Worker,Employed,42,6866,8,2025-01-22,False
REC008452,ENU0065,Andhra Pradesh,29,Female,Post Graduate,Doctor,Employed,39,92486,6,2025-12-20,False
REC008453,ENU0107,Bihar,54,Other,Primary,None,Unemployed,0,0,4,2025-02-13,False
REC008454,ENU0006,Karnataka,20,Female,Graduate,Bank Employee,Employed,55,40868,5,2025-11-13,False
REC008455,ENU0084,Andhra Pradesh,42,Male,Secondary,Street Vendor,Employed,25,5110,1,2025-02-15,False
REC008456,ENU0080,Punjab,26,Male,Illiterate,None,Unemployed,0,0,4,2025-02-20,False
REC008457,ENU0007,Maharashtra,42,Female,Secondary,Carpenter,Employed,53,14283,0,2025-11-28,True
REC008458,ENU0236,Assam,13,Male,Primary,None,Not in Labour Force,0,0,10,2025-09-04,False
REC008459,ENU0037,Karnataka,39,Male,Secondary,None,Not in Labour Force,0,0,3,2025-11-12,False
REC008460,ENU0225,Telangana,40,Male,Graduate,Clerk,Employed,41,11768,6,2025-06-01,False
REC008461,ENU0153,Maharashtra,59,Female,Graduate,IT Professional,Employed,41,54010,2,2025-08-11,False
REC008462,ENU0017,Telangana,11,Male,Primary,None,Not in Labour Force,8,0,10,2025-05-29,False
REC008463,ENU0233,Gujarat,45,Male,Higher Secondary,Clerk,Employed,53,14226,3,2025-11-07,False
REC008464,ENU0225,Rajasthan,43,Male,Primary,Domestic Help,Employed,54,6922,8,2025-07-15,False
REC008465,ENU0172,Maharashtra,34,Male,Secondary,Shop Assistant,Employed,40,9789,3,2025-11-08,False
REC008466,ENU0218,West Bengal,39,Female,Secondary,None,Not in Labour Force,9,0,6,2025-02-02,False
REC008467,ENU0112,Tamil Nadu,54,Female,Illiterate,Agricultural Labourer,Employed,43,6691,3,2025-08-10,False
REC008468,ENU0195,Punjab,53,Female,Illiterate,Construction Worker,Employed,45,7640,5,2025-01-29,False
REC008469,ENU0053,Andhra Pradesh,22,Male,Higher Secondary,Driver,Employed,37,8811,2,2025-05-01,False
REC008470,ENU0038,Assam,42,Male,Graduate,Bank Employee,Employed,51,40841,6,2025-01-09,False
REC008471,ENU0135,Tamil Nadu,17,Male,Secondary,None,Not in Labour Force,0,0,5,2025-02-05,False
REC008472,ENU0216,West Bengal,21,Female,Illiterate,None,Unemployed,0,0,5,2025-04-18,False
REC008473,ENU0244,Bihar,39,Male,Graduate,Teacher,Employed,40,9653,4,2025-02-01,False
REC008474,ENU0089,Karnataka,35,Female,Post Graduate,Doctor,Employed,30,65101,3,2025-04-04,False
REC008475,ENU0065,Madhya Pradesh,57,Female,Primary,Construction Worker,Employed,60,10090,5,2025-03-16,False
REC008476,ENU0207,Uttar Pradesh,38,Male,Graduate,Clerk,Employed,79,25378,8,2025-06-08,False
REC008477,ENU0099,Tamil Nadu,27,Male,Primary,Street Vendor,Employed,53,6655,1,2025-08-21,False
REC008478,ENU0175,Maharashtra,42,Female,Post Graduate,None,Not in Labour Force,0,0,5,2025-04-01,False
REC008479,ENU0137,Assam,51,Female,Illiterate,Street Vendor,Employed,30,5948,6,2025-05-09,False
REC008480,ENU0184,Punjab,52,Female,Primary,Factory Worker,Employed,63,14329,5,2025-07-03,False
REC008481,ENU0046,Madhya Pradesh,34,Female,Primary,Domestic Help,Employed,54,6521,5,2025-03-05,False
REC008482,ENU0227,Kerala,15,Male,Graduate,None,Not in Labour Force,0,0,1,2025-11-25,False
REC008483,ENU0235,Assam,28,Male,Graduate,None,Unemployed,0,0,2,2025-05-03,False
REC008484,ENU0053,Uttar Pradesh,39,Female,Post Graduate,None,Not in Labour Force,6,0,5,2025-01-19,False
REC008485,ENU0243,Karnataka,37,Male,Secondary,Carpenter,Employed,55,17068,4,2025-05-08,False
REC008486,ENU0248,Tamil Nadu,11,Male,Primary,None,Not in Labour Force,0,0,1,2025-09-24,False
REC008487,ENU0198,Kerala,33,Female,Higher Secondary,Technician,Employed,45,14692,4,2025-01-11,False
REC008488,ENU0050,Punjab,49,Male,Secondary,Driver,Employed,37,11384,7,2025-10-19,False
REC008489,ENU0139,Odisha,38,Male,Secondary,Factory Worker,Employed,42,11854,9,2025-05-25,False
REC008490,ENU0032,Telangana,39,Female,Higher Secondary,Shop Assistant,Employed,60,9402,2,2025-11-06,False
REC008491,ENU0025,Punjab,46,Male,Higher Secondary,Clerk,Employed,38,14768,8,2025-02-09,False
REC008492,ENU0033,Assam,41,Female,Secondary,Factory Worker,Employed,57,13027,4,2025-06-14,False
REC008493,ENU0041,Rajasthan,45,Female,Graduate,IT Professional,Employed,42,55271,2,2025-02-09,False
REC008494,ENU0025,West Bengal,64,Male,Secondary,None,Not in Labour Force,0,0,4,2025-12-22,False
REC008495,ENU0230,Rajasthan,22,Male,Graduate,None,Not in Labour Force,0,0,3,2025-02-09,False
REC008496,ENU0225,Punjab,32,Male,Post Graduate,Bank Employee,Employed,31,13840,4,2025-10-13,False
REC008497,ENU0166,Tamil Nadu,21,Male,Primary,None,Unemployed,0,0,6,2025-01-12,False
REC008498,ENU0040,West Bengal,81,Male,Primary,None,Not in Labour Force,9,0,3,2025-03-12,False
REC008499,ENU0113,Tamil Nadu,31,Male,Primary,Construction Worker,Employed,32,7636,3,2025-01-05,False
REC008500,ENU0091,Gujarat,34,Male,Post Graduate,Bank Employee,Employed,51,51198,3,2025-01-23,False
REC008501,ENU0049,Andhra Pradesh,31,Male,Secondary,Factory Worker,Employed,44,8915,4,2025-05-18,False
REC008502,ENU0068,Gujarat,57,Female,Primary,Agricultural Labourer,Employed,33,3313,2,2025-03-25,False
REC008503,ENU0069,Madhya Pradesh,22,Female,Graduate,Clerk,Employed,32,14127,1,2025-02-14,False
REC008504,ENU0156,Maharashtra,25,Male,Higher Secondary,Carpenter,Employed,60,17705,3,2025-12-31,False
REC008505,ENU0185,Bihar,43,Female,Higher Secondary,Driver,Employed,34,2700,5,2025-02-15,False
REC008506,ENU0002,West Bengal,10,Female,Primary,None,Not in Labour Force,0,0,2,2025-05-24,False
REC008507,ENU0241,Rajasthan,8,Male,Primary,None,Not in Labour Force,0,0,3,2025-11-22,False
REC008508,ENU0180,Karnataka,12,Female,Primary,None,Not in Labour Force,0,0,1,2025-11-05,False
REC008509,ENU0074,Telangana,38,Female,Higher Secondary,Carpenter,Employed,57,18004,9,2025-04-11,False
REC008510,ENU0142,Karnataka,38,Female,Higher Secondary,Clerk,Employed,56,14170,4,2025-02-10,False
REC008511,ENU0115,Rajasthan,80,Female,Graduate,None,Not in Labour Force,0,0,11,2025-08-03,False
REC008512,ENU0095,Andhra Pradesh,57,Male,Primary,Construction Worker,Employed,41,9360,4,2025-06-07,False
REC008513,ENU0134,Bihar,33,Female,Higher Secondary,Driver,Employed,53,4586,3,2025-09-22,False
REC008514,ENU0050,Kerala,30,Female,Secondary,Carpenter,Employed,23,5389,5,2025-09-03,False
REC008515,ENU0067,Bihar,54,Female,Secondary,Factory Worker,Employed,48,3449,6,2025-06-09,False
REC008516,ENU0171,Rajasthan,58,Male,Illiterate,Construction Worker,Employed,32,6048,6,2025-01-26,False
REC008517,ENU0067,Tamil Nadu,56,Male,Primary,None,Not in Labour Force,0,0,7,2025-05-23,False
REC008518,ENU0007,Rajasthan,11,Male,Primary,None,Not in Labour Force,0,0,5,2025-01-18,False
REC008519,ENU0250,Andhra Pradesh,23,Female,Graduate,None,Unemployed,0,0,4,2025-06-26,False
REC008520,ENU0125,Andhra Pradesh,69,Female,Primary,None,Not in Labour Force,0,0,6,2025-08-19,False
REC008521,ENU0113,Uttar Pradesh,65,Female,Primary,None,Not in Labour Force,0,0,9,2025-02-05,False
REC008522,ENU0051,West Bengal,73,Male,Post Graduate,None,Not in Labour Force,0,0,4,2025-08-23,False
REC008523,ENU0184,Maharashtra,45,Female,Higher Secondary,Clerk,Employed,45,14392,2,2025-08-23,False
REC008524,ENU0047,Bihar,29,Female,Secondary,None,Unemployed,0,0,5,2025-11-09,False
REC008525,ENU0013,Maharashtra,28,Male,Illiterate,None,Unemployed,0,0,5,2025-02-13,False
REC008526,ENU0123,Kerala,33,Male,Higher Secondary,None,Unemployed,0,0,2,2025-03-08,False
REC008527,ENU0108,Maharashtra,62,Female,Post Graduate,None,Not in Labour Force,0,0,9,2025-09-24,False
REC008528,ENU0169,Assam,16,Female,Post Graduate,IT Professional,Employed,32,39913,5,2025-11-22,False
REC008529,ENU0058,Tamil Nadu,20,Female,Graduate,Teacher,Employed,45,23834,3,2025-05-10,False
REC008530,ENU0205,Madhya Pradesh,41,Female,Primary,Construction Worker,Employed,45,7221,5,2025-04-09,False
REC008531,ENU0186,Rajasthan,43,Male,Secondary,None,Not in Labour Force,0,0,2,2025-07-02,False
REC008532,ENU0137,Andhra Pradesh,28,Male,Secondary,None,Unemployed,0,0,8,2025-10-16,False
REC008533,ENU0081,Kerala,46,Female,Higher Secondary,None,Not in Labour Force,0,0,8,2025-09-25,False
REC008534,ENU0239,Bihar,50,Male,Secondary,Street Vendor,Employed,44,3152,6,2025-05-05,False
REC008535,ENU0103,West Bengal,30,Female,Graduate,Clerk,Employed,32,12571,3,2025-05-03,False
REC008536,ENU0028,Assam,11,Male,Primary,None,Not in Labour Force,130,0,4,2025-11-19,True
REC008537,ENU0089,Kerala,48,Female,Higher Secondary,Shop Assistant,Employed,35,5338,5,2025-12-10,False
REC008538,ENU0196,Uttar Pradesh,9,Male,Primary,None,Not in Labour Force,0,0,3,2025-06-11,False
REC008539,ENU0217,Karnataka,15,Male,Secondary,None,Not in Labour Force,4,0,4,2025-02-09,False
REC008540,ENU0155,Bihar,26,Male,Primary,Street Vendor,Unemployed,0,0,4,2025-05-12,False
REC008541,ENU0023,Tamil Nadu,41,Female,Post Graduate,IT Professional,Employed,28,38219,2,2025-08-21,False
REC008542,ENU0187,Madhya Pradesh,66,Female,Primary,None,Not in Labour Force,0,0,7,2025-06-21,False
REC008543,ENU0150,Odisha,39,Male,Higher Secondary,Technician,Employed,33,9193,4,2025-10-16,False
REC008544,ENU0135,Rajasthan,29,Female,Secondary,None,Unemployed,0,0,3,2025-12-07,False
REC008545,ENU0125,Uttar Pradesh,9,Female,Primary,None,Not in Labour Force,0,0,3,2025-08-26,False
REC008546,ENU0060,Tamil Nadu,23,Male,Secondary,None,Not in Labour Force,0,0,1,2025-05-05,False
REC008547,ENU0163,Telangana,35,Male,Illiterate,None,Unemployed,0,0,2,2025-08-27,False
REC008548,ENU0111,Uttar Pradesh,43,Female,Secondary,Carpenter,Employed,35,10634,4,2025-09-09,False
REC008549,ENU0174,Karnataka,61,Female,Higher Secondary,None,Not in Labour Force,0,0,1,2025-04-19,False
REC008550,ENU0010,Uttar Pradesh,30,Female,Higher Secondary,None,Not in Labour Force,0,0,4,2025-05-27,False
REC008551,ENU0137,Madhya Pradesh,15,Female,Secondary,None,Not in Labour Force,0,0,5,2025-11-23,False
REC008552,ENU0114,West Bengal,25,Female,Secondary,Driver,Employed,47,12962,2,2025-10-30,False
REC008553,ENU0191,Gujarat,15,Female,Graduate,None,Not in Labour Force,0,0,4,2025-04-24,False
REC008554,ENU0083,Kerala,17,Male,Illiterate,Domestic Help,Employed,67,10484,5,2025-06-25,False
REC008555,ENU0084,Uttar Pradesh,43,Female,Graduate,Sales Executive,Employed,54,33221,2,2025-02-02,False
REC008556,ENU0035,Telangana,27,Female,Secondary,Shop Assistant,Employed,37,8467,7,2025-01-11,False
REC008557,ENU0162,Kerala,35,Male,Higher Secondary,Clerk,Employed,44,14273,7,2025-06-11,False
REC008558,ENU0055,West Bengal,35,Male,Graduate,None,Unemployed,0,0,4,2025-06-23,False
REC008559,ENU0052,Gujarat,34,Male,Secondary,None,Unemployed,0,0,3,2025-12-29,False
REC008560,ENU0180,West Bengal,16,Female,Higher Secondary,None,Unemployed,0,0,8,2025-02-23,False
REC008561,ENU0221,Tamil Nadu,16,Female,Primary,None,Unemployed,0,0,2,2025-07-26,False
REC008562,ENU0169,Madhya Pradesh,41,Female,Graduate,Teacher,Employed,18,13888,7,2025-10-09,False
REC008563,ENU0191,Punjab,10,Male,Primary,None,Not in Labour Force,0,0,8,2025-09-28,False
REC008564,ENU0005,Punjab,11,Other,Primary,None,Not in Labour Force,0,0,6,2025-01-03,False
REC008565,ENU0034,Gujarat,16,Male,Secondary,Driver,Employed,51,15149,2,2025-08-28,False
REC008566,ENU0161,Rajasthan,66,Male,Illiterate,None,Not in Labour Force,0,0,2,2025-07-11,False
REC008567,ENU0066,Bihar,25,Male,Secondary,Carpenter,Employed,42,3731,3,2025-08-23,False
REC008568,ENU0055,Maharashtra,67,Male,Graduate,None,Not in Labour Force,0,0,4,2025-10-18,False
REC008569,ENU0215,Rajasthan,42,Female,Secondary,Driver,Employed,27,7395,7,2025-01-29,False
REC008570,ENU0102,West Bengal,35,Female,Secondary,None,Not in Labour Force,0,0,3,2025-07-13,False
REC008571,ENU0100,Madhya Pradesh,16,Female,Primary,Street Vendor,Employed,51,8428,5,2025-07-28,False
REC008572,ENU0188,Uttar Pradesh,23,Male,Secondary,None,Unemployed,0,0,5,2025-01-05,False
REC008573,ENU0109,Tamil Nadu,38,Female,Graduate,Teacher,Employed,61,34528,6,2025-06-26,False
REC008574,ENU0079,Odisha,51,Male,Primary,Domestic Help,Employed,35,4975,5,2025-04-05,False
REC008575,ENU0225,Gujarat,5,Male,Illiterate,None,Not in Labour Force,3,0,4,2025-04-21,False
REC008576,ENU0239,Uttar Pradesh,27,Female,Secondary,Street Vendor,Employed,59,11442,7,2025-01-19,False
REC008577,ENU0243,Assam,37,Female,Higher Secondary,Carpenter,Employed,46,13958,4,2025-09-29,False
REC008578,ENU0128,Madhya Pradesh,24,Male,Illiterate,Street Vendor,Employed,68,13416,3,2025-05-11,False
REC008579,ENU0222,Maharashtra,40,Male,Post Graduate,None,Not in Labour Force,0,0,5,2025-06-01,False
REC008580,ENU0245,Bihar,32,Female,Higher Secondary,Driver,Employed,43,4813,2,2025-01-21,False
REC008581,ENU0199,Gujarat,24,Male,Illiterate,None,Not in Labour Force,0,0,3,2025-06-09,False
REC008582,ENU0100,Andhra Pradesh,24,Male,Higher Secondary,Carpenter,Employed,44,15057,4,2025-05-11,False
REC008583,ENU0200,Uttar Pradesh,31,Male,Higher Secondary,None,Not in Labour Force,1,0,4,2025-12-28,False
REC008584,ENU0085,Punjab,26,Male,Post Graduate,Bank Employee,Employed,53,35245,2,2025-01-09,False
REC008585,ENU0107,Maharashtra,31,Female,Higher Secondary,None,Not in Labour Force,0,0,4,2025-10-03,False
REC008586,ENU0240,West Bengal,34,Female,Primary,Domestic Help,Employed,53,7925,2,2025-09-19,False
REC008587,ENU0013,Bihar,37,Female,Graduate,None,Unemployed,0,0,6,2025-06-10,False
REC008588,ENU0233,Telangana,46,Female,Secondary,Driver,Employed,33,11669,4,2025-12-31,False
REC008589,ENU0166,Uttar Pradesh,36,Female,Higher Secondary,Shop Assistant,Employed,47,12864,2,2025-01-09,False
REC008590,ENU0156,Tamil Nadu,25,Female,Secondary,Street Vendor,Employed,44,8218,4,2025-09-10,False
REC008591,ENU0247,Assam,55,Male,Secondary,Factory Worker,Employed,58,11378,3,2025-09-16,False
REC008592,ENU0123,Gujarat,43,Female,Secondary,Street Vendor,Employed,48,8228,5,2025-01-04,False
REC008593,ENU0169,Madhya Pradesh,82,Female,Post Graduate,None,Not in Labour Force,2,0,2,2025-04-14,False
REC008594,ENU0094,West Bengal,69,Female,Graduate,None,Not in Labour Force,0,0,1,2025-10-28,False
REC008595,ENU0203,Madhya Pradesh,60,Male,Higher Secondary,Technician,Employed,48,17263,3,2025-11-30,False
REC008596,ENU0039,Maharashtra,40,Male,Graduate,None,Not in Labour Force,0,0,4,2025-12-28,False
REC008597,ENU0194,Karnataka,45,Male,Post Graduate,Doctor,Employed,41,76597,6,2025-05-28,False
REC008598,ENU0179,Telangana,17,Female,Graduate,Sales Executive,Employed,46,24918,5,2025-04-29,False
REC008599,ENU0115,Maharashtra,28,Male,Illiterate,Domestic Help,Employed,42,5664,2,2025-01-24,False
REC008600,ENU0231,Madhya Pradesh,65,Male,Secondary,None,Not in Labour Force,0,0,2,2025-01-21,False
REC008601,ENU0173,Odisha,41,Female,Primary,Construction Worker,Employed,26,6232,2,2025-01-31,False
REC008602,ENU0198,Uttar Pradesh,69,Male,Graduate,None,Not in Labour Force,0,0,7,2025-11-30,False
REC008603,ENU0206,West Bengal,11,Female,Primary,None,Not in Labour Force,0,0,4,2025-12-13,False
REC008604,ENU0030,Maharashtra,71,Female,Higher Secondary,None,Not in Labour Force,0,0,3,2025-12-31,False
REC008605,ENU0248,Odisha,39,Female,Graduate,Sales Executive,Employed,56,38724,5,2025-10-21,False
REC008606,ENU0045,Bihar,63,Male,Primary,None,Not in Labour Force,5,0,4,2025-09-29,False
REC008607,ENU0200,Odisha,23,Male,Higher Secondary,Driver,Employed,23,6296,6,2025-10-10,False
REC008608,ENU0146,Maharashtra,27,Female,Primary,None,Unemployed,0,0,5,2025-05-09,False
REC008609,ENU0038,Andhra Pradesh,41,Male,Higher Secondary,Driver,Employed,42,13692,5,2025-02-02,False
REC008610,ENU0054,Bihar,18,Female,Graduate,None,Unemployed,0,0,1,2025-10-20,False
REC008611,ENU0033,Andhra Pradesh,40,Male,Primary,Construction Worker,Employed,38,7150,1,2025-02-28,False
REC008612,ENU0055,West Bengal,20,Other,Graduate,Sales Executive,Employed,42,22046,3,2025-07-10,False
REC008613,ENU0018,Kerala,41,Female,Secondary,Shop Assistant,Employed,30,5859,5,2025-06-30,False
REC008614,ENU0121,Karnataka,16,Male,Higher Secondary,Shop Assistant,Employed,50,12578,1,2025-07-01,False
REC008615,ENU0163,Tamil Nadu,35,Female,Post Graduate,None,Not in Labour Force,5,0,5,2025-07-04,False
REC008616,ENU0053,Kerala,41,Female,Secondary,Driver,Employed,42,13595,4,2025-08-06,False
REC008617,ENU0009,Rajasthan,24,Female,Higher Secondary,Shop Assistant,Employed,54,12021,3,2025-06-01,False
REC008618,ENU0025,Karnataka,27,Female,Primary,None,Not in Labour Force,0,0,5,2025-01-22,False
REC008619,ENU0034,Telangana,40,Male,Higher Secondary,Driver,Employed,39,6688,1,2025-10-10,False
REC008620,ENU0150,Telangana,39,Male,Secondary,Street Vendor,Employed,47,8479,5,2025-06-01,False
REC008621,ENU0080,Maharashtra,40,Male,Secondary,Carpenter,Employed,60,19203,7,2025-02-10,False
REC008622,ENU0231,Odisha,12,Male,Primary,None,Not in Labour Force,9,0,2,2025-12-20,False
REC008623,ENU0106,Gujarat,24,Male,Graduate,Sales Executive,Employed,55,24010,2,2025-05-22,False
REC008624,ENU0196,Kerala,28,Male,Post Graduate,Government Officer,Employed,43,26362,3,2025-04-02,False
REC008625,ENU0039,Punjab,34,Male,Secondary,Factory Worker,Employed,59,11847,3,2025-06-17,False
REC008626,ENU0111,Punjab,53,Male,Higher Secondary,Driver,Employed,44,15892,5,2025-02-20,False
REC008627,ENU0133,Karnataka,38,Female,Primary,None,Not in Labour Force,0,0,8,2025-03-31,False
REC008628,ENU0169,Uttar Pradesh,35,Female,Primary,Domestic Help,Employed,60,8425,2,2025-07-16,False
REC008629,ENU0180,Rajasthan,24,Male,Post Graduate,None,Unemployed,0,0,3,2025-07-27,False
REC008630,ENU0015,Telangana,8,Male,Primary,None,Not in Labour Force,4,0,2,2025-08-20,False
REC008631,ENU0219,West Bengal,80,Female,Graduate,None,Not in Labour Force,7,0,4,2025-01-31,False
REC008632,ENU0148,Madhya Pradesh,44,Female,Higher Secondary,Clerk,Employed,13,4505,6,2025-09-22,False
REC008633,ENU0039,Assam,50,Male,Graduate,IT Professional,Employed,35,56114,3,2025-01-18,False
REC008634,ENU0186,Telangana,36,Female,Primary,Agricultural Labourer,Employed,37,4441,4,2025-05-08,False
REC008635,ENU0121,West Bengal,71,Male,Graduate,None,Not in Labour Force,0,0,4,2025-04-16,False
REC008636,ENU0054,Andhra Pradesh,23,Male,Secondary,None,Unemployed,0,0,6,2025-10-15,False
REC008637,ENU0229,Uttar Pradesh,73,Male,Primary,None,Not in Labour Force,0,0,7,2025-01-03,False
REC008638,ENU0228,Telangana,14,Male,Primary,None,Not in Labour Force,0,0,6,2025-06-19,False
REC008639,ENU0192,Rajasthan,57,Female,Primary,Street Vendor,Employed,30,3945,3,2025-09-28,False
REC008640,ENU0196,West Bengal,18,Male,Secondary,None,Not in Labour Force,0,0,3,2025-02-17,False
REC008641,ENU0191,Maharashtra,22,Female,Primary,None,Unemployed,0,0,3,2025-09-07,False
REC008642,ENU0171,Punjab,50,Female,Secondary,Carpenter,Employed,60,18858,4,2025-03-20,False
REC008643,ENU0217,Andhra Pradesh,33,Male,Higher Secondary,Carpenter,Employed,38,10640,3,2025-12-30,False
REC008644,ENU0051,Andhra Pradesh,34,Male,Secondary,Street Vendor,Employed,44,10592,6,2025-02-08,False
REC008645,ENU0039,Uttar Pradesh,12,Female,Primary,None,Not in Labour Force,0,0,5,2025-01-15,False
REC008646,ENU0022,Assam,26,Female,Primary,None,Unemployed,0,0,4,2025-01-23,False
REC008647,ENU0139,Assam,38,Male,Secondary,Driver,Employed,42,11901,2,2025-02-11,False
REC008648,ENU0173,Punjab,45,Female,Secondary,None,Not in Labour Force,0,0,7,2025-07-22,False
REC008649,ENU0087,Rajasthan,33,Male,Graduate,None,Not in Labour Force,0,0,4,2025-12-25,False
REC008650,ENU0028,Odisha,11,Female,Primary,None,Not in Labour Force,0,0,8,2025-01-10,False
REC008651,ENU0100,Bihar,50,Female,Higher Secondary,Clerk,Employed,45,8033,9,2025-05-19,False
REC008652,ENU0202,Karnataka,60,Female,Secondary,None,Not in Labour Force,6,0,3,2025-06-24,False
REC008653,ENU0053,Kerala,49,Male,Primary,Agricultural Labourer,Employed,42,8312,1,2025-09-11,False
REC008654,ENU0238,Karnataka,10,Male,Primary,None,Not in Labour Force,0,0,2,2025-06-01,False
REC008655,ENU0130,Karnataka,54,Male,Secondary,Factory Worker,Employed,38,8313,3,2025-11-05,False
REC008656,ENU0086,Gujarat,20,Female,Post Graduate,None,Not in Labour Force,0,0,7,2025-02-23,False
REC008657,ENU0066,Madhya Pradesh,23,Male,Secondary,None,Unemployed,0,0,5,2025-11-05,False
REC008658,ENU0005,West Bengal,37,Male,Post Graduate,Doctor,Employed,45,104520,5,2025-07-28,False
REC008659,ENU0086,Maharashtra,50,Female,Graduate,Bank Employee,Employed,44,55901,5,2025-06-09,False
REC008660,ENU0170,Telangana,6,Male,Primary,None,Not in Labour Force,0,0,5,2025-11-18,False
REC008661,ENU0021,Andhra Pradesh,13,Male,Primary,None,Not in Labour Force,0,0,3,2025-12-23,False
REC008662,ENU0100,Bihar,64,Female,Graduate,None,Not in Labour Force,0,0,6,2025-05-06,False
REC008663,ENU0144,Kerala,73,Female,Higher Secondary,None,Not in Labour Force,0,0,6,2025-06-18,False
REC008664,ENU0220,Assam,31,Female,Primary,Street Vendor,Employed,37,5545,6,2025-02-12,False
REC008665,ENU0144,Odisha,14,Male,Primary,None,Not in Labour Force,0,0,5,2025-11-09,False
REC008666,ENU0125,Kerala,38,Male,Secondary,Factory Worker,Employed,23,4640,9,2025-11-05,False
REC008667,ENU0196,Andhra Pradesh,69,Male,Illiterate,None,Not in Labour Force,0,0,1,2025-08-01,False
REC008668,ENU0038,Madhya Pradesh,39,Male,Higher Secondary,Carpenter,Employed,58,22116,2,2025-09-02,False
REC008669,ENU0102,West Bengal,30,Male,Secondary,Shop Assistant,Employed,44,6993,5,2025-01-28,False
REC008670,ENU0072,Maharashtra,67,Male,Primary,None,Not in Labour Force,0,0,6,2025-08-10,False
REC008671,ENU0105,Telangana,36,Male,Graduate,Teacher,Employed,65,24122,2,2025-02-22,False
REC008672,ENU0158,Madhya Pradesh,26,Male,Primary,Street Vendor,Employed,39,7555,3,2025-01-13,False
REC008673,ENU0200,Andhra Pradesh,47,Other,Graduate,Bank Employee,Employed,8,10321,6,2025-03-19,False
REC008674,ENU0057,Bihar,12,Female,Primary,None,Unemployed,0,0,5,2025-11-21,False
REC008675,ENU0089,Assam,9,Male,Primary,None,Not in Labour Force,5,0,2,2025-05-17,False
REC008676,ENU0053,West Bengal,23,Male,Graduate,Teacher,Employed,37,21862,7,2025-04-08,False
REC008677,ENU0247,Bihar,40,Female,Graduate,None,Not in Labour Force,74,0,2,2025-01-06,True
REC008678,ENU0078,Andhra Pradesh,22,Male,Post Graduate,IT Professional,Employed,0,153596,4,2025-08-06,True
REC008679,ENU0177,Karnataka,44,Female,Higher Secondary,Technician,Employed,37,11850,8,2025-09-01,False
REC008680,ENU0034,Gujarat,76,Male,Primary,None,Not in Labour Force,5,0,2,2025-07-19,False
REC008681,ENU0221,Punjab,16,Female,Higher Secondary,None,Not in Labour Force,0,0,4,2025-05-21,False
REC008682,ENU0083,Maharashtra,46,Female,Higher Secondary,Driver,Employed,54,7116008,5,2025-12-24,True
REC008683,ENU0024,Rajasthan,50,Male,Primary,None,Not in Labour Force,0,0,1,2025-12-20,False
REC008684,ENU0111,Telangana,6,Female,Primary,None,Not in Labour Force,9,0,4,2025-04-13,False
REC008685,ENU0242,Rajasthan,42,Male,Higher Secondary,Driver,Employed,48,11749,3,2025-05-22,False
REC008686,ENU0082,Assam,15,Female,Primary,None,Not in Labour Force,0,0,1,2025-11-29,False
REC008687,ENU0058,Rajasthan,16,Female,Graduate,None,Unemployed,0,0,6,2025-06-14,False
REC008688,ENU0115,Bihar,30,Male,Higher Secondary,Carpenter,Employed,60,6118,3,2025-10-06,False
REC008689,ENU0250,Assam,52,Male,Primary,Construction Worker,Employed,31,6533,5,2025-08-03,False
REC008690,ENU0001,Gujarat,57,Female,Higher Secondary,Driver,Employed,56,19268,7,2025-08-19,False
REC008691,ENU0239,Assam,44,Female,Post Graduate,Government Officer,Employed,38,43542,4,2025-02-04,False
REC008692,ENU0094,Bihar,23,Female,Illiterate,Agricultural Labourer,Unemployed,0,0,2,2025-03-19,False
REC008693,ENU0013,Maharashtra,33,Male,Higher Secondary,None,Unemployed,0,0,2,2025-02-25,False
REC008694,ENU0245,Rajasthan,27,Female,Post Graduate,None,Unemployed,0,0,9,2025-10-19,False
REC008695,ENU0029,Gujarat,34,Female,Higher Secondary,None,Not in Labour Force,0,0,2,2025-08-25,False
REC008696,ENU0106,Tamil Nadu,47,Female,Illiterate,Agricultural Labourer,Employed,30,5299,2,2025-02-20,False
REC008697,ENU0033,Gujarat,34,Male,Graduate,Bank Employee,Employed,41,30361,3,2025-02-10,False
REC008698,ENU0194,Rajasthan,30,Male,Graduate,Sales Executive,Employed,29,10806,4,2025-07-25,False
REC008699,ENU0247,Maharashtra,41,Female,Secondary,Driver,Employed,68,15213,4,2025-10-05,False
REC008700,ENU0052,Karnataka,79,Male,Secondary,None,Not in Labour Force,0,0,7,2025-03-31,False
REC008701,ENU0155,Bihar,21,Female,Graduate,IT Professional,Employed,40,22808,7,2025-01-13,False
REC008702,ENU0177,Andhra Pradesh,32,Female,Secondary,None,Not in Labour Force,7,0,2,2025-06-08,False
REC008703,ENU0218,Gujarat,12,Male,Primary,None,Not in Labour Force,2,0,6,2025-01-18,False
REC008704,ENU0107,Uttar Pradesh,9,Female,Primary,None,Not in Labour Force,0,0,9,2025-11-26,False
REC008705,ENU0110,Kerala,47,Male,Higher Secondary,Clerk,Employed,40,17259,5,2025-07-04,False
REC008706,ENU0211,Madhya Pradesh,31,Female,Secondary,Street Vendor,Employed,38,6351,4,2025-11-04,False
REC008707,ENU0151,Bihar,-4,Male,Primary,Construction Worker,Employed,46,3597,7,2025-01-20,True
REC008708,ENU0239,Madhya Pradesh,24,Male,Secondary,None,Unemployed,0,0,3,2025-09-23,False
REC008709,ENU0163,Tamil Nadu,52,Male,Higher Secondary,Shop Assistant,Employed,41,7369,3,2025-03-19,False
REC008710,ENU0028,Tamil Nadu,36,Female,Illiterate,Construction Worker,Employed,38,6936,6,2025-11-08,False
REC008711,ENU0247,Uttar Pradesh,44,Male,Graduate,Clerk,Employed,35,7595,3,2025-08-23,False
REC008712,ENU0157,Telangana,60,Male,Primary,None,Not in Labour Force,0,0,5,2025-11-12,False
REC008713,ENU0142,Assam,30,Male,Secondary,Factory Worker,Employed,51,13374,6,2025-10-25,False
REC008714,ENU0069,Bihar,45,Male,Graduate,Sales Executive,Employed,35,7748,4,2025-02-20,False
REC008715,ENU0179,Punjab,55,Female,Primary,Construction Worker,Employed,52,9273,3,2025-01-05,False
REC008716,ENU0151,Madhya Pradesh,28,Female,Primary,None,Unemployed,0,0,1,2025-04-17,False
REC008717,ENU0190,Andhra Pradesh,71,Male,Post Graduate,None,Not in Labour Force,0,0,4,2025-12-13,False
REC008718,ENU0034,Rajasthan,77,Male,Secondary,None,Not in Labour Force,1,0,1,2025-07-28,False
REC008719,ENU0027,Bihar,47,Male,Higher Secondary,None,Not in Labour Force,6,0,5,2025-09-24,False
REC008720,ENU0211,Punjab,72,Female,Secondary,None,Not in Labour Force,0,0,4,2025-01-25,False
REC008721,ENU0180,Kerala,35,Female,Higher Secondary,Carpenter,Employed,36,4546,7,2025-06-19,False
REC008722,ENU0059,Kerala,78,Female,Graduate,None,Not in Labour Force,0,0,1,2025-03-25,False
REC008723,ENU0112,Punjab,9,Male,Primary,None,Not in Labour Force,0,0,2,2025-04-04,False
REC008724,ENU0084,Odisha,61,Female,Secondary,Factory Worker,Employed,54,14194,5,2025-11-15,False
REC008725,ENU0081,Telangana,24,Male,Illiterate,Domestic Help,Employed,33,4110,1,2025-03-04,False
REC008726,ENU0245,Kerala,28,Female,Graduate,Teacher,Employed,45,26215,5,2025-10-08,False
REC008727,ENU0019,Karnataka,31,Male,Higher Secondary,Clerk,Employed,46,23083,8,2025-08-30,False
REC008728,ENU0032,Assam,36,Female,Illiterate,Domestic Help,Employed,45,7717,4,2025-07-20,False
REC008729,ENU0192,Assam,41,Female,Higher Secondary,None,Not in Labour Force,0,0,1,2025-09-26,False
REC008730,ENU0238,Maharashtra,43,Female,Higher Secondary,Carpenter,Employed,50,17729,3,2025-05-02,False
REC008731,ENU0136,Gujarat,78,Male,Primary,None,Not in Labour Force,6,0,4,2025-05-03,False
REC008732,ENU0075,Uttar Pradesh,12,Male,Primary,None,Not in Labour Force,0,0,7,2025-02-16,False
REC008733,ENU0009,Andhra Pradesh,23,Male,Secondary,Street Vendor,Employed,29,5159,1,2025-06-02,False
REC008734,ENU0125,Rajasthan,17,Female,Primary,Construction Worker,Employed,42,7729,7,2025-01-08,False
REC008735,ENU0057,Andhra Pradesh,63,Male,Primary,Domestic Help,Employed,47,6580,4,2025-03-17,False
REC008736,ENU0143,West Bengal,29,Female,Primary,Factory Worker,Employed,46,8937,1,2025-06-01,False
REC008737,ENU0118,Andhra Pradesh,33,Female,Secondary,Driver,Employed,51,14942,5,2025-08-08,False
REC008738,ENU0055,Gujarat,35,Male,Graduate,Bank Employee,Employed,38,25577,3,2025-07-21,False
REC008739,ENU0142,Maharashtra,20,Female,Higher Secondary,None,Not in Labour Force,7,0,4,2025-02-05,False
REC008740,ENU0010,West Bengal,34,Male,Post Graduate,IT Professional,Employed,52,49571,6,2025-03-20,False
REC008741,ENU0056,Telangana,37,Male,Graduate,None,Unemployed,0,0,4,2025-09-26,False
REC008742,ENU0091,Gujarat,75,Male,Higher Secondary,None,Not in Labour Force,0,0,3,2025-04-08,False
REC008743,ENU0185,Andhra Pradesh,23,Female,Primary,Construction Worker,Employed,35,7438,2,2025-07-29,False
REC008744,ENU0088,Karnataka,24,Male,Secondary,None,Unemployed,0,0,3,2025-01-12,False
REC008745,ENU0139,Madhya Pradesh,13,Male,Primary,None,Not in Labour Force,0,0,4,2025-04-27,False
REC008746,ENU0184,West Bengal,36,Male,Primary,Factory Worker,Employed,51,13321,7,2025-12-26,False
REC008747,ENU0153,Karnataka,45,Male,Graduate,IT Professional,Employed,45,47832,4,2025-11-26,False
REC008748,ENU0094,Andhra Pradesh,72,Male,Post Graduate,None,Not in Labour Force,0,0,2,2025-04-11,False
REC008749,ENU0227,Uttar Pradesh,42,Male,Primary,Street Vendor,Employed,47,8709,1,2025-08-15,False
REC008750,ENU0098,Odisha,32,Female,Post Graduate,None,Not in Labour Force,0,0,4,2025-03-20,False
REC008751,ENU0005,Odisha,75,Female,Graduate,None,Not in Labour Force,0,0,3,2025-07-01,False
REC008752,ENU0106,Telangana,22,Female,Graduate,None,Unemployed,0,0,6,2025-07-16,False
REC008753,ENU0075,Assam,23,Male,Primary,None,Unemployed,0,0,7,2025-04-07,False
REC008754,ENU0153,Andhra Pradesh,9,Female,Primary,None,Not in Labour Force,0,0,9,2025-05-12,False
REC008755,ENU0105,Odisha,21,Female,Secondary,Carpenter,Employed,38,11251,1,2025-10-13,False
REC008756,ENU0036,Bihar,30,Male,Higher Secondary,Technician,Employed,48,4097,4,2025-07-25,False
REC008757,ENU0224,Rajasthan,38,Female,Graduate,Sales Executive,Employed,39,19599,5,2025-08-29,False
REC008758,ENU0062,Telangana,21,Female,Graduate,Clerk,Employed,51,27176,8,2025-07-03,False
REC008759,ENU0101,Kerala,37,Female,Secondary,Carpenter,Employed,59,11949,5,2025-10-07,False
REC008760,ENU0033,Gujarat,19,Female,Secondary,None,Not in Labour Force,0,0,2,2025-04-01,False
REC008761,ENU0042,West Bengal,37,Male,Secondary,None,Unemployed,0,0,6,2025-02-23,False
REC008762,ENU0079,Madhya Pradesh,33,Male,Graduate,None,Unemployed,0,0,1,2025-01-05,False
REC008763,ENU0191,Andhra Pradesh,27,Female,Primary,Factory Worker,Employed,61,18264,2,2025-01-14,False
REC008764,ENU0147,Andhra Pradesh,27,Female,Primary,Agricultural Labourer,Employed,26,4554,8,2025-09-07,False
REC008765,ENU0249,West Bengal,43,Female,Graduate,IT Professional,Employed,52,56091,3,2025-10-02,False
REC008766,ENU0162,Maharashtra,37,Male,Primary,Construction Worker,Employed,52,6873,8,2025-08-15,False
REC008767,ENU0133,West Bengal,45,Female,Primary,Factory Worker,Employed,31,8052,5,2025-11-06,False
REC008768,ENU0048,Bihar,65,Female,Primary,Domestic Help,Unemployed,0,0,7,2025-04-16,False
REC008769,ENU0227,West Bengal,16,Male,Primary,Agricultural Labourer,Employed,40,7402,6,2025-02-11,False
REC008770,ENU0174,Uttar Pradesh,53,Male,Secondary,Carpenter,Employed,59,17835,2,2025-08-19,False
REC008771,ENU0217,Kerala,38,Female,Graduate,Teacher,Employed,18,13088,7,2025-09-12,False
REC008772,ENU0164,Telangana,58,Female,Illiterate,None,Not in Labour Force,0,0,1,2025-06-15,False
REC008773,ENU0139,Rajasthan,30,Male,Graduate,None,Unemployed,0,0,2,2025-07-27,False
REC008774,ENU0080,Madhya Pradesh,78,Male,Secondary,None,Not in Labour Force,0,0,4,2025-05-20,False
REC008775,ENU0152,Andhra Pradesh,49,Male,Higher Secondary,None,Not in Labour Force,0,0,1,2025-10-08,False
REC008776,ENU0057,Punjab,10,Male,Primary,None,Not in Labour Force,0,0,6,2025-10-27,False
REC008777,ENU0205,Punjab,22,Male,Secondary,None,Unemployed,0,0,1,2025-04-25,False
REC008778,ENU0189,Karnataka,69,Female,Primary,None,Not in Labour Force,0,0,7,2025-01-24,False
REC008779,ENU0083,Kerala,37,Female,Graduate,IT Professional,Employed,49,70564,9,2025-07-18,False
REC008780,ENU0206,Maharashtra,38,Male,Higher Secondary,None,Not in Labour Force,0,0,2,2025-10-14,False
REC008781,ENU0066,Karnataka,74,Male,Secondary,None,Not in Labour Force,0,0,4,2025-04-17,False
REC008782,ENU0250,Punjab,23,Female,Primary,Construction Worker,Employed,53,13611,5,2025-04-07,False
REC008783,ENU0035,Madhya Pradesh,62,Male,Higher Secondary,None,Not in Labour Force,0,0,2,2025-05-19,False
REC008784,ENU0077,Bihar,29,Male,Higher Secondary,Technician,Employed,64,12765,3,2025-05-30,False
REC008785,ENU0170,Punjab,30,Female,Higher Secondary,None,Unemployed,0,0,6,2025-10-21,False
REC008786,ENU0002,Karnataka,33,Male,Post Graduate,Doctor,Employed,47,124609,2,2025-05-14,False
REC008787,ENU0196,Gujarat,61,Male,Secondary,Shop Assistant,Employed,36,8104,6,2025-02-05,False
REC008788,ENU0006,Maharashtra,40,Female,Illiterate,Domestic Help,Employed,31,4536,1,2025-01-23,False
REC008789,ENU0163,Andhra Pradesh,35,Male,Graduate,IT Professional,Employed,35,49392,4,2025-03-01,False
REC008790,ENU0175,Bihar,27,Female,Graduate,None,Unemployed,0,0,5,2025-12-05,False
REC008791,ENU0051,Telangana,34,Male,Secondary,None,Unemployed,0,0,8,2025-05-30,False
REC008792,ENU0122,West Bengal,38,Male,Post Graduate,Government Officer,Employed,31,29729,3,2025-01-03,False
REC008793,ENU0113,Madhya Pradesh,16,Male,Primary,None,Unemployed,0,0,4,2025-07-12,False
REC008794,ENU0152,Kerala,31,Male,Illiterate,None,Not in Labour Force,0,0,6,2025-11-10,False
REC008795,ENU0036,Telangana,33,Male,Secondary,Driver,Employed,37,9479,5,2025-02-21,False
REC008796,ENU0248,Assam,34,Male,Primary,Factory Worker,Employed,39,10269,4,2025-06-10,False
REC008797,ENU0192,Telangana,8,Male,Primary,None,Not in Labour Force,0,0,5,2025-04-11,False
REC008798,ENU0203,Telangana,49,Female,Primary,Domestic Help,Employed,30,4790,5,2025-12-21,False
REC008799,ENU0153,Madhya Pradesh,48,Female,Higher Secondary,Technician,Employed,49,21293,3,2025-06-18,False
REC008800,ENU0161,Assam,8,Female,Primary,None,Not in Labour Force,0,0,4,2025-06-08,False
REC008801,ENU0124,Rajasthan,38,Male,Secondary,Factory Worker,Employed,43,7463,5,2025-08-26,False
REC008802,ENU0220,Odisha,31,Female,Secondary,Carpenter,Employed,36,14423,4,2025-05-25,False
REC008803,ENU0224,Andhra Pradesh,64,Female,Graduate,None,Not in Labour Force,0,0,5,2025-08-13,False
REC008804,ENU0021,Bihar,41,Female,Post Graduate,Government Officer,Employed,54,27460,5,2025-04-02,False
REC008805,ENU0117,Madhya Pradesh,35,Female,Secondary,None,Not in Labour Force,0,0,4,2025-04-01,False
REC008806,ENU0049,Telangana,45,Male,Higher Secondary,Clerk,Employed,51,23041,4,2025-01-06,False
REC008807,ENU0171,Maharashtra,74,Female,Graduate,None,Not in Labour Force,0,0,4,2025-01-29,False
REC008808,ENU0211,Kerala,8,Female,Primary,None,Not in Labour Force,1,0,3,2025-07-19,False
REC008809,ENU0111,Kerala,59,Male,Graduate,Bank Employee,Employed,38,26211,5,2025-02-04,False
REC008810,ENU0217,Odisha,43,Male,Secondary,Shop Assistant,Employed,34,5396,1,2025-05-25,False
REC008811,ENU0173,Assam,72,Female,Primary,None,Not in Labour Force,2,0,5,2025-09-03,False
REC008812,ENU0071,Andhra Pradesh,27,Female,Higher Secondary,Shop Assistant,Employed,50,12506,8,2025-03-08,False
REC008813,ENU0160,Tamil Nadu,50,Female,Primary,Construction Worker,Employed,49,10408,2,2025-05-10,False
REC008814,ENU0094,Rajasthan,56,Female,Illiterate,Agricultural Labourer,Employed,39,7382,9,2025-08-03,False
REC008815,ENU0227,Uttar Pradesh,28,Female,Higher Secondary,None,Not in Labour Force,0,0,5,2025-09-17,False
REC008816,ENU0069,Uttar Pradesh,29,Female,Graduate,None,Not in Labour Force,0,0,4,2025-01-06,False
REC008817,ENU0175,Rajasthan,34,Male,Higher Secondary,None,Not in Labour Force,0,0,3,2025-08-10,False
REC008818,ENU0132,Uttar Pradesh,41,Male,Primary,None,Not in Labour Force,8,0,2,2025-06-30,False
REC008819,ENU0154,Punjab,16,Male,Secondary,Street Vendor,Employed,53,10483,1,2025-08-05,False
REC008820,ENU0031,Assam,32,Female,Secondary,Street Vendor,Employed,35,7411,1,2025-01-27,False
REC008821,ENU0148,Kerala,84,Male,Primary,None,Not in Labour Force,0,0,3,2025-05-04,False
REC008822,ENU0235,Uttar Pradesh,68,Female,Secondary,None,Not in Labour Force,0,0,4,2025-12-13,False
REC008823,ENU0077,Telangana,47,Male,Graduate,Teacher,Employed,64,21851,3,2025-02-17,False
REC008824,ENU0108,Punjab,48,Female,Primary,Domestic Help,Employed,53,8425,2,2025-05-16,False
REC008825,ENU0084,Punjab,54,Male,Primary,Agricultural Labourer,Employed,60,10965,6,2025-06-25,False
REC008826,ENU0150,Andhra Pradesh,29,Female,Graduate,None,Unemployed,0,0,5,2025-06-29,False
REC008827,ENU0237,Odisha,45,Male,Secondary,Shop Assistant,Employed,38,10141,2,2025-04-06,False
REC008828,ENU0082,Madhya Pradesh,54,Female,Graduate,Clerk,Employed,59,29621,1,2025-11-15,False
REC008829,ENU0050,Kerala,37,Male,Higher Secondary,Technician,Employed,32,11949,3,2025-09-01,False
REC008830,ENU0035,Punjab,27,Female,Secondary,Shop Assistant,Employed,38,8496,5,2025-04-14,False
REC008831,ENU0169,Telangana,50,Male,Graduate,Teacher,Employed,17,8888,4,2025-06-05,False
REC008832,ENU0129,Maharashtra,73,Male,Primary,None,Not in Labour Force,0,0,1,2025-10-01,False
REC008833,ENU0014,Maharashtra,28,Male,Secondary,Driver,Employed,42,8474,7,2025-04-02,False
REC008834,ENU0042,Odisha,16,Male,Secondary,Street Vendor,Employed,70,9387,3,2025-10-27,False
REC008835,ENU0041,Madhya Pradesh,57,Male,Secondary,Carpenter,Employed,38,12518,3,2025-11-30,False
REC008836,ENU0045,Andhra Pradesh,11,Male,Primary,None,Not in Labour Force,0,0,4,2025-07-26,False
REC008837,ENU0190,Maharashtra,47,Male,Primary,Agricultural Labourer,Employed,22,3866,9,2025-08-06,False
REC008838,ENU0002,Odisha,59,Female,Higher Secondary,None,Not in Labour Force,0,0,1,2025-06-16,False
REC008839,ENU0042,Bihar,80,Female,Secondary,None,Unemployed,0,0,6,2025-04-09,False
REC008840,ENU0098,Telangana,34,Male,Secondary,Street Vendor,Employed,62,11491,3,2025-10-30,False
REC008841,ENU0089,Gujarat,45,Female,Secondary,Carpenter,Employed,43,16512,1,2025-01-11,False
REC008842,ENU0137,Karnataka,21,Male,Illiterate,None,Unemployed,0,0,4,2025-03-02,False
REC008843,ENU0162,Odisha,46,Other,Primary,Street Vendor,Employed,37,5589,3,2025-04-19,False
REC008844,ENU0208,West Bengal,36,Female,Primary,Domestic Help,Employed,32,3572,2,2025-04-02,False
REC008845,ENU0046,Kerala,24,Male,Higher Secondary,Technician,Employed,40,11615,3,2025-12-22,False
REC008846,ENU0131,Kerala,29,Female,Secondary,Street Vendor,Employed,41,8943,4,2025-12-23,False
REC008847,ENU0228,Assam,33,Female,Illiterate,Agricultural Labourer,Employed,68,12220,5,2025-09-21,False
REC008848,ENU0229,Assam,36,Male,Post Graduate,Doctor,Employed,34,66496,6,2025-07-05,False
REC008849,ENU0199,Kerala,38,Male,Secondary,None,Not in Labour Force,0,0,1,2025-12-06,False
REC008850,ENU0080,Bihar,37,Female,Secondary,Carpenter,Unemployed,0,0,3,2025-10-01,False
REC008851,ENU0068,Assam,57,Male,Higher Secondary,None,Not in Labour Force,0,0,7,2025-01-21,False
REC008852,ENU0059,Karnataka,33,Female,Primary,Construction Worker,Employed,48,9859,5,2025-04-14,False
REC008853,ENU0152,Telangana,44,Male,Secondary,Shop Assistant,Employed,44,9184,4,2025-10-29,False
REC008854,ENU0081,Assam,34,Male,Illiterate,None,Not in Labour Force,0,0,6,2025-07-09,False
REC008855,ENU0150,Maharashtra,44,Male,Secondary,Driver,Employed,52,12862,5,2025-04-18,False
REC008856,ENU0062,Tamil Nadu,33,Male,Primary,Domestic Help,Employed,51,5098,3,2025-08-18,False
REC008857,ENU0088,Rajasthan,72,Female,Primary,None,Not in Labour Force,1,0,3,2025-10-19,False
REC008858,ENU0128,Tamil Nadu,17,Male,Graduate,Sales Executive,Employed,50,38722,4,2025-09-17,False
REC008859,ENU0099,Odisha,38,Male,Post Graduate,Doctor,Employed,44,96422,4,2025-03-06,False
REC008860,ENU0227,West Bengal,10,Male,Primary,None,Not in Labour Force,0,0,2,2025-05-08,False
REC008861,ENU0100,Punjab,46,Female,Primary,None,Not in Labour Force,8,0,2,2025-06-19,False
REC008862,ENU0031,Assam,31,Female,Graduate,None,Unemployed,0,0,4,2025-07-26,False
REC008863,ENU0104,Telangana,41,Male,Secondary,Driver,Employed,34,9835,5,2025-09-21,False
REC008864,ENU0016,West Bengal,31,Female,Graduate,None,Not in Labour Force,0,0,5,2025-11-25,False
REC008865,ENU0053,Kerala,42,Female,Secondary,Carpenter,Employed,39,11040,5,2025-11-17,False
REC008866,ENU0033,Maharashtra,-3,Female,Secondary,Driver,Employed,45,11632,5,2025-12-02,True
REC008867,ENU0212,West Bengal,20,Male,Primary,None,Unemployed,0,0,2,2025-12-17,False
REC008868,ENU0250,Punjab,28,Male,Higher Secondary,None,Not in Labour Force,0,0,5,2025-01-13,False
REC008869,ENU0012,Punjab,38,Female,Graduate,Bank Employee,Employed,59,37354,4,2025-07-18,False
REC008870,ENU0205,Rajasthan,35,Male,Primary,None,Not in Labour Force,3,0,4,2025-08-21,False
REC008871,ENU0061,Odisha,55,Male,Higher Secondary,Technician,Employed,55,25217,6,2025-01-04,False
REC008872,ENU0036,Karnataka,24,Female,Secondary,Shop Assistant,Employed,36,7838,5,2025-07-20,False
REC008873,ENU0088,Punjab,32,Male,Primary,Factory Worker,Employed,13,2692,11,2025-08-18,False
REC008874,ENU0231,Madhya Pradesh,14,Male,Primary,None,Not in Labour Force,2,0,2,2025-11-25,False
REC008875,ENU0188,Rajasthan,36,Female,Higher Secondary,Technician,Employed,67,23840,2,2025-10-03,False
REC008876,ENU0124,Rajasthan,62,Male,Graduate,Teacher,Employed,60,40823,4,2025-09-01,False
REC008877,ENU0177,Bihar,39,Female,Post Graduate,None,Not in Labour Force,0,0,5,2025-09-11,False
REC008878,ENU0214,Karnataka,44,Male,Illiterate,Agricultural Labourer,Employed,36,5141,3,2025-03-18,False
REC008879,ENU0015,Rajasthan,35,Female,Secondary,None,Not in Labour Force,0,0,2,2025-12-16,False
REC008880,ENU0163,West Bengal,70,Female,Primary,None,Not in Labour Force,0,0,6,2025-01-24,False
REC008881,ENU0013,Maharashtra,27,Female,Graduate,Bank Employee,Employed,30,21015,3,2025-08-05,False
REC008882,ENU0005,Telangana,29,Male,Post Graduate,Doctor,Employed,37,90701,3,2025-06-27,False
REC008883,ENU0063,Odisha,16,Female,Secondary,None,Unemployed,0,0,3,2025-05-22,False
REC008884,ENU0008,Uttar Pradesh,48,Male,Illiterate,Domestic Help,Employed,28,3857,6,2025-07-27,False
REC008885,ENU0097,Assam,44,Female,Secondary,Factory Worker,Employed,42,10506,1,2025-01-12,False
REC008886,ENU0079,Assam,45,Male,Graduate,Clerk,Employed,52,23330,2,2025-04-24,False
REC008887,ENU0105,Madhya Pradesh,150,Female,Secondary,None,Not in Labour Force,0,0,5,2025-03-24,True
REC008888,ENU0034,Telangana,36,Female,Graduate,IT Professional,Employed,42,36637,2,2025-02-01,False
REC008889,ENU0064,Tamil Nadu,15,Female,Higher Secondary,None,Not in Labour Force,1,0,5,2025-09-29,False
REC008890,ENU0017,Assam,40,Male,Higher Secondary,None,Not in Labour Force,0,0,8,2025-04-02,False
REC008891,ENU0092,Kerala,47,Female,Graduate,Clerk,Employed,39,19418,6,2025-10-10,False
REC008892,ENU0124,Punjab,23,Male,Secondary,None,Unemployed,0,0,3,2025-03-18,False
REC008893,ENU0152,Andhra Pradesh,7,Male,Primary,None,Not in Labour Force,9,0,11,2025-08-28,False
REC008894,ENU0221,Bihar,42,Male,Higher Secondary,Clerk,Employed,34,6440,3,2025-03-17,False
REC008895,ENU0241,Karnataka,12,Male,Primary,None,Not in Labour Force,0,0,2,2025-03-10,False
REC008896,ENU0223,Karnataka,40,Female,Primary,None,Not in Labour Force,0,0,4,2025-12-22,False
REC008897,ENU0246,Punjab,23,Female,Secondary,None,Not in Labour Force,8,0,7,2025-02-20,False
REC008898,ENU0166,Punjab,59,Female,Primary,Factory Worker,Employed,38,8739,1,2025-10-04,False
REC008899,ENU0003,Uttar Pradesh,34,Female,Secondary,Driver,Employed,53,10358,1,2025-02-21,False
REC008900,ENU0068,Gujarat,29,Female,Primary,Factory Worker,Employed,30,6751,3,2025-11-04,False
REC008901,ENU0074,Maharashtra,20,Male,Secondary,Driver,Employed,40,12909,7,2025-02-01,False
REC008902,ENU0068,Uttar Pradesh,31,Female,Graduate,Bank Employee,Employed,43,26494,3,2025-11-22,False
REC008903,ENU0158,Gujarat,30,Male,Secondary,None,Unemployed,0,0,3,2025-10-26,False
REC008904,ENU0096,Karnataka,21,Female,Higher Secondary,Shop Assistant,Employed,23,7013,2,2025-09-08,False
REC008905,ENU0007,Odisha,150,Female,Secondary,Carpenter,Employed,46,16279,1,2025-02-03,True
REC008906,ENU0209,Andhra Pradesh,54,Female,Secondary,Carpenter,Employed,51,15590,10,2025-08-25,False
REC008907,ENU0111,Uttar Pradesh,14,Male,Primary,None,Not in Labour Force,4,0,4,2025-08-16,False
REC008908,ENU0094,Telangana,70,Male,Graduate,None,Not in Labour Force,0,0,5,2025-07-23,False
REC008909,ENU0231,Assam,25,Male,Post Graduate,Government Officer,Employed,38,39480,6,2025-03-20,False
REC008910,ENU0204,Madhya Pradesh,53,Male,Higher Secondary,Technician,Employed,54,23199,5,2025-01-17,False
REC008911,ENU0021,Tamil Nadu,54,Female,Graduate,None,Not in Labour Force,5,0,3,2025-06-13,False
REC008912,ENU0017,Odisha,14,Female,Primary,None,Not in Labour Force,0,0,7,2025-12-30,False
REC008913,ENU0233,West Bengal,7,Female,Primary,None,Not in Labour Force,0,0,1,2025-05-03,False
REC008914,ENU0024,Uttar Pradesh,35,Female,Primary,Construction Worker,Employed,41,9217,3,2025-03-30,False
REC008915,ENU0165,Odisha,11,Female,Primary,None,Not in Labour Force,0,0,2,2025-10-23,False
REC008916,ENU0063,Uttar Pradesh,35,Female,Post Graduate,Teacher,Employed,9,5759,2,2025-11-28,False
REC008917,ENU0247,Uttar Pradesh,49,Female,Illiterate,Domestic Help,Employed,42,6124,3,2025-09-29,False
REC008918,ENU0125,Rajasthan,42,Female,Primary,Factory Worker,Employed,36,9448,5,2025-09-20,False
REC008919,ENU0180,Madhya Pradesh,39,Male,Graduate,Bank Employee,Employed,32,23893,2,2025-12-07,False
REC008920,ENU0058,Odisha,27,Male,Primary,Factory Worker,Employed,65,18851,5,2025-06-03,False
REC008921,ENU0007,Tamil Nadu,17,Female,Illiterate,None,Not in Labour Force,130,0,5,2025-06-21,True
REC008922,ENU0163,Telangana,47,Female,Secondary,None,Not in Labour Force,0,0,3,2025-06-01,False
REC008923,ENU0025,Punjab,34,Male,Primary,Domestic Help,Employed,59,8747,2,2025-08-27,False
REC008924,ENU0102,Telangana,31,Female,Secondary,None,Not in Labour Force,0,0,2,2025-01-13,False
REC008925,ENU0240,Karnataka,37,Female,Primary,Factory Worker,Employed,34,7543,7,2025-05-21,False
REC008926,ENU0013,Kerala,48,Male,Graduate,None,Not in Labour Force,0,0,6,2025-06-19,False
REC008927,ENU0192,Telangana,43,Male,Illiterate,None,Unemployed,0,0,1,2025-04-28,False
REC008928,ENU0208,Maharashtra,27,Female,Secondary,Street Vendor,Employed,45,7210,4,2025-03-09,False
REC008929,ENU0082,West Bengal,20,Female,Primary,None,Not in Labour Force,0,0,2,2025-01-03,False
REC008930,ENU0072,Madhya Pradesh,34,Female,Graduate,Bank Employee,Employed,30,26541,2,2025-02-11,False
REC008931,ENU0108,Uttar Pradesh,34,Male,Post Graduate,Bank Employee,Employed,57,59303,1,2025-11-29,False
REC008932,ENU0119,Tamil Nadu,42,Female,Secondary,None,Not in Labour Force,0,0,5,2025-06-11,False
REC008933,ENU0066,Rajasthan,22,Male,Graduate,Teacher,Employed,18,10376,1,2025-01-13,False
REC008934,ENU0206,Telangana,40,Male,Higher Secondary,Driver,Employed,34,7010,5,2025-06-16,False
REC008935,ENU0210,Gujarat,40,Male,Secondary,Driver,Employed,53,11803,2,2025-06-29,False
REC008936,ENU0095,Uttar Pradesh,45,Male,Secondary,None,Not in Labour Force,0,0,5,2025-01-11,False
REC008937,ENU0168,Odisha,51,Male,Graduate,Teacher,Employed,53,29309,3,2025-08-24,False
REC008938,ENU0199,Andhra Pradesh,29,Male,Post Graduate,None,Unemployed,0,0,3,2025-12-16,False
REC008939,ENU0090,Andhra Pradesh,49,Female,Higher Secondary,Clerk,Employed,63,22020,2,2025-04-11,False
REC008940,ENU0135,Kerala,59,Female,Higher Secondary,None,Not in Labour Force,4,0,1,2025-01-08,False
REC008941,ENU0039,Bihar,28,Male,Higher Secondary,Shop Assistant,Unemployed,0,0,5,2025-07-31,False
REC008942,ENU0040,Bihar,12,Female,Primary,None,Unemployed,0,0,7,2025-02-03,False
REC008943,ENU0180,Uttar Pradesh,78,Female,Graduate,None,Not in Labour Force,0,0,7,2025-07-26,False
REC008944,ENU0211,Uttar Pradesh,29,Female,Primary,Domestic Help,Employed,58,8797,2,2025-10-15,False
REC008945,ENU0115,Telangana,40,Female,Post Graduate,None,Not in Labour Force,9,0,8,2025-11-27,False
REC008946,ENU0114,Maharashtra,24,Male,Secondary,Factory Worker,Employed,66,21600,4,2025-12-21,False
REC008947,ENU0194,West Bengal,52,Female,Graduate,IT Professional,Employed,36,36064,1,2025-03-15,False
REC008948,ENU0233,Assam,42,Male,Primary,None,Not in Labour Force,5,0,5,2025-01-31,False
REC008949,ENU0158,Odisha,43,Female,Secondary,Driver,Employed,38,9323,7,2025-05-28,False
REC008950,ENU0108,Bihar,54,Male,Secondary,Street Vendor,Unemployed,0,0,6,2025-01-28,False
REC008951,ENU0190,Kerala,64,Male,Secondary,None,Not in Labour Force,0,0,2,2025-02-10,False
REC008952,ENU0183,Maharashtra,56,Male,Graduate,IT Professional,Employed,46,34599,7,2025-09-06,False
REC008953,ENU0017,Punjab,75,Male,Illiterate,None,Not in Labour Force,3,0,4,2025-09-04,False
REC008954,ENU0002,Rajasthan,32,Female,Higher Secondary,None,Not in Labour Force,0,0,4,2025-10-24,False
REC008955,ENU0114,Madhya Pradesh,47,Female,Graduate,IT Professional,Employed,54,82588,6,2025-11-16,False
REC008956,ENU0080,Rajasthan,26,Female,Secondary,Carpenter,Employed,43,8681,3,2025-06-06,False
REC008957,ENU0065,Uttar Pradesh,36,Male,Secondary,Shop Assistant,Employed,31,5802,1,2025-07-09,False
REC008958,ENU0238,Madhya Pradesh,8,Male,Primary,None,Not in Labour Force,0,0,4,2025-09-25,False
REC008959,ENU0237,West Bengal,60,Female,Primary,None,Not in Labour Force,9,0,6,2025-10-21,False
REC008960,ENU0022,Tamil Nadu,38,Male,Primary,Domestic Help,Employed,36,5624,3,2025-01-23,False
REC008961,ENU0027,Karnataka,46,Female,Illiterate,Domestic Help,Employed,55,7358,4,2025-07-03,False
REC008962,ENU0196,Assam,25,Female,Secondary,Shop Assistant,Employed,52,12147,3,2025-09-26,False
REC008963,ENU0237,Uttar Pradesh,40,Female,Secondary,None,Not in Labour Force,0,0,1,2025-05-02,False
REC008964,ENU0170,Andhra Pradesh,44,Male,Post Graduate,Engineer,Employed,31,50467,5,2025-01-28,False
REC008965,ENU0206,Rajasthan,34,Male,Graduate,None,Unemployed,0,0,2,2025-11-08,False
REC008966,ENU0230,Punjab,31,Female,Secondary,Driver,Employed,42,10346,4,2025-08-25,False
REC008967,ENU0083,Maharashtra,18,Female,Post Graduate,Bank Employee,Employed,44,28026,5,2025-04-26,False
REC008968,ENU0042,Tamil Nadu,12,Male,Primary,None,Not in Labour Force,0,0,4,2025-09-20,False
REC008969,ENU0052,Madhya Pradesh,33,Female,Secondary,None,Unemployed,0,0,1,2025-05-20,False
REC008970,ENU0120,Gujarat,36,Male,Graduate,None,Not in Labour Force,0,0,5,2025-01-21,False
REC008971,ENU0219,Telangana,57,Male,Graduate,Clerk,Employed,37,13832,9,2025-08-01,False
REC008972,ENU0075,Andhra Pradesh,46,Male,Secondary,Carpenter,Employed,59,11452,4,2025-05-29,False
REC008973,ENU0160,Assam,27,Female,Secondary,None,Unemployed,0,0,5,2025-12-08,False
REC008974,ENU0161,Tamil Nadu,21,Female,Primary,None,Unemployed,0,0,3,2025-09-30,False
REC008975,ENU0178,Uttar Pradesh,45,Male,Illiterate,None,Not in Labour Force,2,0,6,2025-10-28,False
REC008976,ENU0047,Bihar,29,Female,Secondary,Carpenter,Unemployed,0,0,5,2025-02-25,False
REC008977,ENU0065,Assam,79,Female,Secondary,None,Not in Labour Force,0,0,8,2025-11-03,False
REC008978,ENU0046,Rajasthan,12,Male,Primary,None,Not in Labour Force,0,0,2,2025-05-11,False
REC008979,ENU0140,Karnataka,10,Female,Primary,None,Not in Labour Force,0,0,3,2025-09-09,False
REC008980,ENU0157,Rajasthan,34,Male,Primary,Factory Worker,Employed,51,14535,1,2025-09-01,False
REC008981,ENU0051,Rajasthan,32,Female,Higher Secondary,Carpenter,Employed,43,11972,3,2025-06-27,False
REC008982,ENU0020,Rajasthan,36,Male,Graduate,None,Unemployed,0,0,7,2025-02-10,False
REC008983,ENU0193,Assam,31,Female,Secondary,Street Vendor,Employed,39,8588,2,2025-10-18,False
REC008984,ENU0059,Madhya Pradesh,34,Female,Secondary,Carpenter,Employed,72,22056,4,2025-07-29,False
REC008985,ENU0245,Kerala,45,Male,Higher Secondary,Carpenter,Employed,32,8881,4,2025-01-04,False
REC008986,ENU0194,Andhra Pradesh,44,Male,Secondary,Factory Worker,Employed,57,10486,5,2025-08-01,False
REC008987,ENU0206,West Bengal,36,Female,Primary,Construction Worker,Employed,55,11062,3,2025-11-22,False
REC008988,ENU0165,Karnataka,36,Male,Graduate,Sales Executive,Employed,32,11308,4,2025-12-01,False
REC008989,ENU0201,Andhra Pradesh,73,Female,Secondary,None,Not in Labour Force,6,0,4,2025-07-12,False
REC008990,ENU0184,Rajasthan,36,Male,Post Graduate,Doctor,Employed,49,103348,2,2025-05-09,False
REC008991,ENU0195,Assam,50,Female,Illiterate,Agricultural Labourer,Employed,28,4493,2,2025-05-22,False
REC008992,ENU0106,Kerala,40,Male,Primary,Construction Worker,Employed,30,2788,4,2025-12-14,False
REC008993,ENU0035,West Bengal,70,Male,Primary,None,Not in Labour Force,0,0,2,2025-01-12,False
REC008994,ENU0009,Karnataka,16,Female,Graduate,IT Professional,Employed,43,64763,6,2025-12-24,False
REC008995,ENU0098,Andhra Pradesh,32,Male,Primary,None,Unemployed,0,0,5,2025-08-10,False
REC008996,ENU0174,Madhya Pradesh,42,Female,Post Graduate,IT Professional,Employed,49,53682,5,2025-04-12,False
REC008997,ENU0247,Rajasthan,44,Female,Post Graduate,IT Professional,Employed,43,60582,3,2025-10-12,False
REC008998,ENU0137,Telangana,39,Male,Higher Secondary,Technician,Employed,47,15611,1,2025-02-26,False
REC008999,ENU0094,Odisha,25,Male,Primary,Factory Worker,Employed,52,14113,2,2025-06-29,False
REC009000,ENU0123,Uttar Pradesh,27,Female,Primary,Factory Worker,Employed,38,10075,5,2025-02-11,False
REC009001,ENU0115,Maharashtra,38,Male,Secondary,Street Vendor,Employed,32,6223,5,2025-02-04,False
REC009002,ENU0202,Madhya Pradesh,48,Female,Higher Secondary,Clerk,Employed,52,16831,4,2025-10-31,False
REC009003,ENU0162,Kerala,29,Female,Graduate,None,Not in Labour Force,0,0,3,2025-07-17,False
REC009004,ENU0084,Tamil Nadu,32,Female,Primary,None,Unemployed,0,0,2,2025-04-04,False
REC009005,ENU0127,Kerala,51,Male,Higher Secondary,Technician,Employed,25,8598,5,2025-07-16,False
REC009006,ENU0036,Uttar Pradesh,33,Female,Secondary,Shop Assistant,Employed,49,9370,5,2025-02-19,False
REC009007,ENU0146,Karnataka,9,Male,Primary,None,Not in Labour Force,0,0,4,2025-11-30,False
REC009008,ENU0099,Odisha,36,Female,Primary,Street Vendor,Employed,40,6336,7,2025-02-11,False
REC009009,ENU0058,Odisha,35,Female,Higher Secondary,Carpenter,Employed,44,13817,4,2025-04-08,False
REC009010,ENU0211,Maharashtra,40,Male,Secondary,Carpenter,Employed,37,11749,5,2025-01-24,False
REC009011,ENU0062,Bihar,79,Female,Primary,None,Not in Labour Force,0,0,4,2025-11-16,False
REC009012,ENU0172,Punjab,26,Female,Post Graduate,None,Unemployed,0,0,8,2025-08-31,False
REC009013,ENU0245,West Bengal,49,Female,Higher Secondary,Technician,Employed,28,9781,9,2025-03-30,False
REC009014,ENU0125,Rajasthan,50,Male,Secondary,Street Vendor,Employed,54,6610,6,2025-11-07,False
REC009015,ENU0201,Maharashtra,30,Male,Secondary,Shop Assistant,Employed,55,12268,5,2025-03-05,False
REC009016,ENU0132,Gujarat,30,Male,Illiterate,None,Unemployed,0,0,3,2025-08-22,False
REC009017,ENU0185,Punjab,46,Female,Higher Secondary,Carpenter,Employed,64,18048,6,2025-03-11,False
REC009018,ENU0004,West Bengal,74,Female,Secondary,None,Not in Labour Force,0,0,7,2025-05-31,False
REC009019,ENU0144,Punjab,5,Female,Illiterate,None,Not in Labour Force,9,0,9,2025-01-31,False
REC009020,ENU0203,Punjab,23,Male,Graduate,None,Unemployed,0,0,1,2025-11-05,False
REC009021,ENU0075,West Bengal,73,Female,Secondary,None,Not in Labour Force,0,0,8,2025-06-10,False
REC009022,ENU0146,Punjab,5,Female,Illiterate,None,Not in Labour Force,0,0,4,2025-06-04,False
REC009023,ENU0164,Gujarat,60,Female,Primary,None,Not in Labour Force,130,0,2,2025-10-27,True
REC009024,ENU0017,Maharashtra,14,Male,Primary,None,Not in Labour Force,6,0,5,2025-03-26,False
REC009025,ENU0238,Maharashtra,14,Male,Primary,None,Not in Labour Force,9,0,6,2025-11-05,False
REC009026,ENU0165,Maharashtra,51,Male,Primary,Domestic Help,Employed,45,3755,2,2025-06-09,False
REC009027,ENU0056,Uttar Pradesh,45,Female,Secondary,None,Not in Labour Force,0,0,3,2025-02-03,False
REC009028,ENU0055,Uttar Pradesh,13,Female,Primary,None,Not in Labour Force,5,0,11,2025-04-05,False
REC009029,ENU0031,Uttar Pradesh,12,Female,Primary,None,Not in Labour Force,0,0,2,2025-10-25,False
REC009030,ENU0126,Uttar Pradesh,28,Female,Secondary,None,Unemployed,0,0,2,2025-04-18,False
REC009031,ENU0209,Punjab,68,Male,Higher Secondary,None,Not in Labour Force,0,0,3,2025-11-12,False
REC009032,ENU0005,Karnataka,70,Female,Secondary,None,Not in Labour Force,0,0,6,2025-08-07,False
REC009033,ENU0014,Assam,28,Female,Graduate,None,Not in Labour Force,0,0,3,2025-04-19,False
REC009034,ENU0134,Punjab,47,Male,Graduate,None,Unemployed,0,0,1,2025-05-28,False
REC009035,ENU0199,Kerala,20,Male,Secondary,None,Unemployed,0,0,5,2025-12-27,False
REC009036,ENU0189,Karnataka,28,Female,Illiterate,None,Not in Labour Force,0,0,3,2025-09-03,False
REC009037,ENU0061,Kerala,35,Male,Graduate,None,Not in Labour Force,0,0,3,2025-01-31,False
REC009038,ENU0104,Gujarat,39,Female,Higher Secondary,Clerk,Employed,51,20666,2,2025-09-18,False
REC009039,ENU0195,Madhya Pradesh,75,Female,Graduate,None,Not in Labour Force,0,0,4,2025-10-08,False
REC009040,ENU0061,Andhra Pradesh,44,Other,Primary,None,Unemployed,0,0,6,2025-05-18,False
REC009041,ENU0094,Bihar,14,Male,Primary,None,Unemployed,0,0,1,2025-06-28,False
REC009042,ENU0218,West Bengal,34,Female,Graduate,Sales Executive,Employed,39,16016,1,2025-08-29,False
REC009043,ENU0075,Punjab,42,Female,Illiterate,Street Vendor,Employed,43,8416,1,2025-12-01,False
REC009044,ENU0011,Gujarat,39,Female,Higher Secondary,Carpenter,Employed,33,4870,4,2025-02-06,False
REC009045,ENU0190,Bihar,33,Female,Higher Secondary,None,Unemployed,0,0,6,2025-10-03,False
REC009046,ENU0194,West Bengal,32,Male,Higher Secondary,None,Not in Labour Force,0,0,1,2025-04-11,False
REC009047,ENU0150,Karnataka,70,Female,Higher Secondary,None,Not in Labour Force,0,0,5,2025-01-03,False
REC009048,ENU0046,Assam,47,Male,Secondary,Driver,Employed,31,5705,2,2025-09-01,False
REC009049,ENU0062,Odisha,46,Other,Higher Secondary,Driver,Employed,54,13174,1,2025-07-04,False
REC009050,ENU0212,Maharashtra,33,Female,Graduate,IT Professional,Employed,53,51152,4,2025-03-23,False
REC009051,ENU0186,Punjab,72,Male,Secondary,None,Not in Labour Force,0,0,4,2025-12-15,False
REC009052,ENU0099,West Bengal,23,Male,Secondary,Street Vendor,Employed,28,6097,3,2025-07-26,False
REC009053,ENU0225,Bihar,58,Male,Higher Secondary,Clerk,Employed,55,11684,5,2025-01-15,False
REC009054,ENU0088,Madhya Pradesh,33,Female,Primary,Street Vendor,Employed,39,6073,3,2025-04-16,False
REC009055,ENU0195,Punjab,29,Female,Primary,Street Vendor,Employed,60,10547,4,2025-01-06,False
REC009056,ENU0147,Gujarat,13,Female,Primary,None,Not in Labour Force,6,0,3,2025-02-11,False
REC009057,ENU0233,Punjab,76,Male,Primary,None,Not in Labour Force,0,0,9,2025-05-16,False
REC009058,ENU0208,Telangana,65,Female,Graduate,IT Professional,Employed,44,61602,1,2025-07-26,False
REC009059,ENU0006,Rajasthan,44,Male,Secondary,Street Vendor,Employed,62,8759,4,2025-03-01,False
REC009060,ENU0125,West Bengal,20,Male,Secondary,None,Unemployed,0,0,4,2025-07-13,False
REC009061,ENU0236,Andhra Pradesh,27,Female,Higher Secondary,Carpenter,Employed,45,10296,5,2025-01-02,False
REC009062,ENU0227,Uttar Pradesh,11,Male,Primary,None,Not in Labour Force,7,0,2,2025-03-29,False
REC009063,ENU0093,Punjab,29,Female,Secondary,Shop Assistant,Employed,19,4481,2,2025-05-30,False
REC009064,ENU0086,Uttar Pradesh,52,Male,Higher Secondary,None,Not in Labour Force,0,0,6,2025-12-29,False
REC009065,ENU0070,Tamil Nadu,49,Male,Higher Secondary,Carpenter,Employed,30,8762,4,2025-02-17,False
REC009066,ENU0164,Assam,38,Male,Secondary,Factory Worker,Employed,47,10027,1,2025-11-11,False
REC009067,ENU0011,Andhra Pradesh,46,Female,Primary,None,Not in Labour Force,5,0,4,2025-10-13,False
REC009068,ENU0177,Maharashtra,40,Male,Higher Secondary,Carpenter,Employed,44,14605,1,2025-03-25,False
REC009069,ENU0105,Punjab,52,Female,Primary,Domestic Help,Employed,44,4905,5,2025-01-24,False
REC009070,ENU0190,West Bengal,39,Male,Post Graduate,Engineer,Employed,38,40177,7,2025-04-11,False
REC009071,ENU0140,Karnataka,28,Female,Higher Secondary,None,Unemployed,0,0,5,2025-04-04,False
REC009072,ENU0141,West Bengal,64,Male,Graduate,None,Not in Labour Force,9,0,6,2025-06-22,False
REC009073,ENU0199,Assam,32,Male,Secondary,Shop Assistant,Employed,60,4170,3,2025-12-25,False
REC009074,ENU0191,Madhya Pradesh,34,Male,Post Graduate,IT Professional,Employed,41,44200,2,2025-12-16,False
REC009075,ENU0193,Assam,35,Male,Primary,None,Not in Labour Force,0,0,3,2025-02-15,False
REC009076,ENU0140,Kerala,28,Male,Higher Secondary,None,Not in Labour Force,6,0,2,2025-02-15,False
REC009077,ENU0003,Tamil Nadu,49,Male,Secondary,Driver,Employed,64,13480,5,2025-02-27,False
REC009078,ENU0211,Punjab,40,Male,Higher Secondary,Carpenter,Employed,37,12855,6,2025-04-11,False
REC009079,ENU0119,Andhra Pradesh,56,Male,Illiterate,Construction Worker,Employed,45,7461,3,2025-04-16,False
REC009080,ENU0050,Telangana,30,Male,Secondary,Driver,Employed,34,11388,6,2025-04-21,False
REC009081,ENU0022,Odisha,73,Female,Primary,None,Not in Labour Force,8,0,4,2025-05-16,False
REC009082,ENU0061,Uttar Pradesh,15,Male,Higher Secondary,None,Not in Labour Force,0,0,2,2025-01-03,False
REC009083,ENU0198,Gujarat,18,Male,Secondary,Carpenter,Employed,43,11484,1,2025-01-07,False
REC009084,ENU0175,Andhra Pradesh,26,Male,Post Graduate,None,Not in Labour Force,4,0,2,2025-03-06,False
REC009085,ENU0037,Madhya Pradesh,48,Male,Higher Secondary,None,Not in Labour Force,0,0,4,2025-11-03,False
REC009086,ENU0030,West Bengal,41,Male,Secondary,None,Not in Labour Force,5,0,4,2025-04-09,False
REC009087,ENU0104,Telangana,57,Female,Illiterate,Agricultural Labourer,Employed,34,5284,2,2025-11-25,False
REC009088,ENU0170,Karnataka,51,Male,Primary,Agricultural Labourer,Employed,45,6328,6,2025-05-09,False
REC009089,ENU0053,Bihar,42,Female,Secondary,Shop Assistant,Unemployed,0,0,2,2025-08-07,False
REC009090,ENU0210,Gujarat,45,Female,Secondary,None,Unemployed,0,0,3,2025-03-27,False
REC009091,ENU0213,Rajasthan,32,Male,Graduate,Clerk,Employed,44,15328,3,2025-05-22,False
REC009092,ENU0041,Tamil Nadu,26,Male,Primary,None,Unemployed,0,0,5,2025-03-03,False
REC009093,ENU0128,Odisha,27,Male,Illiterate,Street Vendor,Employed,33,5101,2,2025-12-07,False
REC009094,ENU0103,Odisha,26,Male,Primary,Construction Worker,Employed,54,9529,5,2025-11-06,False
REC009095,ENU0049,Madhya Pradesh,45,Male,Graduate,None,Not in Labour Force,0,0,7,2025-01-05,False
REC009096,ENU0241,Uttar Pradesh,58,Female,Graduate,None,Not in Labour Force,0,0,4,2025-05-08,False
REC009097,ENU0087,Telangana,41,Female,Secondary,Factory Worker,Employed,52,9371,1,2025-05-02,False
REC009098,ENU0090,Kerala,31,Female,Post Graduate,Engineer,Employed,62,51939,5,2025-11-27,False
REC009099,ENU0188,Punjab,44,Male,Primary,None,Not in Labour Force,0,0,1,2025-01-25,False
REC009100,ENU0209,Gujarat,32,Male,Graduate,Teacher,Employed,61,39293,3,2025-12-06,False
REC009101,ENU0125,Punjab,40,Male,Secondary,Carpenter,Employed,44,9616,5,2025-09-14,False
REC009102,ENU0207,Andhra Pradesh,50,Male,Secondary,Carpenter,Employed,40,13768,2,2025-08-16,False
REC009103,ENU0235,Gujarat,49,Female,Primary,Domestic Help,Employed,57,5851,5,2025-02-23,False
REC009104,ENU0180,Assam,76,Female,Primary,None,Not in Labour Force,0,0,6,2025-09-23,False
REC009105,ENU0057,Uttar Pradesh,28,Female,Higher Secondary,Technician,Employed,51,23994,3,2025-07-30,False
REC009106,ENU0219,Andhra Pradesh,45,Female,Secondary,Driver,Employed,46,14182,4,2025-03-11,False
REC009107,ENU0145,Tamil Nadu,34,Female,Secondary,None,Not in Labour Force,0,0,3,2025-01-08,False
REC009108,ENU0235,Bihar,34,Female,Secondary,Driver,Unemployed,0,0,1,2025-12-11,False
REC009109,ENU0060,Uttar Pradesh,86,Female,Post Graduate,None,Not in Labour Force,0,0,6,2025-10-05,False
REC009110,ENU0003,Rajasthan,37,Female,Higher Secondary,Shop Assistant,Employed,43,13146,8,2025-06-21,False
REC009111,ENU0101,Kerala,56,Male,Higher Secondary,None,Not in Labour Force,0,0,1,2025-09-28,False
REC009112,ENU0227,Maharashtra,34,Male,Secondary,Carpenter,Employed,43,7730,7,2025-11-06,False
REC009113,ENU0219,Bihar,7,Male,Primary,None,Unemployed,0,0,4,2025-08-30,False
REC009114,ENU0197,Tamil Nadu,25,Female,Primary,None,Unemployed,0,0,4,2025-03-29,False
REC009115,ENU0167,Kerala,19,Female,Primary,None,Unemployed,0,0,5,2025-11-28,False
REC009116,ENU0223,Rajasthan,26,Female,Illiterate,Construction Worker,Employed,71,11378,4,2025-11-20,False
REC009117,ENU0015,Madhya Pradesh,33,Female,Secondary,Factory Worker,Employed,28,4779,4,2025-05-06,False
REC009118,ENU0090,Maharashtra,44,Female,Primary,Factory Worker,Employed,35,8132,3,2025-12-04,False
REC009119,ENU0191,Madhya Pradesh,25,Male,Higher Secondary,None,Not in Labour Force,0,0,7,2025-02-14,False
REC009120,ENU0072,Uttar Pradesh,49,Female,Primary,Factory Worker,Employed,58,11729,7,2025-07-29,False
REC009121,ENU0211,Uttar Pradesh,24,Male,Post Graduate,Bank Employee,Employed,51,45493,7,2025-10-26,False
REC009122,ENU0185,Telangana,62,Female,Graduate,None,Not in Labour Force,0,0,8,2025-01-18,False
REC009123,ENU0209,Andhra Pradesh,24,Male,Higher Secondary,Carpenter,Employed,40,11879,2,2025-08-08,False
REC009124,ENU0012,Rajasthan,26,Male,Graduate,IT Professional,Employed,45,49712,1,2025-11-21,False
REC009125,ENU0057,Maharashtra,32,Female,Primary,None,Unemployed,0,0,5,2025-07-17,False
REC009126,ENU0157,Gujarat,19,Male,Secondary,None,Unemployed,0,0,6,2025-07-28,False
REC009127,ENU0074,Andhra Pradesh,27,Female,Primary,Factory Worker,Employed,35,7906,6,2025-08-07,False
REC009128,ENU0089,Odisha,25,Female,Graduate,None,Not in Labour Force,0,0,7,2025-09-20,False
REC009129,ENU0036,Assam,28,Male,Secondary,Driver,Employed,42,10374,7,2025-05-03,False
REC009130,ENU0040,Madhya Pradesh,13,Male,Primary,None,Not in Labour Force,0,0,7,2025-03-16,False
REC009131,ENU0031,Tamil Nadu,22,Male,Higher Secondary,Driver,Employed,50,14227,7,2025-04-27,False
REC009132,ENU0150,Telangana,63,Female,Higher Secondary,None,Not in Labour Force,0,0,2,2025-06-02,False
REC009133,ENU0178,Telangana,33,Female,Post Graduate,IT Professional,Employed,48,50265,5,2025-07-16,False
REC009134,ENU0104,Telangana,78,Female,Graduate,None,Not in Labour Force,5,0,7,2025-04-01,False
REC009135,ENU0136,Karnataka,25,Female,Secondary,None,Not in Labour Force,7,0,4,2025-06-05,False
REC009136,ENU0150,Madhya Pradesh,63,Female,Primary,None,Not in Labour Force,0,0,4,2025-12-07,False
REC009137,ENU0041,Bihar,42,Female,Higher Secondary,Carpenter,Employed,54,5918,3,2025-09-17,False
REC009138,ENU0079,Telangana,40,Male,Illiterate,Domestic Help,Employed,38,4227,6,2025-11-06,False
REC009139,ENU0188,Telangana,16,Female,Graduate,Sales Executive,Employed,53,32829,4,2025-01-07,False
REC009140,ENU0198,Maharashtra,42,Male,Secondary,Driver,Employed,47,11325,4,2025-04-24,False
REC009141,ENU0222,Odisha,22,Female,Post Graduate,None,Unemployed,0,0,7,2025-09-28,False
REC009142,ENU0184,Assam,62,Male,Graduate,None,Not in Labour Force,0,0,4,2025-01-22,False
REC009143,ENU0156,Madhya Pradesh,29,Female,Primary,Construction Worker,Employed,50,9499013,2,2025-03-27,True
REC009144,ENU0232,Tamil Nadu,35,Male,Primary,Street Vendor,Employed,52,10017,1,2025-10-04,False
REC009145,ENU0025,Maharashtra,48,Male,Secondary,None,Not in Labour Force,0,0,3,2025-03-12,False
REC009146,ENU0143,Maharashtra,25,Female,Graduate,None,Unemployed,0,0,4,2025-02-08,False
REC009147,ENU0190,Telangana,51,Male,Post Graduate,Doctor,Employed,65,69053,10,2025-12-14,False
REC009148,ENU0118,West Bengal,18,Female,Secondary,None,Not in Labour Force,0,0,4,2025-02-13,False
REC009149,ENU0214,Gujarat,16,Female,Secondary,Shop Assistant,Employed,53,13675,4,2025-10-31,False
REC009150,ENU0149,Gujarat,52,Male,Primary,Domestic Help,Employed,29,3500,6,2025-04-05,False
REC009151,ENU0017,Andhra Pradesh,82,Female,Graduate,None,Not in Labour Force,3,0,1,2025-08-20,False
REC009152,ENU0004,Bihar,5,Male,Illiterate,None,Unemployed,0,0,4,2025-11-04,False
REC009153,ENU0149,Telangana,27,Male,Secondary,Street Vendor,Employed,47,8174,3,2025-01-09,False
REC009154,ENU0189,Madhya Pradesh,35,Male,Graduate,None,Unemployed,0,0,4,2025-01-16,False
REC009155,ENU0200,Kerala,45,Female,Graduate,Teacher,Employed,34,19730,7,2025-04-01,False
REC009156,ENU0041,West Bengal,33,Female,Higher Secondary,Technician,Employed,46,15521,2,2025-07-20,False
REC009157,ENU0051,Tamil Nadu,45,Female,Primary,Construction Worker,Employed,41,9060,4,2025-01-01,False
REC009158,ENU0200,Assam,28,Male,Graduate,None,Unemployed,0,0,4,2025-03-15,False
REC009159,ENU0050,Kerala,36,Male,Secondary,None,Not in Labour Force,0,0,3,2025-10-11,False
REC009160,ENU0236,Punjab,28,Female,Higher Secondary,Driver,Employed,53,12283,4,2025-12-03,False
REC009161,ENU0188,Rajasthan,40,Male,Primary,Agricultural Labourer,Employed,54,6895,3,2025-08-05,False
REC009162,ENU0142,Andhra Pradesh,9,Male,Primary,None,Not in Labour Force,0,0,2,2025-03-18,False
REC009163,ENU0033,Kerala,23,Male,Secondary,None,Unemployed,0,0,6,2025-11-02,False
REC009164,ENU0084,Telangana,81,Female,Post Graduate,None,Not in Labour Force,0,0,2,2025-12-03,False
REC009165,ENU0092,Tamil Nadu,8,Female,Primary,None,Not in Labour Force,0,0,1,2025-01-04,False
REC009166,ENU0196,Maharashtra,33,Male,Primary,Factory Worker,Employed,52,17815,2,2025-09-16,False
REC009167,ENU0231,Gujarat,55,Male,Secondary,Factory Worker,Employed,52,12937,5,2025-09-23,False
REC009168,ENU0010,Andhra Pradesh,75,Female,Higher Secondary,None,Not in Labour Force,0,0,3,2025-09-07,False
REC009169,ENU0004,Tamil Nadu,32,Female,Illiterate,None,Not in Labour Force,5,0,4,2025-01-14,False
REC009170,ENU0076,Punjab,7,Male,Primary,None,Not in Labour Force,0,0,3,2025-08-31,False
REC009171,ENU0233,Gujarat,33,Male,Primary,None,Not in Labour Force,0,0,3,2025-12-31,False
REC009172,ENU0112,West Bengal,38,Female,Higher Secondary,Driver,Employed,52,16253,5,2025-11-29,False
REC009173,ENU0209,Punjab,67,Female,Higher Secondary,None,Not in Labour Force,0,0,4,2025-05-12,False
REC009174,ENU0176,Bihar,38,Male,Illiterate,Agricultural Labourer,Unemployed,0,0,3,2025-02-10,False
REC009175,ENU0104,Rajasthan,43,Female,Graduate,Bank Employee,Employed,50,55819,5,2025-05-08,False
REC009176,ENU0088,Gujarat,24,Female,Post Graduate,Engineer,Employed,52,70118,1,2025-10-10,False
REC009177,ENU0208,Rajasthan,26,Female,Primary,None,Not in Labour Force,0,0,5,2025-07-28,False
REC009178,ENU0176,Madhya Pradesh,31,Male,Illiterate,Street Vendor,Employed,67,14540,3,2025-01-28,False
REC009179,ENU0225,Gujarat,69,Male,Higher Secondary,None,Not in Labour Force,0,0,1,2025-05-15,False
REC009180,ENU0168,Madhya Pradesh,34,Male,Primary,Agricultural Labourer,Employed,45,6654,4,2025-06-14,False
REC009181,ENU0118,Gujarat,33,Male,Higher Secondary,Technician,Employed,19,7984,1,2025-09-13,False
REC009182,ENU0146,Andhra Pradesh,17,Male,Higher Secondary,Driver,Employed,43,10387,6,2025-02-04,False
REC009183,ENU0158,West Bengal,39,Male,Secondary,Shop Assistant,Employed,50,14927,4,2025-12-16,False
REC009184,ENU0074,Punjab,16,Male,Secondary,None,Not in Labour Force,0,0,7,2025-08-26,False
REC009185,ENU0129,Punjab,44,Male,Graduate,Sales Executive,Employed,69,36137,3,2025-08-07,False
REC009186,ENU0040,Bihar,19,Male,Secondary,None,Not in Labour Force,0,0,2,2025-04-08,False
REC009187,ENU0031,Karnataka,29,Male,Primary,Factory Worker,Employed,59,16039,5,2025-12-01,False
REC009188,ENU0006,Telangana,80,Male,Secondary,None,Not in Labour Force,0,0,6,2025-10-28,False
REC009189,ENU0194,Odisha,22,Female,Post Graduate,Doctor,Employed,53,86456,6,2025-02-19,False
REC009190,ENU0240,Assam,25,Male,Secondary,None,Not in Labour Force,7,0,9,2025-05-21,False
REC009191,ENU0026,Punjab,85,Male,Illiterate,None,Not in Labour Force,0,0,1,2025-06-16,False
REC009192,ENU0022,Odisha,47,Male,Higher Secondary,Technician,Employed,21,7680,9,2025-09-28,False
REC009193,ENU0087,West Bengal,17,Male,Higher Secondary,None,Unemployed,0,0,1,2025-03-03,False
REC009194,ENU0178,Bihar,34,Female,Graduate,Bank Employee,Employed,42,17813,6,2025-08-11,False
REC009195,ENU0200,Gujarat,41,Male,Illiterate,Construction Worker,Employed,17,3161,7,2025-07-24,False
REC009196,ENU0121,Telangana,36,Female,Graduate,None,Not in Labour Force,0,0,5,2025-05-15,False
REC009197,ENU0078,Tamil Nadu,44,Male,Secondary,Street Vendor,Employed,48,7363,6,2025-01-07,False
REC009198,ENU0125,Karnataka,34,Female,Secondary,None,Not in Labour Force,3,0,4,2025-04-23,False
REC009199,ENU0091,Maharashtra,32,Female,Higher Secondary,Shop Assistant,Employed,43,9931,6,2025-09-29,False
REC009200,ENU0147,Kerala,36,Male,Higher Secondary,None,Unemployed,0,0,7,2025-10-18,False
REC009201,ENU0165,Kerala,25,Male,Higher Secondary,Technician,Employed,33,7325,9,2025-03-15,False
REC009202,ENU0245,Maharashtra,28,Male,Higher Secondary,None,Not in Labour Force,0,0,5,2025-03-30,False
REC009203,ENU0078,West Bengal,20,Male,Primary,Street Vendor,Employed,37,9386,2,2025-04-19,False
REC009204,ENU0104,Telangana,38,Male,Higher Secondary,Shop Assistant,Employed,30,7892,2,2025-04-04,False
REC009205,ENU0223,Karnataka,66,Male,Illiterate,None,Not in Labour Force,0,0,7,2025-03-13,False
REC009206,ENU0044,Tamil Nadu,9,Male,Primary,None,Not in Labour Force,0,0,2,2025-05-24,False
REC009207,ENU0092,Maharashtra,63,Male,Higher Secondary,None,Not in Labour Force,6,0,5,2025-07-15,False
REC009208,ENU0244,Karnataka,31,Male,Graduate,Sales Executive,Employed,44,20293,6,2025-02-01,False
REC009209,ENU0197,Karnataka,69,Female,Primary,None,Not in Labour Force,0,0,2,2025-12-17,False
REC009210,ENU0129,Kerala,32,Female,Illiterate,Domestic Help,Employed,36,5541,8,2025-03-27,False
REC009211,ENU0165,Assam,34,Male,Secondary,None,Not in Labour Force,0,0,3,2025-11-05,False
REC009212,ENU0242,Odisha,22,Female,Graduate,None,Unemployed,0,0,3,2025-04-01,False
REC009213,ENU0147,West Bengal,51,Male,Primary,Agricultural Labourer,Employed,50,9133,3,2025-10-07,False
REC009214,ENU0153,West Bengal,7,Female,Primary,None,Not in Labour Force,0,0,4,2025-04-03,False
REC009215,ENU0082,Karnataka,25,Female,Higher Secondary,None,Unemployed,0,0,3,2025-06-06,False
REC009216,ENU0099,Andhra Pradesh,33,Male,Higher Secondary,Driver,Employed,30,8508,3,2025-09-19,False
REC009217,ENU0193,Bihar,80,Male,Primary,None,Not in Labour Force,0,0,4,2025-10-25,False
REC009218,ENU0135,Odisha,19,Female,Graduate,Bank Employee,Employed,33,36443,3,2025-09-04,False
REC009219,ENU0231,Gujarat,39,Female,Illiterate,Agricultural Labourer,Employed,49,7030,5,2025-10-06,False
REC009220,ENU0071,Kerala,31,Female,Primary,None,Unemployed,0,0,1,2025-02-01,False
REC009221,ENU0079,Bihar,32,Female,Secondary,Carpenter,Unemployed,0,0,6,2025-07-31,False
REC009222,ENU0039,Uttar Pradesh,34,Male,Secondary,Shop Assistant,Employed,35,7349,4,2025-04-08,False
REC009223,ENU0115,Andhra Pradesh,39,Male,Secondary,Driver,Employed,25,6155,2,2025-05-11,False
REC009224,ENU0002,Rajasthan,11,Male,Primary,None,Not in Labour Force,0,0,3,2025-02-19,False
REC009225,ENU0087,Gujarat,22,Female,Secondary,Carpenter,Employed,53,13496,8,2025-06-09,False
REC009226,ENU0162,Andhra Pradesh,41,Male,Higher Secondary,Technician,Employed,56,14055,6,2025-02-12,False
REC009227,ENU0020,Tamil Nadu,36,Male,Post Graduate,IT Professional,Employed,46,47114,5,2025-07-17,False
REC009228,ENU0009,Tamil Nadu,65,Male,Secondary,Street Vendor,Employed,58,10094,3,2025-04-01,False
REC009229,ENU0055,Tamil Nadu,34,Female,Secondary,Driver,Employed,19,5256,3,2025-09-02,False
REC009230,ENU0248,Andhra Pradesh,21,Male,Graduate,None,Unemployed,0,0,8,2025-02-09,False
REC009231,ENU0056,Kerala,50,Female,Post Graduate,Doctor,Employed,27,50150,7,2025-07-29,False
REC009232,ENU0238,Odisha,42,Male,Secondary,Street Vendor,Employed,41,6215,1,2025-01-03,False
REC009233,ENU0179,Punjab,53,Female,Illiterate,None,Not in Labour Force,6,0,3,2025-08-25,False
REC009234,ENU0230,West Bengal,47,Male,Primary,None,Not in Labour Force,0,0,4,2025-06-22,False
REC009235,ENU0194,Madhya Pradesh,39,Male,Illiterate,Agricultural Labourer,Employed,57,8697,1,2025-03-31,False
REC009236,ENU0108,West Bengal,10,Male,Primary,None,Not in Labour Force,0,0,3,2025-11-05,False
REC009237,ENU0032,Bihar,47,Female,Higher Secondary,Carpenter,Unemployed,0,0,4,2025-02-23,False
REC009238,ENU0245,Uttar Pradesh,36,Female,Primary,None,Not in Labour Force,0,0,4,2025-05-09,False
REC009239,ENU0212,Andhra Pradesh,34,Female,Graduate,Bank Employee,Employed,47,60372,1,2025-06-27,False
REC009240,ENU0016,Bihar,35,Male,Secondary,None,Unemployed,0,0,4,2025-05-30,False
REC009241,ENU0131,Maharashtra,53,Male,Secondary,Carpenter,Employed,66,20161,3,2025-12-02,False
REC009242,ENU0091,Andhra Pradesh,36,Male,Illiterate,None,Unemployed,0,0,3,2025-09-05,False
REC009243,ENU0199,Bihar,46,Male,Primary,Domestic Help,Employed,32,2564,6,2025-09-28,False
REC009244,ENU0036,Andhra Pradesh,42,Male,Higher Secondary,Technician,Employed,51,14110,2,2025-10-08,False
REC009245,ENU0114,Uttar Pradesh,33,Female,Primary,Factory Worker,Employed,45,10891,2,2025-09-06,False
REC009246,ENU0123,Punjab,12,Female,Primary,None,Not in Labour Force,0,0,5,2025-12-20,False
REC009247,ENU0133,Madhya Pradesh,55,Male,Post Graduate,IT Professional,Employed,65,81008,6,2025-02-24,False
REC009248,ENU0099,Tamil Nadu,55,Female,Graduate,Clerk,Employed,55,25565,5,2025-12-19,False
REC009249,ENU0039,Rajasthan,24,Male,Secondary,None,Unemployed,0,0,6,2025-03-17,False
REC009250,ENU0145,Maharashtra,32,Male,Graduate,Teacher,Employed,36,22205,4,2025-08-14,False
REC009251,ENU0164,Tamil Nadu,14,Female,Primary,None,Not in Labour Force,0,0,6,2025-01-03,False
REC009252,ENU0132,Gujarat,26,Female,Graduate,Teacher,Employed,38,15867,6,2025-12-06,False
REC009253,ENU0224,Uttar Pradesh,38,Male,Higher Secondary,Carpenter,Employed,51,13306,3,2025-01-03,False
REC009254,ENU0150,Bihar,28,Female,Post Graduate,None,Unemployed,0,0,4,2025-03-26,False
REC009255,ENU0085,Assam,41,Female,Graduate,Sales Executive,Employed,55,22401,4,2025-08-17,False
REC009256,ENU0098,Madhya Pradesh,35,Male,Secondary,None,Unemployed,0,0,4,2025-02-01,False
REC009257,ENU0100,Rajasthan,50,Female,Higher Secondary,Technician,Employed,37,12474,3,2025-01-04,False
REC009258,ENU0247,Punjab,36,Female,Illiterate,Construction Worker,Employed,56,10250,8,2025-07-08,False
REC009259,ENU0234,Kerala,28,Female,Graduate,None,Unemployed,0,0,3,2025-02-06,False
REC009260,ENU0096,Punjab,26,Female,Primary,Street Vendor,Employed,37,6844,2,2025-08-15,False
REC009261,ENU0246,Gujarat,46,Female,Secondary,Carpenter,Employed,35,7031,5,2025-12-11,False
REC009262,ENU0032,Andhra Pradesh,40,Female,Illiterate,None,Not in Labour Force,0,0,1,2025-09-11,False
REC009263,ENU0227,West Bengal,39,Female,Illiterate,Street Vendor,Employed,56,7491,2,2025-01-18,False
REC009264,ENU0193,Assam,25,Female,Higher Secondary,Clerk,Employed,40,14593,7,2025-04-07,False
REC009265,ENU0198,Uttar Pradesh,17,Male,Graduate,None,Not in Labour Force,0,0,2,2025-07-08,False
REC009266,ENU0060,Assam,36,Female,Secondary,Shop Assistant,Employed,43,5875,5,2025-07-14,False
REC009267,ENU0209,Uttar Pradesh,69,Male,Post Graduate,None,Not in Labour Force,0,0,4,2025-11-19,False
REC009268,ENU0237,Punjab,40,Male,Graduate,Bank Employee,Employed,44,44818,2,2025-06-19,False
REC009269,ENU0206,Rajasthan,17,Male,Primary,None,Not in Labour Force,0,0,2,2025-04-09,False
REC009270,ENU0166,Tamil Nadu,18,Female,Higher Secondary,Shop Assistant,Employed,42,10618,7,2025-11-30,False
REC009271,ENU0090,Telangana,65,Male,Primary,Factory Worker,Employed,62,14332,3,2025-06-29,False
REC009272,ENU0203,Odisha,28,Female,Secondary,Carpenter,Employed,38,11384,5,2025-11-30,False
REC009273,ENU0039,Andhra Pradesh,43,Female,Graduate,Bank Employee,Employed,46,22152,3,2025-05-05,False
REC009274,ENU0211,Telangana,21,Female,Higher Secondary,None,Not in Labour Force,3,0,4,2025-10-04,False
REC009275,ENU0033,Bihar,11,Female,Primary,None,Not in Labour Force,0,0,3,2025-01-18,False
REC009276,ENU0022,Kerala,45,Male,Higher Secondary,Shop Assistant,Employed,63,16372,1,2025-06-23,False
REC009277,ENU0049,Telangana,44,Male,Graduate,IT Professional,Employed,43,50999,5,2025-10-05,False
REC009278,ENU0167,Punjab,29,Female,Primary,Factory Worker,Employed,43,14183,4,2025-08-15,False
REC009279,ENU0127,Andhra Pradesh,57,Female,Primary,Street Vendor,Employed,52,10656,11,2025-08-31,False
REC009280,ENU0064,Punjab,45,Male,Primary,Street Vendor,Employed,40,5764,6,2025-02-09,False
REC009281,ENU0143,Punjab,41,Female,Secondary,Street Vendor,Employed,39,8500,9,2025-11-10,False
REC009282,ENU0127,Rajasthan,33,Male,Secondary,Factory Worker,Employed,55,14343,4,2025-03-29,False
REC009283,ENU0081,Assam,45,Male,Higher Secondary,Shop Assistant,Employed,0,181408,5,2025-12-02,True
REC009284,ENU0065,Tamil Nadu,16,Female,Higher Secondary,None,Unemployed,0,0,3,2025-07-28,False
REC009285,ENU0203,Telangana,65,Male,Primary,None,Not in Labour Force,0,0,7,2025-03-16,False
REC009286,ENU0192,Telangana,47,Female,Post Graduate,None,Not in Labour Force,9,0,6,2025-08-18,False
REC009287,ENU0191,Gujarat,28,Female,Secondary,None,Unemployed,0,0,4,2025-02-23,False
REC009288,ENU0170,Kerala,7,Male,Primary,None,Not in Labour Force,0,0,1,2025-03-14,False
REC009289,ENU0080,Gujarat,24,Male,Illiterate,Agricultural Labourer,Employed,34,4712,1,2025-08-22,False
REC009290,ENU0046,Maharashtra,53,Female,Secondary,None,Not in Labour Force,0,0,3,2025-08-26,False
REC009291,ENU0217,Uttar Pradesh,30,Female,Primary,None,Not in Labour Force,0,0,3,2025-12-12,False
REC009292,ENU0118,Uttar Pradesh,27,Female,Secondary,Carpenter,Employed,36,8419,5,2025-08-04,False
REC009293,ENU0188,Odisha,37,Male,Secondary,None,Unemployed,0,0,6,2025-03-23,False
REC009294,ENU0108,Gujarat,38,Male,Illiterate,Street Vendor,Employed,19,2820,5,2025-03-03,False
REC009295,ENU0025,Kerala,54,Female,Illiterate,None,Not in Labour Force,0,0,3,2025-09-18,False
REC009296,ENU0010,Madhya Pradesh,50,Male,Secondary,Street Vendor,Employed,52,10225,1,2025-05-17,False
REC009297,ENU0073,Uttar Pradesh,17,Female,Primary,None,Unemployed,0,0,6,2025-08-28,False
REC009298,ENU0040,Maharashtra,46,Male,Secondary,Driver,Employed,48,15448,5,2025-03-31,False
REC009299,ENU0107,Bihar,50,Female,Primary,None,Not in Labour Force,0,0,4,2025-05-20,False
REC009300,ENU0153,Madhya Pradesh,40,Male,Secondary,None,Unemployed,0,0,1,2025-06-18,False
REC009301,ENU0227,Madhya Pradesh,47,Female,Higher Secondary,Carpenter,Employed,62,12906,4,2025-06-19,False
REC009302,ENU0164,West Bengal,4,Male,Secondary,Government Officer,Employed,52,0,3,2025-02-18,True
REC009303,ENU0062,Madhya Pradesh,65,Male,Secondary,Driver,Employed,48,11811,4,2025-09-22,False
REC009304,ENU0114,Maharashtra,47,Male,Higher Secondary,Carpenter,Employed,69,17441,1,2025-01-02,False
REC009305,ENU0014,Punjab,26,Male,Primary,Domestic Help,Employed,29,3671,5,2025-06-14,False
REC009306,ENU0155,Maharashtra,18,Female,Secondary,None,Not in Labour Force,0,0,5,2025-05-10,False
REC009307,ENU0076,Maharashtra,26,Female,Secondary,None,Unemployed,0,0,4,2025-04-24,False
REC009308,ENU0095,Karnataka,30,Female,Post Graduate,None,Not in Labour Force,0,0,1,2025-05-09,False
REC009309,ENU0228,Madhya Pradesh,64,Male,Post Graduate,None,Not in Labour Force,0,0,5,2025-07-10,False
REC009310,ENU0104,Rajasthan,39,Female,Primary,Factory Worker,Employed,38,7394,3,2025-04-25,False
REC009311,ENU0090,Bihar,24,Female,Higher Secondary,None,Unemployed,0,0,7,2025-07-26,False
REC009312,ENU0192,Assam,37,Female,Primary,Construction Worker,Employed,39,7917,5,2025-01-31,False
REC009313,ENU0032,Kerala,27,Female,Graduate,None,Unemployed,0,0,5,2025-07-13,False
REC009314,ENU0188,Andhra Pradesh,38,Male,Secondary,None,Unemployed,0,0,5,2025-06-17,False
REC009315,ENU0163,Assam,38,Female,Primary,None,Not in Labour Force,0,0,1,2025-08-19,False
REC009316,ENU0059,Gujarat,22,Female,Secondary,None,Unemployed,0,0,4,2025-08-10,False
REC009317,ENU0039,Gujarat,42,Female,Higher Secondary,Shop Assistant,Employed,29,7692,3,2025-12-25,False
REC009318,ENU0135,Maharashtra,25,Female,Secondary,Carpenter,Employed,57,15040,2,2025-12-07,False
REC009319,ENU0022,Tamil Nadu,33,Female,Graduate,Bank Employee,Employed,21,17275,3,2025-08-17,False
REC009320,ENU0006,Punjab,65,Male,Secondary,None,Not in Labour Force,0,0,3,2025-04-17,False
REC009321,ENU0243,Uttar Pradesh,15,Female,Graduate,None,Not in Labour Force,0,0,3,2025-05-07,False
REC009322,ENU0102,Maharashtra,11,Male,Primary,None,Not in Labour Force,0,0,5,2025-05-22,False
REC009323,ENU0113,Assam,41,Male,Secondary,Carpenter,Employed,62,19433,4,2025-03-11,False
REC009324,ENU0061,Telangana,49,Male,Secondary,None,Not in Labour Force,0,0,4,2025-08-08,False
REC009325,ENU0178,Punjab,48,Male,Graduate,Clerk,Employed,70,19092,3,2025-04-03,False
REC009326,ENU0250,Gujarat,28,Female,Higher Secondary,Technician,Employed,32,11765,2,2025-02-17,False
REC009327,ENU0225,Uttar Pradesh,48,Male,Graduate,Bank Employee,Employed,32,26892,7,2025-04-21,False
REC009328,ENU0072,Andhra Pradesh,27,Male,Secondary,None,Not in Labour Force,0,0,6,2025-02-12,False
REC009329,ENU0212,Punjab,39,Male,Post Graduate,Teacher,Employed,60,21536,9,2025-06-10,False
REC009330,ENU0119,Odisha,45,Male,Secondary,Factory Worker,Employed,30,8150,5,2025-12-09,False
REC009331,ENU0014,Andhra Pradesh,71,Female,Higher Secondary,None,Not in Labour Force,4,0,7,2025-08-25,False
REC009332,ENU0023,Telangana,29,Female,Higher Secondary,None,Not in Labour Force,0,0,4,2025-02-02,False
REC009333,ENU0212,Gujarat,48,Male,Secondary,Driver,Employed,24,6266,1,2025-06-26,False
REC009334,ENU0120,Maharashtra,39,Male,Higher Secondary,Clerk,Employed,26,9347,7,2025-09-06,False
REC009335,ENU0120,Karnataka,38,Male,Secondary,Carpenter,Employed,46,19684,4,2025-09-07,False
REC009336,ENU0221,Madhya Pradesh,46,Male,Secondary,None,Not in Labour Force,0,0,2,2025-11-21,False
REC009337,ENU0208,Telangana,44,Male,Secondary,Street Vendor,Employed,47,9109,4,2025-08-01,False
REC009338,ENU0144,Madhya Pradesh,42,Female,Post Graduate,Doctor,Employed,35,69131,4,2025-12-11,False
REC009339,ENU0093,Assam,48,Female,Post Graduate,Doctor,Employed,65,127284,4,2025-02-15,False
REC009340,ENU0055,Telangana,37,Male,Secondary,Carpenter,Employed,43,13188,6,2025-07-14,False
REC009341,ENU0089,Tamil Nadu,66,Female,Primary,None,Not in Labour Force,0,0,2,2025-10-31,False
REC009342,ENU0241,West Bengal,49,Male,Secondary,Factory Worker,Employed,28,9690,4,2025-11-02,False
REC009343,ENU0043,Punjab,33,Male,Primary,Domestic Help,Employed,29,2847,3,2025-12-06,False
REC009344,ENU0187,Bihar,50,Female,Primary,Construction Worker,Unemployed,0,0,5,2025-03-21,False
REC009345,ENU0189,Bihar,19,Male,Higher Secondary,None,Not in Labour Force,3,0,5,2025-11-22,False
REC009346,ENU0065,Tamil Nadu,41,Male,Secondary,Driver,Employed,42,15336,1,2025-09-02,False
REC009347,ENU0074,Tamil Nadu,37,Female,Secondary,Carpenter,Employed,49,16404,5,2025-02-11,False
REC009348,ENU0023,Maharashtra,33,Female,Secondary,None,Not in Labour Force,9,0,4,2025-06-06,False
REC009349,ENU0025,Rajasthan,23,Female,Secondary,None,Not in Labour Force,0,0,5,2025-08-26,False
REC009350,ENU0130,Maharashtra,38,Male,Illiterate,Construction Worker,Employed,40,9235,6,2025-08-16,False
REC009351,ENU0248,Madhya Pradesh,88,Male,Higher Secondary,None,Not in Labour Force,0,0,5,2025-05-20,False
REC009352,ENU0195,Tamil Nadu,25,Male,Secondary,None,Not in Labour Force,2,0,5,2025-01-03,False
REC009353,ENU0193,West Bengal,35,Male,Post Graduate,Teacher,Employed,51,30094,5,2025-09-09,False
REC009354,ENU0081,Gujarat,34,Female,Primary,Agricultural Labourer,Employed,45,7492,6,2025-04-20,False
REC009355,ENU0116,Maharashtra,17,Female,Graduate,Bank Employee,Employed,44,44204,5,2025-07-24,False
REC009356,ENU0213,Assam,29,Male,Primary,None,Not in Labour Force,0,0,1,2025-11-29,False
REC009357,ENU0144,Karnataka,42,Female,Higher Secondary,Clerk,Employed,44,12796,5,2025-04-28,False
REC009358,ENU0100,Odisha,9,Male,Primary,None,Not in Labour Force,0,0,4,2025-05-29,False
REC009359,ENU0096,Rajasthan,65,Male,Primary,None,Not in Labour Force,0,0,6,2025-07-24,False
REC009360,ENU0071,Tamil Nadu,61,Female,Primary,None,Not in Labour Force,0,0,5,2025-12-23,False
REC009361,ENU0146,Odisha,50,Female,Secondary,Street Vendor,Employed,28,5371,3,2025-11-24,False
REC009362,ENU0216,Odisha,24,Male,Illiterate,Street Vendor,Employed,51,9721,6,2025-11-29,False
REC009363,ENU0068,West Bengal,31,Female,Primary,Construction Worker,Employed,34,8601,4,2025-10-13,False
REC009364,ENU0155,Karnataka,31,Female,Graduate,Sales Executive,Employed,55,42331,6,2025-01-28,False
REC009365,ENU0027,Maharashtra,47,Male,Secondary,Carpenter,Employed,48,13659,3,2025-10-17,False
REC009366,ENU0131,Rajasthan,41,Male,Graduate,Bank Employee,Employed,58,56078,4,2025-12-30,False
REC009367,ENU0090,Tamil Nadu,23,Male,Secondary,None,Unemployed,0,0,7,2025-04-06,False
REC009368,ENU0111,Punjab,23,Female,Primary,Agricultural Labourer,Employed,37,3399,6,2025-09-12,False
REC009369,ENU0051,Odisha,46,Female,Illiterate,Domestic Help,Employed,40,4763,6,2025-09-02,False
REC009370,ENU0135,Gujarat,16,Female,Secondary,Factory Worker,Employed,48,15099,2,2025-08-08,False
REC009371,ENU0153,Maharashtra,17,Female,Secondary,Street Vendor,Employed,48,6232,5,2025-11-26,False
REC009372,ENU0120,Maharashtra,31,Male,Higher Secondary,Clerk,Employed,37,17364,5,2025-06-07,False
REC009373,ENU0063,Andhra Pradesh,32,Male,Primary,Construction Worker,Employed,63,13777,6,2025-03-20,False
REC009374,ENU0159,Andhra Pradesh,9,Female,Primary,None,Not in Labour Force,0,0,1,2025-10-26,False
REC009375,ENU0027,Maharashtra,26,Female,Graduate,None,Not in Labour Force,0,0,3,2025-02-02,False
REC009376,ENU0042,Gujarat,20,Female,Secondary,Shop Assistant,Employed,43,10795,5,2025-08-15,False
REC009377,ENU0233,Assam,39,Female,Primary,Street Vendor,Employed,47,8187,1,2025-08-23,False
REC009378,ENU0203,Karnataka,42,Male,Secondary,Shop Assistant,Employed,42,11112,3,2025-03-13,False
REC009379,ENU0079,Maharashtra,25,Female,Primary,Factory Worker,Employed,39,8311,6,2025-03-15,False
REC009380,ENU0238,Assam,39,Male,Primary,Street Vendor,Employed,42,7902,8,2025-09-11,False
REC009381,ENU0077,Assam,60,Male,Illiterate,None,Not in Labour Force,0,0,4,2025-02-22,False
REC009382,ENU0208,Punjab,32,Female,Secondary,Street Vendor,Employed,37,4287,2,2025-07-23,False
REC009383,ENU0114,Gujarat,43,Female,Illiterate,Construction Worker,Employed,63,16799,2,2025-10-18,False
REC009384,ENU0123,Kerala,54,Male,Secondary,Shop Assistant,Employed,21,4006,7,2025-06-25,False
REC009385,ENU0099,Madhya Pradesh,43,Male,Graduate,Bank Employee,Employed,41,30101,6,2025-07-03,False
REC009386,ENU0214,Punjab,19,Female,Post Graduate,Teacher,Employed,49,25043,1,2025-03-05,False
REC009387,ENU0057,Karnataka,17,Female,Graduate,Clerk,Employed,35,15204,5,2025-03-09,False
REC009388,ENU0039,Tamil Nadu,13,Male,Primary,None,Not in Labour Force,0,0,4,2025-05-03,False
REC009389,ENU0131,Telangana,54,Female,Graduate,IT Professional,Employed,37,48626,2,2025-03-05,False
REC009390,ENU0038,Maharashtra,31,Female,Higher Secondary,Carpenter,Employed,43,11809,6,2025-12-08,False
REC009391,ENU0213,Assam,50,Female,Secondary,Shop Assistant,Employed,51,7464,4,2025-06-19,False
REC009392,ENU0027,Telangana,44,Male,Higher Secondary,Driver,Employed,65,14065,4,2025-10-21,False
REC009393,ENU0229,Punjab,34,Male,Higher Secondary,None,Unemployed,0,0,5,2025-06-12,False
REC009394,ENU0124,Maharashtra,29,Male,Primary,Domestic Help,Employed,44,5381,2,2025-10-28,False
REC009395,ENU0081,Punjab,39,Female,Illiterate,Street Vendor,Employed,51,7673,4,2025-07-10,False
REC009396,ENU0210,Punjab,43,Female,Higher Secondary,Driver,Employed,69,18092,3,2025-08-08,False
REC009397,ENU0230,Bihar,37,Male,Graduate,Teacher,Employed,34,6391,2,2025-10-17,False
REC009398,ENU0030,Telangana,44,Male,Higher Secondary,Carpenter,Employed,31,6243,4,2025-04-15,False
REC009399,ENU0134,Odisha,31,Female,Secondary,Shop Assistant,Employed,41,12830,7,2025-06-03,False
REC009400,ENU0107,Assam,49,Male,Secondary,None,Not in Labour Force,5,0,3,2025-06-06,False
REC009401,ENU0237,Rajasthan,36,Female,Higher Secondary,Driver,Employed,46,10298,3,2025-04-09,False
REC009402,ENU0170,Andhra Pradesh,27,Female,Secondary,None,Not in Labour Force,0,0,4,2025-01-26,False
REC009403,ENU0186,Punjab,50,Female,Higher Secondary,Carpenter,Employed,42,12301,4,2025-10-17,False
REC009404,ENU0180,Tamil Nadu,37,Male,Post Graduate,IT Professional,Employed,48,64351,6,2025-02-07,False
REC009405,ENU0043,Telangana,10,Female,Primary,None,Not in Labour Force,0,0,5,2025-02-27,False
REC009406,ENU0113,Telangana,35,Female,Primary,None,Not in Labour Force,6,0,2,2025-01-28,False
REC009407,ENU0077,Maharashtra,46,Male,Secondary,Shop Assistant,Employed,28,4385,2,2025-10-18,False
REC009408,ENU0005,Rajasthan,32,Male,Primary,Agricultural Labourer,Employed,41,5455,2,2025-04-03,False
REC009409,ENU0078,Odisha,80,Male,Primary,None,Not in Labour Force,7,0,4,2025-11-01,False
REC009410,ENU0196,Uttar Pradesh,12,Female,Primary,None,Not in Labour Force,0,0,4,2025-04-27,False
REC009411,ENU0044,Punjab,46,Male,Graduate,IT Professional,Employed,30,32034,2,2025-06-09,False
REC009412,ENU0115,Assam,32,Male,Graduate,IT Professional,Employed,56,88555,5,2025-01-17,False
REC009413,ENU0073,Maharashtra,31,Male,Higher Secondary,Clerk,Employed,37,17506,3,2025-10-18,False
REC009414,ENU0156,Punjab,24,Female,Secondary,Shop Assistant,Employed,28,7466,8,2025-11-22,False
REC009415,ENU0240,Kerala,35,Male,Secondary,None,Not in Labour Force,1,0,4,2025-10-26,False
REC009416,ENU0002,Bihar,37,Male,Secondary,Driver,Employed,58,8721,5,2025-09-14,False
REC009417,ENU0117,Telangana,43,Female,Secondary,Factory Worker,Employed,43,14018,3,2025-04-25,False
REC009418,ENU0099,Rajasthan,33,Female,Secondary,None,Not in Labour Force,9,0,5,2025-12-24,False
REC009419,ENU0021,Tamil Nadu,17,Female,Higher Secondary,None,Not in Labour Force,0,0,7,2025-02-15,False
REC009420,ENU0197,Tamil Nadu,37,Female,Primary,Agricultural Labourer,Employed,44,5370,1,2025-11-13,False
REC009421,ENU0062,Assam,9,Female,Primary,None,Not in Labour Force,0,0,5,2025-05-23,False
REC009422,ENU0081,Andhra Pradesh,41,Female,Higher Secondary,None,Unemployed,0,0,1,2025-03-09,False
REC009423,ENU0097,Punjab,40,Female,Secondary,Street Vendor,Employed,22,4428,2,2025-04-03,False
REC009424,ENU0015,Rajasthan,25,Male,Primary,Domestic Help,Employed,40,5444,3,2025-08-15,False
REC009425,ENU0165,Punjab,27,Male,Post Graduate,IT Professional,Employed,53,44869,2,2025-10-31,False
REC009426,ENU0168,Odisha,31,Female,Higher Secondary,Carpenter,Employed,60,4878,4,2025-05-17,False
REC009427,ENU0091,Uttar Pradesh,36,Male,Higher Secondary,Carpenter,Employed,51,14645,2,2025-06-10,False
REC009428,ENU0213,Assam,33,Female,Higher Secondary,Shop Assistant,Employed,54,11514,2,2025-05-16,False
REC009429,ENU0240,Andhra Pradesh,32,Female,Secondary,Carpenter,Employed,30,6157,4,2025-04-22,False
REC009430,ENU0028,Andhra Pradesh,39,Male,Higher Secondary,None,Not in Labour Force,0,0,2,2025-09-28,False
REC009431,ENU0129,Gujarat,53,Female,Secondary,Driver,Employed,61,17776,2,2025-10-04,False
REC009432,ENU0047,Telangana,52,Male,Graduate,Bank Employee,Employed,46,45931,2,2025-08-22,False
REC009433,ENU0190,Rajasthan,18,Male,Secondary,Driver,Employed,49,11158,1,2025-12-29,False
REC009434,ENU0084,Tamil Nadu,67,Female,Higher Secondary,None,Not in Labour Force,0,0,5,2025-11-09,False
REC009435,ENU0013,Madhya Pradesh,68,Male,Graduate,None,Not in Labour Force,3,0,3,2025-03-14,False
REC009436,ENU0123,Assam,36,Male,Primary,Street Vendor,Employed,60,10334,9,2025-12-22,False
REC009437,ENU0189,Punjab,33,Male,Graduate,None,Unemployed,0,0,4,2025-07-24,False
REC009438,ENU0110,Madhya Pradesh,25,Male,Secondary,Factory Worker,Employed,24,6588,1,2025-10-09,False
REC009439,ENU0014,Odisha,33,Male,Secondary,None,Not in Labour Force,1,0,3,2025-04-28,False
REC009440,ENU0234,Assam,16,Female,Illiterate,Domestic Help,Employed,35,6530,3,2025-08-14,False
REC009441,ENU0231,Punjab,65,Female,Graduate,None,Not in Labour Force,0,0,4,2025-08-21,False
REC009442,ENU0052,Odisha,22,Male,Secondary,None,Unemployed,0,0,3,2025-08-13,False
REC009443,ENU0106,Maharashtra,32,Other,Graduate,None,Not in Labour Force,6,0,6,2025-12-26,False
REC009444,ENU0183,Punjab,37,Male,Higher Secondary,None,Not in Labour Force,0,0,7,2025-09-06,False
REC009445,ENU0097,Kerala,31,Male,Secondary,Driver,Employed,51,14004,4,2025-04-19,False
REC009446,ENU0106,Tamil Nadu,27,Male,Primary,Domestic Help,Employed,34,4314,3,2025-07-04,False
REC009447,ENU0182,Kerala,46,Male,Higher Secondary,Technician,Employed,0,101591,7,2025-02-18,True
REC009448,ENU0194,Andhra Pradesh,27,Male,Graduate,Teacher,Employed,61,33165,5,2025-03-28,False
REC009449,ENU0225,Kerala,75,Female,Graduate,None,Not in Labour Force,6,0,3,2025-01-25,False
REC009450,ENU0112,Maharashtra,11,Female,Primary,None,Not in Labour Force,0,0,2,2025-09-10,False
REC009451,ENU0156,Punjab,20,Female,Secondary,None,Not in Labour Force,0,0,5,2025-01-07,False
REC009452,ENU0153,Odisha,49,Female,Post Graduate,Government Officer,Employed,48,51388,3,2025-12-18,False
REC009453,ENU0095,Gujarat,28,Female,Secondary,Driver,Employed,44,11529,3,2025-08-28,False
REC009454,ENU0043,Odisha,47,Male,Secondary,Street Vendor,Employed,56,4598,7,2025-05-17,False
REC009455,ENU0103,West Bengal,49,Male,Primary,Street Vendor,Employed,48,10758,4,2025-02-24,False
REC009456,ENU0066,Odisha,38,Female,Primary,Construction Worker,Employed,12,1989,4,2025-01-28,False
REC009457,ENU0001,Madhya Pradesh,24,Female,Higher Secondary,None,Unemployed,0,0,11,2025-05-24,False
REC009458,ENU0087,Madhya Pradesh,15,Male,Graduate,None,Not in Labour Force,0,0,4,2025-04-27,False
REC009459,ENU0126,Gujarat,47,Female,Illiterate,Domestic Help,Employed,56,8060,6,2025-08-07,False
REC009460,ENU0187,Madhya Pradesh,5,Male,Illiterate,None,Not in Labour Force,4,0,5,2025-03-11,False
REC009461,ENU0063,Tamil Nadu,21,Female,Secondary,None,Not in Labour Force,0,0,4,2025-12-26,False
REC009462,ENU0091,Maharashtra,14,Male,Primary,None,Not in Labour Force,0,0,3,2025-04-25,False
REC009463,ENU0152,Punjab,21,Female,Primary,Domestic Help,Employed,37,5917,3,2025-02-05,False
REC009464,ENU0173,Telangana,42,Female,Higher Secondary,None,Not in Labour Force,0,0,1,2025-03-13,False
REC009465,ENU0169,Odisha,27,Male,Secondary,None,Unemployed,0,0,3,2025-11-05,False
REC009466,ENU0110,Bihar,46,Male,Primary,Street Vendor,Employed,32,1996,10,2025-08-13,False
REC009467,ENU0244,Odisha,57,Male,Primary,Agricultural Labourer,Employed,54,10880,6,2025-10-11,False
REC009468,ENU0167,Gujarat,27,Female,Secondary,Driver,Employed,55,13303,2,2025-12-29,False
REC009469,ENU0151,Maharashtra,49,Female,Primary,Domestic Help,Employed,57,7233,6,2025-06-28,False
REC009470,ENU0091,Gujarat,30,Female,Higher Secondary,Carpenter,Employed,31,7942,6,2025-09-11,False
REC009471,ENU0165,Kerala,25,Male,Secondary,Street Vendor,Employed,50,9125,2,2025-06-06,False
REC009472,ENU0104,Kerala,49,Male,Graduate,Teacher,Employed,47,27147,4,2025-02-17,False
REC009473,ENU0032,Odisha,29,Female,Illiterate,Domestic Help,Employed,42,6761,4,2025-09-29,False
REC009474,ENU0233,Gujarat,30,Male,Post Graduate,Engineer,Employed,57,94466,7,2025-12-26,False
REC009475,ENU0182,Tamil Nadu,65,Male,Secondary,Factory Worker,Employed,41,10110,7,2025-05-26,False
REC009476,ENU0070,Karnataka,25,Female,Graduate,None,Not in Labour Force,0,0,5,2025-05-29,False
REC009477,ENU0233,Tamil Nadu,23,Female,Primary,Factory Worker,Employed,53,13596,5,2025-12-18,False
REC009478,ENU0019,Andhra Pradesh,32,Female,Graduate,None,Not in Labour Force,3,0,3,2025-05-25,False
REC009479,ENU0219,Odisha,41,Male,Illiterate,Agricultural Labourer,Employed,40,5179,5,2025-11-25,False
REC009480,ENU0206,Andhra Pradesh,54,Male,Higher Secondary,Shop Assistant,Employed,49,5889,4,2025-07-19,False
REC009481,ENU0061,Gujarat,35,Male,Secondary,Street Vendor,Employed,35,6115,8,2025-08-13,False
REC009482,ENU0172,Kerala,22,Male,Primary,None,Unemployed,0,0,5,2025-03-02,False
REC009483,ENU0071,Telangana,33,Female,Secondary,Carpenter,Employed,60,18750,2,2025-04-27,False
REC009484,ENU0008,Andhra Pradesh,12,Female,Primary,None,Not in Labour Force,0,0,8,2025-09-19,False
REC009485,ENU0197,Andhra Pradesh,36,Female,Secondary,Shop Assistant,Employed,18,3969,1,2025-10-29,False
REC009486,ENU0026,Tamil Nadu,57,Female,Higher Secondary,None,Not in Labour Force,0,0,5,2025-05-16,False
REC009487,ENU0190,Madhya Pradesh,33,Female,Graduate,Bank Employee,Employed,40,27023,6,2025-09-09,False
REC009488,ENU0103,Tamil Nadu,33,Male,Higher Secondary,Shop Assistant,Employed,60,11905,6,2025-08-13,False
REC009489,ENU0239,West Bengal,30,Male,Primary,None,Unemployed,0,0,5,2025-10-01,False
REC009490,ENU0220,Rajasthan,15,Female,Secondary,None,Not in Labour Force,0,0,6,2025-12-21,False
REC009491,ENU0074,Andhra Pradesh,68,Male,Primary,None,Not in Labour Force,0,0,4,2025-10-11,False
REC009492,ENU0068,Bihar,26,Male,Higher Secondary,Clerk,Employed,47,5830,6,2025-07-17,False
REC009493,ENU0176,Maharashtra,73,Female,Primary,None,Not in Labour Force,0,0,3,2025-11-21,False
REC009494,ENU0025,Tamil Nadu,50,Female,Secondary,None,Not in Labour Force,2,0,6,2025-05-19,False
REC009495,ENU0120,Maharashtra,37,Male,Post Graduate,Government Officer,Employed,32,28606,4,2025-10-09,False
REC009496,ENU0122,Gujarat,23,Female,Secondary,Street Vendor,Employed,35,5879,2,2025-06-13,False
REC009497,ENU0061,Bihar,41,Male,Graduate,Teacher,Unemployed,0,0,2,2025-11-15,False
REC009498,ENU0033,Rajasthan,27,Male,Higher Secondary,Carpenter,Employed,51,15236,5,2025-10-03,False
REC009499,ENU0190,Tamil Nadu,21,Female,Illiterate,Street Vendor,Employed,53,10318,3,2025-11-09,False
REC009500,ENU0185,Maharashtra,16,Female,Primary,Factory Worker,Employed,35,11039,3,2025-03-28,False
REC009501,ENU0219,Uttar Pradesh,5,Male,Illiterate,None,Not in Labour Force,0,0,4,2025-05-31,False
REC009502,ENU0144,Odisha,47,Male,Illiterate,Construction Worker,Employed,38,5098,2,2025-03-21,False
REC009503,ENU0009,Odisha,13,Male,Primary,None,Not in Labour Force,0,0,4,2025-06-28,False
REC009504,ENU0026,Kerala,43,Male,Post Graduate,Bank Employee,Employed,43,35585,6,2025-10-19,False
REC009505,ENU0093,Bihar,37,Female,Secondary,Shop Assistant,Employed,37,3180,4,2025-05-09,False
REC009506,ENU0007,Odisha,71,Male,Illiterate,None,Not in Labour Force,0,0,2,2025-01-16,False
REC009507,ENU0172,Karnataka,38,Male,Secondary,None,Unemployed,0,0,6,2025-05-17,False
REC009508,ENU0013,Maharashtra,44,Female,Primary,None,Not in Labour Force,0,0,4,2025-06-05,False
REC009509,ENU0067,Tamil Nadu,36,Male,Higher Secondary,Technician,Employed,38,12911,5,2025-08-23,False
REC009510,ENU0243,West Bengal,39,Female,Secondary,Shop Assistant,Employed,52,10379,4,2025-09-06,False
REC009511,ENU0232,Bihar,53,Female,Secondary,Factory Worker,Unemployed,0,0,4,2025-05-11,False
REC009512,ENU0132,Telangana,43,Female,Higher Secondary,None,Not in Labour Force,0,0,5,2025-04-18,False
REC009513,ENU0043,Gujarat,45,Female,Higher Secondary,Carpenter,Employed,32,10085,8,2025-07-22,False
REC009514,ENU0034,Assam,11,Female,Primary,None,Not in Labour Force,0,0,8,2025-07-17,False
REC009515,ENU0154,Tamil Nadu,70,Female,Graduate,None,Not in Labour Force,0,0,4,2025-06-13,False
REC009516,ENU0169,Rajasthan,24,Male,Primary,None,Not in Labour Force,0,0,1,2025-03-12,False
REC009517,ENU0049,West Bengal,45,Male,Higher Secondary,Clerk,Employed,52,29115,3,2025-12-07,False
REC009518,ENU0154,Assam,40,Female,Primary,Agricultural Labourer,Employed,24,2470,6,2025-01-11,False
REC009519,ENU0130,Bihar,8,Female,Primary,None,Unemployed,0,0,3,2025-03-05,False
REC009520,ENU0216,Bihar,18,Male,Secondary,None,Unemployed,0,0,8,2025-06-20,False
REC009521,ENU0227,Bihar,27,Female,Secondary,None,Not in Labour Force,4,0,5,2025-05-16,False
REC009522,ENU0154,Telangana,13,Male,Primary,None,Not in Labour Force,1,0,2,2025-02-19,False
REC009523,ENU0127,West Bengal,9,Female,Primary,None,Not in Labour Force,0,0,1,2025-09-14,False
REC009524,ENU0084,Bihar,36,Female,Secondary,Carpenter,Unemployed,0,0,5,2025-03-11,False
REC009525,ENU0092,Odisha,10,Male,Primary,None,Not in Labour Force,0,0,5,2025-08-25,False
REC009526,ENU0227,Andhra Pradesh,50,Female,Primary,Domestic Help,Employed,52,4993,2,2025-11-29,False
REC009527,ENU0180,Rajasthan,12,Female,Primary,None,Not in Labour Force,0,0,4,2025-06-17,False
REC009528,ENU0045,Andhra Pradesh,24,Female,Primary,Street Vendor,Employed,35,8415,4,2025-05-23,False
REC009529,ENU0051,West Bengal,35,Male,Secondary,None,Unemployed,0,0,4,2025-01-22,False
REC009530,ENU0140,Bihar,18,Male,Primary,Street Vendor,Unemployed,0,0,3,2025-07-24,False
REC009531,ENU0167,Tamil Nadu,25,Male,Secondary,Street Vendor,Employed,46,7510,1,2025-07-08,False
REC009532,ENU0133,Rajasthan,47,Male,Higher Secondary,Shop Assistant,Employed,56,13588,1,2025-02-06,False
REC009533,ENU0013,Punjab,30,Male,Primary,Street Vendor,Employed,42,6313,1,2025-02-24,False
REC009534,ENU0152,Assam,51,Male,Higher Secondary,Clerk,Employed,47,23511,7,2025-09-05,False
REC009535,ENU0144,Odisha,18,Female,Graduate,None,Not in Labour Force,0,0,4,2025-09-12,False
REC009536,ENU0176,Tamil Nadu,23,Male,Secondary,Carpenter,Employed,29,8607,3,2025-08-22,False
REC009537,ENU0184,Telangana,44,Female,Post Graduate,Government Officer,Employed,41,20177,4,2025-08-21,False
REC009538,ENU0211,Karnataka,43,Female,Primary,Domestic Help,Employed,61,8238,5,2025-07-04,False
REC009539,ENU0090,Karnataka,45,Female,Secondary,Driver,Employed,58,17295,5,2025-11-03,False
REC009540,ENU0042,Andhra Pradesh,31,Male,Secondary,None,Unemployed,0,0,8,2025-04-22,False
REC009541,ENU0104,Andhra Pradesh,29,Female,Secondary,None,Unemployed,0,0,5,2025-04-08,False
REC009542,ENU0171,Gujarat,64,Female,Primary,None,Not in Labour Force,0,0,4,2025-06-17,False
REC009543,ENU0234,Assam,52,Male,Graduate,Teacher,Employed,58,31505,5,2025-09-26,False
REC009544,ENU0088,Gujarat,26,Male,Illiterate,Construction Worker,Employed,29,5063,3,2025-03-19,False
REC009545,ENU0103,Odisha,83,Female,Secondary,None,Not in Labour Force,0,0,3,2025-10-01,False
REC009546,ENU0072,Kerala,46,Male,Higher Secondary,Shop Assistant,Employed,38,10864,7,2025-11-29,False
REC009547,ENU0236,Madhya Pradesh,58,Male,Higher Secondary,None,Not in Labour Force,0,0,4,2025-07-04,False
REC009548,ENU0205,Andhra Pradesh,27,Female,Secondary,Carpenter,Employed,45,11604,3,2025-05-18,False
REC009549,ENU0180,Bihar,26,Female,Illiterate,Construction Worker,Unemployed,0,0,3,2025-03-28,False
REC009550,ENU0115,Odisha,27,Female,Secondary,Street Vendor,Employed,27,5812,1,2025-08-31,False
REC009551,ENU0208,West Bengal,43,Female,Primary,None,Not in Labour Force,0,0,8,2025-11-11,False
REC009552,ENU0210,Assam,5,Female,Illiterate,None,Not in Labour Force,0,0,5,2025-11-24,False
REC009553,ENU0001,Assam,23,Male,Secondary,Shop Assistant,Employed,55,8886,11,2025-08-09,False
REC009554,ENU0098,Telangana,45,Male,Graduate,Sales Executive,Employed,44,28122,4,2025-01-23,False
REC009555,ENU0238,Maharashtra,29,Male,Illiterate,Street Vendor,Employed,42,8004,8,2025-10-09,False
REC009556,ENU0158,Odisha,13,Male,Primary,None,Not in Labour Force,6,0,5,2025-04-24,False
REC009557,ENU0029,Andhra Pradesh,150,Male,Primary,Street Vendor,Employed,20,2738,5,2025-01-10,True
REC009558,ENU0076,Uttar Pradesh,40,Female,Graduate,IT Professional,Employed,40,39512,5,2025-05-13,False
REC009559,ENU0060,Bihar,59,Female,Secondary,Driver,Unemployed,0,0,5,2025-05-16,False
REC009560,ENU0170,Gujarat,19,Female,Primary,None,Not in Labour Force,0,0,10,2025-09-25,False
REC009561,ENU0233,Rajasthan,38,Female,Higher Secondary,Carpenter,Employed,24,6964,3,2025-03-16,False
REC009562,ENU0116,Maharashtra,39,Female,Graduate,Bank Employee,Employed,49,45693,1,2025-06-21,False
REC009563,ENU0163,Karnataka,79,Female,Graduate,None,Not in Labour Force,0,0,3,2025-05-28,False
REC009564,ENU0107,Assam,45,Male,Secondary,Driver,Employed,37,11439,2,2025-07-22,False
REC009565,ENU0053,Madhya Pradesh,34,Male,Primary,Street Vendor,Employed,41,6852,1,2025-06-22,False
REC009566,ENU0081,Rajasthan,31,Male,Primary,Street Vendor,Employed,45,7063,6,2025-03-13,False
REC009567,ENU0008,Telangana,24,Male,Higher Secondary,Clerk,Employed,34,16237,3,2025-02-09,False
REC009568,ENU0034,Assam,36,Male,Secondary,Street Vendor,Employed,27,5312,4,2025-04-19,False
REC009569,ENU0158,Gujarat,19,Female,Illiterate,None,Not in Labour Force,0,0,5,2025-06-06,False
REC009570,ENU0135,Telangana,51,Male,Primary,Domestic Help,Employed,48,3257,6,2025-09-03,False
REC009571,ENU0204,Odisha,16,Male,Graduate,None,Unemployed,0,0,2,2025-02-02,False
REC009572,ENU0044,Rajasthan,35,Female,Secondary,None,Not in Labour Force,0,0,3,2025-09-04,False
REC009573,ENU0069,Bihar,21,Male,Higher Secondary,None,Unemployed,0,0,4,2025-05-24,False
REC009574,ENU0181,Madhya Pradesh,40,Male,Graduate,Clerk,Employed,47,17647,6,2025-02-03,False
REC009575,ENU0088,Karnataka,10,Male,Primary,None,Not in Labour Force,0,0,2,2025-04-03,False
REC009576,ENU0196,Maharashtra,30,Female,Post Graduate,IT Professional,Employed,53,63680,1,2025-04-17,False
REC009577,ENU0095,Gujarat,38,Male,Higher Secondary,Driver,Employed,53,11680,2,2025-09-18,False
REC009578,ENU0029,Tamil Nadu,150,Female,Higher Secondary,None,Not in Labour Force,0,0,2,2025-08-27,True
REC009579,ENU0068,Rajasthan,29,Female,Secondary,Driver,Employed,48,12079,3,2025-07-13,False
REC009580,ENU0226,Assam,24,Female,Primary,Factory Worker,Employed,67,14256,4,2025-10-01,False
REC009581,ENU0219,Kerala,84,Female,Graduate,None,Not in Labour Force,0,0,4,2025-07-27,False
REC009582,ENU0021,Maharashtra,16,Male,Illiterate,Street Vendor,Employed,47,8655,4,2025-12-09,False
REC009583,ENU0171,Rajasthan,74,Female,Higher Secondary,None,Not in Labour Force,8,0,3,2025-08-05,False
REC009584,ENU0154,Punjab,39,Male,Secondary,Driver,Employed,51,16029,1,2025-10-07,False
REC009585,ENU0227,Tamil Nadu,24,Female,Primary,Factory Worker,Employed,35,6959,6,2025-04-15,False
REC009586,ENU0019,Bihar,19,Male,Secondary,None,Unemployed,0,0,1,2025-05-11,False
REC009587,ENU0226,Tamil Nadu,31,Male,Secondary,Carpenter,Employed,47,13216,2,2025-08-12,False
REC009588,ENU0182,West Bengal,9,Male,Primary,None,Not in Labour Force,0,0,3,2025-02-03,False
REC009589,ENU0088,Gujarat,19,Male,Primary,Factory Worker,Employed,50,8548,1,2025-07-01,False
REC009590,ENU0077,Maharashtra,12,Male,Primary,None,Not in Labour Force,0,0,6,2025-11-08,False
REC009591,ENU0079,Karnataka,25,Female,Secondary,Street Vendor,Employed,52,11671,2,2025-11-18,False
REC009592,ENU0016,Uttar Pradesh,33,Male,Higher Secondary,Carpenter,Employed,55,20035,6,2025-07-11,False
REC009593,ENU0027,Karnataka,36,Male,Primary,Agricultural Labourer,Employed,39,6614,7,2025-05-15,False
REC009594,ENU0011,Gujarat,7,Male,Primary,None,Not in Labour Force,0,0,4,2025-06-23,False
REC009595,ENU0180,Maharashtra,28,Female,Secondary,None,Unemployed,0,0,4,2025-11-21,False
REC009596,ENU0045,Rajasthan,35,Male,Secondary,None,Not in Labour Force,0,0,7,2025-04-09,False
REC009597,ENU0176,Madhya Pradesh,42,Female,Primary,Factory Worker,Employed,36,9074,6,2025-02-22,False
REC009598,ENU0021,Assam,43,Female,Secondary,None,Not in Labour Force,0,0,3,2025-09-23,False
REC009599,ENU0127,Madhya Pradesh,42,Female,Higher Secondary,Driver,Employed,61,15501,5,2025-06-05,False
REC009600,ENU0214,Madhya Pradesh,32,Male,Secondary,None,Unemployed,0,0,3,2025-10-29,False
REC009601,ENU0029,Gujarat,28,Female,Illiterate,None,Unemployed,0,0,61,2025-12-24,True
REC009602,ENU0006,Rajasthan,19,Female,Higher Secondary,Driver,Employed,50,17271,4,2025-10-26,False
REC009603,ENU0017,Uttar Pradesh,34,Female,Primary,None,Unemployed,0,0,4,2025-07-06,False
REC009604,ENU0219,Odisha,26,Male,Secondary,None,Not in Labour Force,9,0,1,2025-11-29,False
REC009605,ENU0079,Punjab,41,Female,Post Graduate,Government Officer,Employed,57,65306,2,2025-07-30,False
REC009606,ENU0164,Telangana,71,Female,Secondary,None,Not in Labour Force,0,0,4,2025-06-17,False
REC009607,ENU0004,Uttar Pradesh,74,Female,Graduate,None,Not in Labour Force,0,0,3,2025-02-27,False
REC009608,ENU0187,Gujarat,39,Male,Primary,Agricultural Labourer,Employed,71,5023,4,2025-08-17,False
REC009609,ENU0249,Kerala,27,Female,Graduate,None,Unemployed,0,0,1,2025-08-17,False
REC009610,ENU0098,Andhra Pradesh,23,Male,Secondary,Street Vendor,Employed,52,9247,7,2025-04-16,False
REC009611,ENU0147,Tamil Nadu,6,Female,Primary,None,Not in Labour Force,0,0,8,2025-05-23,False
REC009612,ENU0176,Odisha,36,Female,Graduate,Teacher,Employed,31,14022,6,2025-08-18,False
REC009613,ENU0126,Karnataka,22,Male,Higher Secondary,None,Not in Labour Force,0,0,4,2025-05-11,False
REC009614,ENU0048,Tamil Nadu,37,Male,Higher Secondary,Shop Assistant,Employed,43,12110,2,2025-04-10,False
REC009615,ENU0073,Tamil Nadu,16,Male,Higher Secondary,Shop Assistant,Employed,54,8281,1,2025-12-11,False
REC009616,ENU0009,Karnataka,32,Male,Illiterate,Agricultural Labourer,Employed,72,14118,4,2025-09-18,False
REC009617,ENU0101,Rajasthan,39,Female,Primary,Domestic Help,Employed,43,5844,3,2025-06-13,False
REC009618,ENU0167,Maharashtra,40,Male,Secondary,Shop Assistant,Employed,42,12821,5,2025-02-02,False
REC009619,ENU0097,Karnataka,55,Female,Secondary,Street Vendor,Employed,47,5910,4,2025-10-10,False
REC009620,ENU0234,Bihar,44,Female,Primary,Factory Worker,Unemployed,0,0,3,2025-02-07,False
REC009621,ENU0141,Kerala,38,Male,Primary,None,Unemployed,0,0,3,2025-03-11,False
REC009622,ENU0208,West Bengal,12,Male,Primary,None,Not in Labour Force,0,0,6,2025-05-18,False
REC009623,ENU0041,Maharashtra,35,Male,Higher Secondary,None,Not in Labour Force,0,0,5,2025-07-17,False
REC009624,ENU0013,Telangana,8,Male,Primary,None,Not in Labour Force,0,0,6,2025-07-11,False
REC009625,ENU0230,Tamil Nadu,11,Female,Primary,None,Not in Labour Force,1,0,1,2025-09-12,False
REC009626,ENU0073,Kerala,37,Male,Graduate,None,Unemployed,0,0,4,2025-07-10,False
REC009627,ENU0177,Maharashtra,38,Female,Primary,Agricultural Labourer,Employed,43,5646,5,2025-04-13,False
REC009628,ENU0110,Odisha,16,Female,Secondary,None,Unemployed,0,0,7,2025-06-25,False
REC009629,ENU0046,Andhra Pradesh,12,Female,Primary,None,Not in Labour Force,0,0,5,2025-08-25,False
REC009630,ENU0181,Tamil Nadu,49,Female,Secondary,Shop Assistant,Employed,47,11468,2,2025-05-22,False
REC009631,ENU0089,Rajasthan,32,Male,Illiterate,None,Not in Labour Force,0,0,6,2025-11-03,False
REC009632,ENU0055,Kerala,57,Male,Secondary,Driver,Employed,64,19002,5,2025-08-03,False
REC009633,ENU0062,Andhra Pradesh,65,Male,Illiterate,None,Not in Labour Force,0,0,7,2025-06-02,False
REC009634,ENU0011,Uttar Pradesh,42,Male,Primary,None,Not in Labour Force,9,0,6,2025-05-10,False
REC009635,ENU0166,Assam,25,Female,Primary,None,Employed,0,7300637,1,2025-04-13,True
REC009636,ENU0240,Karnataka,27,Female,Secondary,None,Unemployed,0,0,3,2025-01-05,False
REC009637,ENU0226,Maharashtra,16,Male,Secondary,None,Not in Labour Force,0,0,3,2025-05-28,False
REC009638,ENU0056,Gujarat,37,Male,Graduate,IT Professional,Employed,23,31130,1,2025-11-13,False
REC009639,ENU0166,Telangana,39,Male,Secondary,Carpenter,Employed,20,5349,1,2025-04-07,False
REC009640,ENU0192,Kerala,42,Female,Higher Secondary,Technician,Employed,41,13831,3,2025-08-08,False
REC009641,ENU0086,Tamil Nadu,51,Male,Secondary,Shop Assistant,Employed,51,10844,3,2025-11-11,False
REC009642,ENU0097,Bihar,44,Female,Higher Secondary,Driver,Unemployed,0,0,8,2025-02-12,False
REC009643,ENU0137,Telangana,36,Female,Illiterate,Construction Worker,Employed,39,8565,6,2025-02-27,False
REC009644,ENU0233,Odisha,27,Male,Illiterate,Construction Worker,Employed,46,7949,3,2025-06-20,False
REC009645,ENU0115,Kerala,47,Female,Higher Secondary,Driver,Employed,43,9679,7,2025-03-19,False
REC009646,ENU0038,Gujarat,29,Male,Illiterate,Agricultural Labourer,Employed,50,5815,3,2025-03-01,False
REC009647,ENU0054,Punjab,56,Male,Secondary,None,Not in Labour Force,0,0,5,2025-03-06,False
REC009648,ENU0201,West Bengal,49,Male,Higher Secondary,Carpenter,Employed,43,13765,6,2025-07-13,False
REC009649,ENU0067,Maharashtra,32,Male,Primary,Domestic Help,Employed,44,5304,72,2025-01-04,True
REC009650,ENU0245,Andhra Pradesh,40,Male,Primary,Domestic Help,Employed,23,2907,4,2025-06-15,False
REC009651,ENU0089,Bihar,34,Female,Graduate,IT Professional,Unemployed,0,0,2,2025-09-14,False
REC009652,ENU0214,Telangana,78,Female,Illiterate,None,Not in Labour Force,0,0,8,2025-01-12,False
REC009653,ENU0092,Telangana,31,Male,Graduate,Teacher,Employed,48,27765,2,2025-10-06,False
REC009654,ENU0067,Karnataka,16,Female,Illiterate,None,Unemployed,0,0,6,2025-01-16,False
REC009655,ENU0195,Uttar Pradesh,37,Male,Higher Secondary,None,Unemployed,0,0,5,2025-10-21,False
REC009656,ENU0171,Uttar Pradesh,36,Male,Illiterate,None,Not in Labour Force,0,0,3,2025-01-08,False
REC009657,ENU0089,Bihar,62,Male,Post Graduate,IT Professional,Unemployed,0,0,5,2025-01-02,False
REC009658,ENU0196,Uttar Pradesh,25,Female,Higher Secondary,Carpenter,Employed,34,9973,3,2025-01-18,False
REC009659,ENU0132,Karnataka,30,Female,Post Graduate,Government Officer,Employed,42,46355,6,2025-11-11,False
REC009660,ENU0227,Bihar,33,Female,Graduate,Sales Executive,Unemployed,0,0,3,2025-09-23,False
REC009661,ENU0226,Gujarat,33,Male,Secondary,Carpenter,Employed,18,4439,1,2025-08-19,False
REC009662,ENU0224,West Bengal,29,Female,Secondary,None,Unemployed,0,0,5,2025-04-25,False
REC009663,ENU0016,West Bengal,45,Male,Higher Secondary,Shop Assistant,Employed,58,11221,5,2025-04-26,False
REC009664,ENU0096,Maharashtra,16,Male,Primary,Street Vendor,Employed,52,12942,8,2025-06-26,False
REC009665,ENU0131,Kerala,41,Male,Primary,Street Vendor,Employed,45,10007,3,2025-11-25,False
REC009666,ENU0048,Madhya Pradesh,37,Female,Secondary,Shop Assistant,Employed,34,9902,4,2025-01-14,False
REC009667,ENU0064,Gujarat,36,Female,Primary,None,Not in Labour Force,0,0,2,2025-07-12,False
REC009668,ENU0150,Gujarat,35,Female,Higher Secondary,Driver,Employed,50,20486,8,2025-02-28,False
REC009669,ENU0232,Maharashtra,40,Male,Secondary,Driver,Employed,60,12851,4,2025-02-05,False
REC009670,ENU0089,Bihar,32,Male,Primary,None,Not in Labour Force,0,0,7,2025-05-29,False
REC009671,ENU0100,Tamil Nadu,23,Male,Secondary,Street Vendor,Employed,37,6844,3,2025-12-11,False
REC009672,ENU0244,Assam,15,Female,Primary,None,Not in Labour Force,0,0,2,2025-06-17,False
REC009673,ENU0032,Odisha,16,Male,Higher Secondary,Shop Assistant,Employed,41,8200,5,2025-04-27,False
REC009674,ENU0135,Punjab,68,Male,Secondary,None,Not in Labour Force,0,0,3,2025-05-10,False
REC009675,ENU0227,Kerala,42,Female,Secondary,Street Vendor,Employed,44,8929,9,2025-10-20,False
REC009676,ENU0223,Bihar,61,Male,Primary,None,Not in Labour Force,0,0,1,2025-05-18,False
REC009677,ENU0167,Punjab,65,Male,Secondary,Carpenter,Employed,53,16009,2,2025-11-29,False
REC009678,ENU0111,Bihar,44,Male,Primary,None,Unemployed,0,0,3,2025-10-31,False
REC009679,ENU0097,Karnataka,63,Male,Graduate,None,Not in Labour Force,0,0,5,2025-03-12,False
REC009680,ENU0111,Kerala,33,Male,Primary,Agricultural Labourer,Employed,37,5237,1,2025-03-28,False
REC009681,ENU0127,Uttar Pradesh,28,Male,Secondary,None,Unemployed,0,0,3,2025-12-25,False
REC009682,ENU0230,Maharashtra,25,Female,Secondary,None,Unemployed,0,0,2,2025-09-28,False
REC009683,ENU0219,Odisha,31,Male,Secondary,None,Not in Labour Force,6,0,3,2025-11-15,False
REC009684,ENU0236,Karnataka,47,Male,Primary,None,Not in Labour Force,0,0,5,2025-06-27,False
REC009685,ENU0094,Odisha,43,Male,Graduate,IT Professional,Employed,55,79251,1,2025-08-27,False
REC009686,ENU0200,Andhra Pradesh,40,Other,Primary,None,Not in Labour Force,0,0,8,2025-07-16,False
REC009687,ENU0094,Odisha,16,Male,Primary,None,Not in Labour Force,0,0,4,2025-12-09,False
REC009688,ENU0247,Rajasthan,14,Female,Primary,None,Not in Labour Force,0,0,4,2025-06-26,False
REC009689,ENU0026,Rajasthan,35,Female,Primary,Construction Worker,Employed,51,10920,1,2025-02-19,False
REC009690,ENU0249,Gujarat,36,Male,Graduate,Teacher,Employed,29,13013,9,2025-05-20,False
REC009691,ENU0103,Uttar Pradesh,53,Male,Higher Secondary,Carpenter,Employed,75,32928,5,2025-03-17,False
REC009692,ENU0092,Assam,23,Female,Secondary,None,Not in Labour Force,0,0,3,2025-06-20,False
REC009693,ENU0149,Rajasthan,11,Male,Primary,None,Not in Labour Force,0,0,2,2025-09-16,False
REC009694,ENU0087,Telangana,22,Female,Primary,Factory Worker,Employed,39,10599,5,2025-04-06,False
REC009695,ENU0250,Kerala,44,Male,Secondary,Shop Assistant,Employed,50,13256,3,2025-12-15,False
REC009696,ENU0013,Assam,56,Female,Primary,Domestic Help,Employed,40,5364,6,2025-04-23,False
REC009697,ENU0040,Bihar,38,Male,Secondary,Driver,Unemployed,0,0,4,2025-02-22,False
REC009698,ENU0186,Gujarat,28,Female,Secondary,Shop Assistant,Employed,52,9979,5,2025-01-10,False
REC009699,ENU0087,Gujarat,69,Male,Secondary,None,Not in Labour Force,0,0,4,2025-05-10,False
REC009700,ENU0220,Madhya Pradesh,37,Male,Higher Secondary,None,Not in Labour Force,8,0,3,2025-10-15,False
REC009701,ENU0231,West Bengal,22,Female,Higher Secondary,None,Not in Labour Force,0,0,8,2025-08-26,False
REC009702,ENU0147,Maharashtra,56,Male,Graduate,Teacher,Employed,62,39682,1,2025-04-07,False
REC009703,ENU0084,West Bengal,37,Female,Illiterate,Domestic Help,Employed,43,3230,2,2025-02-12,False
REC009704,ENU0060,Bihar,67,Male,Secondary,None,Not in Labour Force,0,0,5,2025-02-16,False
REC009705,ENU0090,Odisha,42,Female,Secondary,Driver,Employed,56,22259,6,2025-09-19,False
REC009706,ENU0144,Uttar Pradesh,37,Male,Graduate,Bank Employee,Employed,37,25922,5,2025-03-18,False
REC009707,ENU0129,Odisha,13,Male,Primary,None,Not in Labour Force,0,0,2,2025-08-01,False
REC009708,ENU0092,Rajasthan,34,Male,Primary,Domestic Help,Employed,50,8132,1,2025-09-16,False
REC009709,ENU0205,Uttar Pradesh,57,Male,Secondary,Factory Worker,Employed,25,6953,2,2025-05-18,False
REC009710,ENU0022,Rajasthan,29,Male,Higher Secondary,Clerk,Employed,84,24614,1,2025-07-22,False
REC009711,ENU0040,Tamil Nadu,30,Male,Graduate,Clerk,Employed,51,20049,1,2025-06-07,False
REC009712,ENU0062,Maharashtra,14,Female,Primary,None,Not in Labour Force,0,0,2,2025-06-16,False
REC009713,ENU0162,Gujarat,29,Male,Secondary,None,Not in Labour Force,0,0,3,2025-03-23,False
REC009714,ENU0039,West Bengal,41,Male,Secondary,Carpenter,Employed,27,7963,2,2025-05-14,False
REC009715,ENU0126,Gujarat,39,Female,Post Graduate,Government Officer,Employed,39,34738,5,2025-09-04,False
REC009716,ENU0134,Uttar Pradesh,35,Male,Higher Secondary,None,Not in Labour Force,0,0,3,2025-10-20,False
REC009717,ENU0046,Bihar,29,Male,Higher Secondary,Carpenter,Unemployed,0,0,6,2025-11-30,False
REC009718,ENU0215,Punjab,66,Male,Higher Secondary,None,Not in Labour Force,0,0,6,2025-08-09,False
REC009719,ENU0225,Telangana,14,Male,Primary,None,Not in Labour Force,0,0,7,2025-01-05,False
REC009720,ENU0006,Tamil Nadu,52,Female,Illiterate,Agricultural Labourer,Employed,39,4793,3,2025-05-30,False
REC009721,ENU0012,Tamil Nadu,12,Male,Primary,None,Not in Labour Force,0,0,2,2025-10-29,False
REC009722,ENU0049,Andhra Pradesh,46,Male,Secondary,Street Vendor,Employed,52,8773,7,2025-04-27,False
REC009723,ENU0007,Andhra Pradesh,39,Male,Higher Secondary,Carpenter,Employed,42,10592,4,2025-07-13,False
REC009724,ENU0029,West Bengal,5,Female,Illiterate,None,Not in Labour Force,0,0,7,2025-04-02,False
REC009725,ENU0191,Tamil Nadu,75,Female,Illiterate,None,Not in Labour Force,9,0,7,2025-10-31,False
REC009726,ENU0019,Assam,16,Male,Higher Secondary,Carpenter,Employed,44,18304,2,2025-03-11,False
REC009727,ENU0234,Assam,39,Female,Higher Secondary,None,Not in Labour Force,7,0,4,2025-09-11,False
REC009728,ENU0215,Kerala,44,Male,Graduate,None,Not in Labour Force,0,0,3,2025-12-21,False
REC009729,ENU0184,Gujarat,73,Male,Primary,None,Not in Labour Force,0,0,3,2025-03-09,False
REC009730,ENU0016,Punjab,65,Male,Primary,None,Not in Labour Force,0,0,2,2025-12-22,False
REC009731,ENU0095,Gujarat,65,Female,Secondary,Factory Worker,Employed,53,11192,2,2025-09-19,False
REC009732,ENU0143,West Bengal,48,Female,Post Graduate,Teacher,Employed,45,18493,4,2025-09-19,False
REC009733,ENU0249,Madhya Pradesh,24,Male,Secondary,None,Not in Labour Force,1,0,6,2025-11-29,False
REC009734,ENU0111,Assam,5,Female,Illiterate,None,Not in Labour Force,0,0,2,2025-08-18,False
REC009735,ENU0067,West Bengal,49,Male,Illiterate,Agricultural Labourer,Employed,64,10796,5,2025-02-23,False
REC009736,ENU0021,Kerala,49,Female,Primary,Domestic Help,Employed,36,5605,4,2025-10-06,False
REC009737,ENU0144,Gujarat,8,Male,Primary,None,Not in Labour Force,0,0,1,2025-11-14,False
REC009738,ENU0148,West Bengal,34,Female,Illiterate,None,Not in Labour Force,0,0,4,2025-11-05,False
REC009739,ENU0242,Rajasthan,35,Male,Secondary,Driver,Employed,59,15887,4,2025-06-18,False
REC009740,ENU0222,Madhya Pradesh,44,Male,Higher Secondary,Technician,Employed,35,11577,7,2025-06-11,False
REC009741,ENU0235,Telangana,38,Female,Higher Secondary,Driver,Employed,40,9128,3,2025-01-29,False
REC009742,ENU0098,Uttar Pradesh,5,Male,Illiterate,None,Not in Labour Force,0,0,3,2025-12-14,False
REC009743,ENU0084,Kerala,6,Male,Primary,None,Not in Labour Force,0,0,4,2025-10-23,False
REC009744,ENU0016,Assam,35,Male,Illiterate,None,Unemployed,0,0,5,2025-07-23,False
REC009745,ENU0031,West Bengal,69,Female,Post Graduate,None,Not in Labour Force,0,0,4,2025-12-17,False
REC009746,ENU0123,Rajasthan,30,Male,Secondary,Shop Assistant,Employed,41,4794,3,2025-02-01,False
REC009747,ENU0158,Kerala,29,Male,Graduate,IT Professional,Employed,54,72493,5,2025-04-26,False
REC009748,ENU0241,Odisha,47,Male,Higher Secondary,Driver,Employed,51,13416,7,2025-05-29,False
REC009749,ENU0010,Madhya Pradesh,28,Male,Primary,Factory Worker,Employed,48,7635,2,2025-10-01,False
REC009750,ENU0207,Bihar,8,Male,Primary,None,Unemployed,0,0,4,2025-08-06,False
REC009751,ENU0071,Kerala,17,Male,Higher Secondary,Shop Assistant,Employed,41,8131,4,2025-09-29,False
REC009752,ENU0227,Karnataka,45,Female,Post Graduate,IT Professional,Employed,29,31884,3,2025-07-24,False
REC009753,ENU0200,Tamil Nadu,35,Female,Higher Secondary,Shop Assistant,Employed,43,9008,3,2025-11-20,False
REC009754,ENU0031,Assam,42,Male,Secondary,Factory Worker,Employed,51,7351,6,2025-11-07,False
REC009755,ENU0133,Gujarat,68,Male,Secondary,None,Not in Labour Force,0,0,5,2025-05-09,False
REC009756,ENU0133,Telangana,18,Female,Primary,Agricultural Labourer,Employed,61,8962,2,2025-02-08,False
REC009757,ENU0166,Punjab,29,Female,Secondary,Driver,Employed,25,6667,6,2025-07-22,False
REC009758,ENU0072,Rajasthan,15,Female,Primary,None,Not in Labour Force,7,0,3,2025-02-07,False
REC009759,ENU0194,Tamil Nadu,24,Male,Secondary,None,Unemployed,0,0,5,2025-01-24,False
REC009760,ENU0056,Kerala,18,Female,Primary,None,Unemployed,0,0,2,2025-09-13,False
REC009761,ENU0163,Bihar,43,Female,Higher Secondary,Technician,Unemployed,0,0,4,2025-10-26,False
REC009762,ENU0122,Karnataka,30,Male,Graduate,None,Unemployed,0,0,2,2025-01-03,False
REC009763,ENU0172,Bihar,45,Male,Secondary,None,Unemployed,0,0,5,2025-12-25,False
REC009764,ENU0200,Telangana,10,Female,Primary,None,Not in Labour Force,0,0,3,2025-03-23,False
REC009765,ENU0101,Bihar,27,Female,Higher Secondary,Carpenter,Employed,55,8730,3,2025-07-21,False
REC009766,ENU0111,Andhra Pradesh,54,Female,Graduate,Clerk,Employed,40,14850,5,2025-07-16,False
REC009767,ENU0034,West Bengal,19,Female,Secondary,Street Vendor,Employed,55,10659,3,2025-04-02,False
REC009768,ENU0248,West Bengal,33,Female,Primary,Factory Worker,Employed,42,8481,5,2025-06-23,False
REC009769,ENU0121,Bihar,7,Female,Primary,None,Not in Labour Force,0,0,5,2025-05-29,False
REC009770,ENU0152,Andhra Pradesh,13,Female,Primary,None,Not in Labour Force,0,0,2,2025-05-12,False
REC009771,ENU0192,Assam,27,Male,Secondary,None,Unemployed,0,0,3,2025-12-11,False
REC009772,ENU0081,Uttar Pradesh,33,Male,Graduate,None,Unemployed,0,0,3,2025-04-05,False
REC009773,ENU0145,Punjab,76,Male,Higher Secondary,None,Not in Labour Force,0,0,5,2025-11-26,False
REC009774,ENU0092,Maharashtra,75,Male,Secondary,None,Not in Labour Force,4,0,3,2025-06-26,False
REC009775,ENU0231,Punjab,49,Female,Graduate,Teacher,Employed,40,20192,6,2025-02-17,False
REC009776,ENU0178,Andhra Pradesh,31,Male,Secondary,Carpenter,Employed,56,16540,7,2025-08-11,False
REC009777,ENU0139,Bihar,18,Male,Secondary,None,Unemployed,0,0,3,2025-03-30,False
REC009778,ENU0033,Odisha,42,Female,Secondary,Driver,Employed,59,19001,5,2025-07-09,False
REC009779,ENU0207,West Bengal,16,Female,Graduate,Bank Employee,Employed,45,33387,2,2025-02-20,False
REC009780,ENU0195,Gujarat,36,Male,Graduate,IT Professional,Employed,24,25852,1,2025-10-11,False
REC009781,ENU0064,Andhra Pradesh,29,Male,Graduate,None,Unemployed,0,0,8,2025-08-22,False
REC009782,ENU0150,Odisha,25,Female,Graduate,Teacher,Employed,49,25766,1,2025-11-24,False
REC009783,ENU0014,Karnataka,31,Female,Primary,Street Vendor,Employed,55,9370,2,2025-01-17,False
REC009784,ENU0004,West Bengal,30,Male,Primary,Street Vendor,Employed,37,7206,6,2025-05-26,False
REC009785,ENU0043,West Bengal,23,Male,Higher Secondary,Clerk,Employed,19,8040,4,2025-11-22,False
REC009786,ENU0156,Punjab,37,Male,Secondary,Street Vendor,Employed,52,7952,6,2025-11-02,False
REC009787,ENU0021,Andhra Pradesh,33,Female,Higher Secondary,Shop Assistant,Employed,44,9684,3,2025-11-26,False
REC009788,ENU0009,Telangana,6,Male,Primary,None,Not in Labour Force,2,0,4,2025-06-19,False
REC009789,ENU0227,Gujarat,70,Male,Post Graduate,None,Not in Labour Force,0,0,4,2025-09-12,False
REC009790,ENU0224,Punjab,42,Female,Post Graduate,Bank Employee,Employed,32,27940,2,2025-05-04,False
REC009791,ENU0164,Kerala,49,Female,Post Graduate,IT Professional,Employed,43,63554,6,2025-12-15,False
REC009792,ENU0203,Andhra Pradesh,36,Male,Secondary,None,Not in Labour Force,0,0,4,2025-01-11,False
REC009793,ENU0060,Maharashtra,34,Male,Secondary,None,Not in Labour Force,0,0,3,2025-06-15,False
REC009794,ENU0011,Uttar Pradesh,29,Female,Post Graduate,IT Professional,Employed,58,42060,4,2025-02-18,False
REC009795,ENU0175,Karnataka,25,Female,Higher Secondary,None,Not in Labour Force,2,0,4,2025-10-21,False
REC009796,ENU0084,Rajasthan,27,Female,Higher Secondary,None,Unemployed,0,0,6,2025-03-24,False
REC009797,ENU0025,Telangana,47,Male,Secondary,Factory Worker,Employed,58,14286,6,2025-09-26,False
REC009798,ENU0229,Andhra Pradesh,25,Male,Higher Secondary,Technician,Employed,55,22262,3,2025-02-16,False
REC009799,ENU0048,Rajasthan,59,Male,Secondary,Driver,Employed,44,10328,4,2025-04-20,False
REC009800,ENU0127,Tamil Nadu,38,Female,Higher Secondary,Technician,Employed,45,16664,5,2025-12-26,False
REC009801,ENU0080,Kerala,43,Male,Primary,Domestic Help,Employed,76,10526,4,2025-07-31,False
REC009802,ENU0250,Karnataka,17,Female,Secondary,None,Not in Labour Force,0,0,2,2025-09-23,False
REC009803,ENU0116,Kerala,49,Female,Graduate,Bank Employee,Employed,55,61586,1,2025-04-20,False
REC009804,ENU0106,Assam,9,Female,Primary,None,Not in Labour Force,3,0,5,2025-11-23,False
REC009805,ENU0187,Andhra Pradesh,37,Female,Illiterate,Agricultural Labourer,Employed,30,4075,2,2025-11-14,False
REC009806,ENU0020,Rajasthan,27,Female,Secondary,None,Unemployed,0,0,3,2025-10-31,False
REC009807,ENU0116,Telangana,33,Female,Secondary,Driver,Employed,58,12164,2,2025-10-12,False
REC009808,ENU0056,Odisha,37,Female,Primary,Construction Worker,Employed,42,8595,6,2025-08-05,False
REC009809,ENU0053,Andhra Pradesh,28,Female,Secondary,Carpenter,Employed,42,11747,5,2025-02-18,False
REC009810,ENU0176,Tamil Nadu,16,Male,Primary,Domestic Help,Employed,66,8417,6,2025-10-22,False
REC009811,ENU0171,Maharashtra,65,Male,Secondary,Carpenter,Employed,26,9375,3,2025-08-07,False
REC009812,ENU0230,Tamil Nadu,28,Female,Graduate,IT Professional,Employed,56,63984,7,2025-09-26,False
REC009813,ENU0082,Andhra Pradesh,44,Male,Primary,Agricultural Labourer,Employed,49,7706,3,2025-01-10,False
REC009814,ENU0102,Andhra Pradesh,33,Male,Post Graduate,Engineer,Employed,32,49682,8,2025-03-12,False
REC009815,ENU0165,Rajasthan,13,Male,Primary,None,Not in Labour Force,0,0,4,2025-12-11,False
REC009816,ENU0186,Gujarat,23,Female,Graduate,IT Professional,Employed,58,89860,6,2025-06-02,False
REC009817,ENU0158,Karnataka,36,Male,Higher Secondary,Technician,Employed,27,7418,5,2025-12-04,False
REC009818,ENU0163,Karnataka,51,Male,Secondary,Street Vendor,Employed,24,4201,6,2025-11-21,False
REC009819,ENU0064,Madhya Pradesh,86,Female,Primary,None,Not in Labour Force,0,0,5,2025-04-18,False
REC009820,ENU0095,Tamil Nadu,39,Male,Graduate,None,Unemployed,0,0,2,2025-05-13,False
REC009821,ENU0188,Rajasthan,54,Female,Primary,Domestic Help,Employed,50,8144,5,2025-04-19,False
REC009822,ENU0181,West Bengal,42,Male,Illiterate,Domestic Help,Employed,42,6380,3,2025-08-24,False
REC009823,ENU0025,West Bengal,38,Female,Graduate,Teacher,Employed,69,35823,3,2025-05-28,False
REC009824,ENU0211,Maharashtra,36,Male,Post Graduate,Teacher,Employed,54,29730,4,2025-05-29,False
REC009825,ENU0081,Tamil Nadu,43,Male,Higher Secondary,Clerk,Employed,51,18330,3,2025-05-27,False
REC009826,ENU0182,Uttar Pradesh,38,Female,Post Graduate,None,Not in Labour Force,0,0,6,2025-10-15,False
REC009827,ENU0084,Bihar,40,Male,Secondary,Driver,Unemployed,0,0,2,2025-07-06,False
REC009828,ENU0035,Andhra Pradesh,28,Female,Primary,None,Unemployed,0,0,2,2025-07-22,False
REC009829,ENU0228,Odisha,65,Male,Primary,None,Not in Labour Force,0,0,5,2025-05-24,False
REC009830,ENU0082,Assam,5,Male,Illiterate,None,Not in Labour Force,0,0,6,2025-07-04,False
REC009831,ENU0111,Uttar Pradesh,22,Female,Primary,Domestic Help,Employed,41,5568,2,2025-09-16,False
REC009832,ENU0153,Andhra Pradesh,37,Female,Primary,Street Vendor,Employed,40,8327,3,2025-03-06,False
REC009833,ENU0033,Maharashtra,4,Female,Primary,Government Officer,Employed,59,13356,6,2025-09-21,True
REC009834,ENU0098,Bihar,27,Male,Graduate,Bank Employee,Employed,40,12572,2,2025-07-08,False
REC009835,ENU0043,Maharashtra,50,Male,Secondary,Factory Worker,Employed,68,20089,4,2025-05-24,False
REC009836,ENU0048,Rajasthan,9,Female,Primary,None,Not in Labour Force,5,0,2,2025-11-01,False
REC009837,ENU0187,Andhra Pradesh,37,Male,Secondary,Carpenter,Employed,32,9176,4,2025-03-21,False
REC009838,ENU0037,Uttar Pradesh,31,Male,Secondary,None,Unemployed,0,0,2,2025-12-24,False
REC009839,ENU0202,Tamil Nadu,16,Male,Primary,None,Unemployed,0,0,5,2025-07-25,False
REC009840,ENU0083,Madhya Pradesh,74,Female,Primary,None,Not in Labour Force,0,0,4,2025-12-30,False
REC009841,ENU0131,Uttar Pradesh,35,Female,Secondary,Carpenter,Employed,42,12743,5,2025-04-19,False
REC009842,ENU0087,Tamil Nadu,28,Female,Higher Secondary,Driver,Employed,46,10722,2,2025-06-05,False
REC009843,ENU0180,Assam,12,Female,Primary,None,Not in Labour Force,0,0,5,2025-11-23,False
REC009844,ENU0181,Uttar Pradesh,28,Female,Post Graduate,Government Officer,Employed,68,54937,5,2025-02-15,False
REC009845,ENU0042,Punjab,12,Male,Primary,None,Not in Labour Force,7,0,5,2025-12-12,False
REC009846,ENU0234,Maharashtra,41,Female,Graduate,Teacher,Employed,38,16110,5,2025-08-15,False
REC009847,ENU0043,Maharashtra,50,Male,Higher Secondary,Carpenter,Employed,41,13659,3,2025-08-07,False
REC009848,ENU0170,Rajasthan,32,Male,Primary,None,Unemployed,0,0,7,2025-04-08,False
REC009849,ENU0088,Maharashtra,30,Female,Graduate,Clerk,Employed,47,13135,3,2025-04-26,False
REC009850,ENU0008,Tamil Nadu,30,Male,Graduate,Bank Employee,Employed,48,44604,3,2025-04-01,False
REC009851,ENU0135,Telangana,23,Female,Secondary,Factory Worker,Employed,66,17687,3,2025-04-27,False
REC009852,ENU0068,Telangana,43,Male,Graduate,IT Professional,Employed,49,78188,8,2025-02-20,False
REC009853,ENU0235,Uttar Pradesh,42,Male,Graduate,None,Unemployed,0,0,6,2025-08-09,False
REC009854,ENU0040,Karnataka,40,Female,Secondary,Driver,Employed,40,10179,3,2025-01-16,False
REC009855,ENU0245,Assam,57,Female,Primary,None,Not in Labour Force,0,0,4,2025-10-09,False
REC009856,ENU0013,Gujarat,49,Female,Higher Secondary,Clerk,Employed,84,45729,6,2025-10-17,False
REC009857,ENU0013,Punjab,41,Female,Primary,Factory Worker,Employed,61,10455,3,2025-08-07,False
REC009858,ENU0222,Odisha,59,Male,Secondary,None,Not in Labour Force,0,0,5,2025-01-16,False
REC009859,ENU0190,Punjab,39,Male,Secondary,Driver,Employed,41,14822,5,2025-11-29,False
REC009860,ENU0164,Madhya Pradesh,36,Female,Secondary,Driver,Employed,55,14216,3,2025-08-31,False
REC009861,ENU0078,Assam,51,Male,Higher Secondary,Driver,Employed,42,9475,4,2025-03-03,False
REC009862,ENU0174,Gujarat,43,Male,Secondary,Driver,Employed,48,12137,5,2025-12-14,False
REC009863,ENU0248,Odisha,37,Male,Post Graduate,Teacher,Employed,58,31579,4,2025-10-05,False
REC009864,ENU0199,Odisha,43,Male,Graduate,Bank Employee,Employed,48,60321,1,2025-06-08,False
REC009865,ENU0008,Gujarat,15,Male,Secondary,None,Not in Labour Force,0,0,7,2025-12-14,False
REC009866,ENU0185,Rajasthan,43,Male,Primary,Agricultural Labourer,Employed,50,7557,4,2025-05-18,False
REC009867,ENU0053,Gujarat,27,Male,Graduate,None,Unemployed,0,0,2,2025-10-25,False
REC009868,ENU0121,Maharashtra,27,Male,Primary,None,Unemployed,0,0,3,2025-03-05,False
REC009869,ENU0025,Tamil Nadu,27,Female,Secondary,Carpenter,Employed,54,16017,6,2025-09-30,False
REC009870,ENU0179,West Bengal,39,Male,Secondary,Factory Worker,Employed,46,18171,2,2025-10-23,False
REC009871,ENU0021,Assam,53,Male,Secondary,Street Vendor,Employed,56,8109,4,2025-06-02,False
REC009872,ENU0124,Punjab,58,Female,Graduate,Teacher,Employed,43,25094,6,2025-03-24,False
REC009873,ENU0109,Gujarat,43,Male,Higher Secondary,Carpenter,Employed,46,12520,0,2025-06-10,True
REC009874,ENU0140,Maharashtra,36,Female,Post Graduate,IT Professional,Employed,51,52122,4,2025-08-20,False
REC009875,ENU0091,Telangana,29,Female,Primary,Agricultural Labourer,Employed,37,6761,5,2025-03-25,False
REC009876,ENU0018,Gujarat,40,Female,Higher Secondary,None,Not in Labour Force,0,0,4,2025-10-18,False
REC009877,ENU0108,Madhya Pradesh,77,Male,Primary,None,Not in Labour Force,0,0,7,2025-01-19,False
REC009878,ENU0248,Bihar,43,Male,Higher Secondary,Carpenter,Employed,60,9071,4,2025-04-11,False
REC009879,ENU0079,Kerala,11,Male,Primary,None,Not in Labour Force,0,0,3,2025-06-21,False
REC009880,ENU0201,Rajasthan,42,Male,Illiterate,Construction Worker,Employed,50,6633,5,2025-07-03,False
REC009881,ENU0209,Telangana,32,Male,Graduate,Clerk,Employed,64,25507,2,2025-10-31,False
REC009882,ENU0027,Gujarat,55,Female,Graduate,None,Not in Labour Force,0,0,5,2025-09-09,False
REC009883,ENU0094,Bihar,32,Other,Secondary,Driver,Employed,53,5668,6,2025-09-18,False
REC009884,ENU0096,Assam,44,Male,Higher Secondary,Driver,Employed,40,11975,4,2025-08-15,False
REC009885,ENU0061,Assam,45,Male,Higher Secondary,Technician,Employed,51,23600,7,2025-07-12,False
REC009886,ENU0154,Bihar,20,Male,Higher Secondary,Technician,Unemployed,0,0,8,2025-01-04,False
REC009887,ENU0100,West Bengal,9,Male,Primary,None,Not in Labour Force,0,0,6,2025-02-18,False
REC009888,ENU0063,West Bengal,16,Female,Graduate,None,Unemployed,0,0,3,2025-06-04,False
REC009889,ENU0134,Uttar Pradesh,14,Female,Primary,None,Not in Labour Force,0,0,3,2025-12-11,False
REC009890,ENU0178,Punjab,19,Female,Graduate,IT Professional,Employed,28,33386,8,2025-04-28,False
REC009891,ENU0220,Gujarat,43,Male,Graduate,Teacher,Employed,60,40928,7,2025-07-16,False
REC009892,ENU0084,Rajasthan,40,Male,Graduate,Teacher,Employed,43,21285,5,2025-04-19,False
REC009893,ENU0062,Madhya Pradesh,70,Female,Post Graduate,None,Not in Labour Force,9,0,2,2025-04-01,False
REC009894,ENU0086,Telangana,88,Female,Higher Secondary,None,Not in Labour Force,0,0,4,2025-09-08,False
REC009895,ENU0160,Madhya Pradesh,35,Male,Secondary,None,Unemployed,0,0,6,2025-04-06,False
REC009896,ENU0236,Odisha,9,Female,Primary,None,Not in Labour Force,0,0,3,2025-08-16,False
REC009897,ENU0021,Rajasthan,32,Male,Graduate,Teacher,Employed,44,33310,1,2025-06-28,False
REC009898,ENU0138,Madhya Pradesh,35,Male,Illiterate,Agricultural Labourer,Employed,57,9520,4,2025-04-27,False
REC009899,ENU0040,Tamil Nadu,15,Female,Secondary,None,Not in Labour Force,0,0,5,2025-12-03,False
REC009900,ENU0005,West Bengal,5,Male,Illiterate,None,Not in Labour Force,1,0,2,2025-01-28,False
REC009901,ENU0194,Telangana,64,Female,Illiterate,None,Not in Labour Force,6,0,2,2025-11-03,False
REC009902,ENU0243,Madhya Pradesh,35,Female,Secondary,None,Unemployed,0,0,6,2025-05-06,False
REC009903,ENU0242,West Bengal,26,Other,Primary,Construction Worker,Employed,47,8342,6,2025-06-26,False
REC009904,ENU0194,Bihar,18,Male,Graduate,Bank Employee,Employed,32,10640,5,2025-03-12,False
REC009905,ENU0190,Andhra Pradesh,33,Female,Secondary,None,Unemployed,0,0,7,2025-08-10,False
REC009906,ENU0162,Uttar Pradesh,52,Male,Primary,None,Not in Labour Force,0,0,5,2025-12-23,False
REC009907,ENU0094,Odisha,34,Male,Illiterate,Domestic Help,Employed,59,7101,3,2025-09-08,False
REC009908,ENU0138,Telangana,18,Male,Primary,None,Unemployed,0,0,5,2025-10-25,False
REC009909,ENU0099,Odisha,8,Female,Primary,None,Not in Labour Force,2,0,4,2025-07-30,False
REC009910,ENU0119,Karnataka,40,Female,Secondary,Shop Assistant,Employed,37,10976,6,2025-10-30,False
REC009911,ENU0209,Kerala,24,Female,Higher Secondary,Shop Assistant,Employed,11,2545,5,2025-05-18,False
REC009912,ENU0162,Andhra Pradesh,18,Male,Secondary,None,Not in Labour Force,0,0,2,2025-01-14,False
REC009913,ENU0101,Andhra Pradesh,27,Other,Primary,Agricultural Labourer,Employed,46,8466,8,2025-07-10,False
REC009914,ENU0205,Rajasthan,36,Male,Post Graduate,Government Officer,Employed,46,53512,4,2025-04-04,False
REC009915,ENU0155,Karnataka,57,Male,Graduate,None,Not in Labour Force,0,0,3,2025-08-27,False
REC009916,ENU0144,Punjab,26,Male,Illiterate,Construction Worker,Employed,49,8912,4,2025-03-11,False
REC009917,ENU0200,Gujarat,77,Male,Post Graduate,None,Not in Labour Force,5,0,8,2025-07-15,False
REC009918,ENU0216,Uttar Pradesh,47,Female,Higher Secondary,Technician,Employed,40,15367,4,2025-11-12,False
REC009919,ENU0242,Rajasthan,43,Male,Primary,Agricultural Labourer,Employed,34,4228,1,2025-07-15,False
REC009920,ENU0107,Madhya Pradesh,90,Female,Higher Secondary,None,Not in Labour Force,3,0,5,2025-01-07,False
REC009921,ENU0230,Tamil Nadu,50,Female,Secondary,Street Vendor,Employed,42,5387,4,2025-04-18,False
REC009922,ENU0199,Andhra Pradesh,23,Male,Primary,Domestic Help,Employed,43,6698,4,2025-11-12,False
REC009923,ENU0062,Uttar Pradesh,61,Female,Higher Secondary,None,Not in Labour Force,0,0,11,2025-12-01,False
REC009924,ENU0050,Kerala,60,Male,Secondary,Driver,Employed,48,13691,5,2025-01-11,False
REC009925,ENU0128,Gujarat,41,Female,Secondary,Street Vendor,Employed,42,5232,3,2025-05-28,False
REC009926,ENU0044,West Bengal,44,Male,Higher Secondary,Shop Assistant,Employed,59,13267,2,2025-06-05,False
REC009927,ENU0131,Tamil Nadu,42,Male,Higher Secondary,Shop Assistant,Employed,13,2137,6,2025-10-20,False
REC009928,ENU0009,Gujarat,38,Male,Higher Secondary,Carpenter,Employed,49,11914,7,2025-10-05,False
REC009929,ENU0096,Odisha,74,Female,Primary,None,Not in Labour Force,0,0,2,2025-05-18,False
REC009930,ENU0100,Rajasthan,33,Female,Secondary,None,Not in Labour Force,0,0,2,2025-08-08,False
REC009931,ENU0076,Telangana,37,Male,Higher Secondary,Clerk,Employed,48,19452,4,2025-12-31,False
REC009932,ENU0159,Rajasthan,38,Female,Post Graduate,IT Professional,Employed,51,39823,5,2025-01-29,False
REC009933,ENU0212,Gujarat,45,Female,Graduate,Clerk,Employed,62,27228,5,2025-01-02,False
REC009934,ENU0205,Madhya Pradesh,33,Male,Primary,Factory Worker,Employed,35,9103,2,2025-02-16,False
REC009935,ENU0205,Karnataka,15,Male,Secondary,None,Not in Labour Force,0,0,6,2025-07-05,False
REC009936,ENU0192,Andhra Pradesh,64,Male,Graduate,None,Not in Labour Force,0,0,6,2025-09-05,False
REC009937,ENU0043,Karnataka,38,Male,Higher Secondary,Shop Assistant,Employed,37,5626,4,2025-02-27,False
REC009938,ENU0228,Madhya Pradesh,54,Male,Secondary,Shop Assistant,Employed,10,2206,5,2025-03-25,False
REC009939,ENU0040,Rajasthan,34,Female,Graduate,IT Professional,Employed,41,36999,8,2025-12-19,False
REC009940,ENU0066,Assam,63,Female,Illiterate,None,Not in Labour Force,0,0,3,2025-11-26,False
REC009941,ENU0165,Tamil Nadu,43,Female,Primary,Factory Worker,Employed,38,7075,8,2025-05-25,False
REC009942,ENU0182,Karnataka,51,Female,Secondary,Carpenter,Employed,60,24338,4,2025-01-20,False
REC009943,ENU0094,West Bengal,30,Female,Higher Secondary,Carpenter,Employed,39,11741,5,2025-09-29,False
REC009944,ENU0133,Assam,36,Male,Secondary,Factory Worker,Employed,61,15702,2,2025-08-11,False
REC009945,ENU0230,Maharashtra,40,Male,Primary,Street Vendor,Employed,53,10068,1,2025-09-01,False
REC009946,ENU0031,Maharashtra,25,Female,Primary,None,Unemployed,0,0,7,2025-09-13,False
REC009947,ENU0114,Odisha,30,Male,Secondary,Shop Assistant,Employed,57,14036,4,2025-08-15,False
REC009948,ENU0196,Odisha,79,Male,Graduate,None,Not in Labour Force,6,0,5,2025-10-11,False
REC009949,ENU0098,West Bengal,35,Male,Graduate,Clerk,Employed,59,25823,5,2025-08-17,False
REC009950,ENU0191,Maharashtra,18,Female,Secondary,None,Unemployed,0,0,2,2025-09-09,False
REC009951,ENU0010,Rajasthan,31,Female,Primary,None,Not in Labour Force,0,0,7,2025-05-25,False
REC009952,ENU0191,Andhra Pradesh,17,Female,Higher Secondary,None,Not in Labour Force,9,0,5,2025-01-21,False
REC009953,ENU0225,Maharashtra,72,Female,Post Graduate,None,Not in Labour Force,2,0,3,2025-11-14,False
REC009954,ENU0155,Maharashtra,36,Female,Higher Secondary,Clerk,Employed,58,22126,5,2025-09-09,False
REC009955,ENU0216,Uttar Pradesh,58,Female,Graduate,Sales Executive,Employed,76,35989,7,2025-05-20,False
REC009956,ENU0132,West Bengal,38,Male,Higher Secondary,Technician,Employed,62,17010,2,2025-10-31,False
REC009957,ENU0140,Assam,13,Male,Primary,None,Not in Labour Force,0,0,3,2025-08-25,False
REC009958,ENU0039,Madhya Pradesh,46,Male,Graduate,IT Professional,Employed,41,36525,2,2025-10-31,False
REC009959,ENU0224,Assam,37,Female,Post Graduate,IT Professional,Employed,58,76962,4,2025-09-04,False
REC009960,ENU0055,Gujarat,49,Male,Secondary,Factory Worker,Employed,44,10938,4,2025-05-20,False
REC009961,ENU0095,Odisha,40,Female,Illiterate,Street Vendor,Employed,40,8279,4,2025-02-07,False
REC009962,ENU0211,Andhra Pradesh,33,Female,Graduate,Bank Employee,Employed,47,35656,6,2025-02-27,False
REC009963,ENU0084,West Bengal,41,Male,Illiterate,Agricultural Labourer,Employed,45,5459,4,2025-10-01,False
REC009964,ENU0099,Assam,44,Female,Higher Secondary,Shop Assistant,Employed,47,11422,7,2025-08-21,False
REC009965,ENU0236,Telangana,30,Female,Higher Secondary,Clerk,Employed,43,15960,7,2025-04-15,False
REC009966,ENU0162,Telangana,51,Female,Primary,Street Vendor,Employed,41,7822,6,2025-10-13,False
REC009967,ENU0183,Gujarat,40,Male,Higher Secondary,Shop Assistant,Employed,40,9596,4,2025-02-12,False
REC009968,ENU0104,Bihar,17,Male,Primary,None,Unemployed,0,0,3,2025-09-22,False
REC009969,ENU0101,Telangana,16,Male,Graduate,Teacher,Employed,51,33690,3,2025-02-06,False
REC009970,ENU0167,Rajasthan,25,Female,Primary,Factory Worker,Employed,44,10986,7,2025-01-28,False
REC009971,ENU0182,Uttar Pradesh,76,Female,Higher Secondary,None,Not in Labour Force,0,0,2,2025-11-29,False
REC009972,ENU0072,Odisha,27,Female,Primary,None,Unemployed,0,0,3,2025-11-11,False
REC009973,ENU0213,Assam,54,Female,Secondary,None,Not in Labour Force,0,0,6,2025-01-04,False
REC009974,ENU0193,Gujarat,32,Male,Higher Secondary,Carpenter,Employed,66,14948,9,2025-08-08,False
REC009975,ENU0093,West Bengal,29,Male,Primary,None,Unemployed,0,0,4,2025-08-22,False
REC009976,ENU0108,Punjab,68,Male,Higher Secondary,None,Not in Labour Force,0,0,2,2025-10-24,False
REC009977,ENU0162,Rajasthan,31,Female,Secondary,Driver,Employed,25,6154,7,2025-08-07,False
REC009978,ENU0159,Bihar,27,Male,Primary,Factory Worker,Employed,33,3588,5,2025-11-08,False
REC009979,ENU0131,Rajasthan,52,Male,Secondary,Shop Assistant,Employed,22,7533,1,2025-06-20,False
REC009980,ENU0036,West Bengal,29,Male,Graduate,None,Unemployed,0,0,2,2025-08-31,False
REC009981,ENU0112,Karnataka,44,Female,Illiterate,Domestic Help,Employed,51,4769,4,2025-03-02,False
REC009982,ENU0246,Uttar Pradesh,12,Female,Primary,None,Not in Labour Force,0,0,4,2025-10-07,False
REC009983,ENU0137,Maharashtra,40,Male,Illiterate,Agricultural Labourer,Employed,19,2012,5,2025-07-20,False
REC009984,ENU0007,Bihar,22,Female,Primary,Construction Worker,Employed,32,2878,7,2025-12-27,False
REC009985,ENU0019,Tamil Nadu,24,Other,Higher Secondary,None,Unemployed,0,0,2,2025-07-01,False
REC009986,ENU0229,West Bengal,50,Male,Higher Secondary,None,Not in Labour Force,0,0,7,2025-08-13,False
REC009987,ENU0101,Karnataka,64,Female,Graduate,None,Not in Labour Force,0,0,3,2025-11-08,False
REC009988,ENU0094,Karnataka,9,Female,Primary,None,Not in Labour Force,0,0,2,2025-07-06,False
REC009989,ENU0045,Gujarat,16,Female,Higher Secondary,None,Unemployed,0,0,6,2025-10-02,False
REC009990,ENU0196,Rajasthan,32,Male,Higher Secondary,None,Not in Labour Force,0,0,3,2025-11-15,False
REC009991,ENU0083,Tamil Nadu,40,Male,Higher Secondary,Technician,Employed,37,13471,8,2025-03-02,False
REC009992,ENU0245,Tamil Nadu,11,Other,Primary,None,Not in Labour Force,0,0,4,2025-06-05,False
REC009993,ENU0113,Odisha,24,Male,Graduate,Bank Employee,Employed,42,42491,3,2025-09-10,False
REC009994,ENU0154,Punjab,36,Male,Secondary,None,Not in Labour Force,0,0,6,2025-09-12,False
REC009995,ENU0229,Rajasthan,40,Male,Post Graduate,Bank Employee,Employed,52,39396,4,2025-10-09,False
REC009996,ENU0220,Karnataka,34,Female,Primary,Agricultural Labourer,Employed,47,6445,1,2025-01-14,False
REC009997,ENU0110,West Bengal,52,Male,Primary,None,Not in Labour Force,0,0,2,2025-05-31,False
REC009998,ENU0135,Punjab,27,Male,Secondary,None,Unemployed,0,0,6,2025-11-05,False
REC009999,ENU0021,Madhya Pradesh,50,Male,Graduate,Clerk,Employed,17,8770,2,2025-09-14,False
REC010000,ENU0222,Maharashtra,39,Female,Secondary,None,Not in Labour Force,0,0,4,2025-01-27,False
REC010001,ENU0046,West Bengal,26,Female,Higher Secondary,Driver,Employed,40,9158,4,2025-07-05,False
REC010002,ENU0003,Karnataka,28,Female,Graduate,None,Not in Labour Force,2,0,99,2025-11-16,True
REC010003,ENU0172,Punjab,76,Male,Higher Secondary,None,Not in Labour Force,0,0,4,2025-06-06,False
REC010004,ENU0207,Telangana,41,Female,Secondary,Factory Worker,Employed,53,15084,5,2025-12-24,False
REC010005,ENU0130,Andhra Pradesh,44,Male,Higher Secondary,Shop Assistant,Employed,38,6144,4,2025-06-06,False
REC010006,ENU0131,Rajasthan,40,Male,Post Graduate,Doctor,Employed,50,111365,4,2025-10-10,False
REC010007,ENU0064,Assam,11,Female,Primary,None,Not in Labour Force,0,0,10,2025-12-24,False
REC010008,ENU0238,Andhra Pradesh,29,Female,Higher Secondary,None,Not in Labour Force,0,0,2,2025-12-21,False
REC010009,ENU0052,Karnataka,35,Male,Graduate,Bank Employee,Employed,30,24666,1,2025-12-13,False
REC010010,ENU0126,Madhya Pradesh,40,Male,Graduate,Sales Executive,Employed,53,25155,6,2025-02-25,False
REC010011,ENU0065,Gujarat,29,Male,Graduate,None,Not in Labour Force,2,0,4,2025-07-10,False
REC010012,ENU0242,Tamil Nadu,14,Male,Primary,None,Not in Labour Force,0,0,8,2025-02-14,False
REC010013,ENU0154,Uttar Pradesh,32,Female,Secondary,Carpenter,Employed,33,12551,7,2025-05-21,False
REC010014,ENU0066,Gujarat,44,Male,Illiterate,Agricultural Labourer,Employed,64,7797,5,2025-08-29,False
REC010015,ENU0208,Madhya Pradesh,42,Male,Illiterate,Agricultural Labourer,Employed,34,7499,4,2025-08-12,False
REC010016,ENU0239,Telangana,29,Male,Illiterate,None,Unemployed,0,0,1,2025-08-26,False
REC010017,ENU0175,Assam,30,Female,Secondary,Street Vendor,Employed,53,10289,3,2025-03-08,False
REC010018,ENU0073,Rajasthan,29,Male,Graduate,Teacher,Employed,38,19803,1,2025-01-25,False
REC010019,ENU0197,Bihar,5,Male,Illiterate,None,Not in Labour Force,0,0,8,2025-06-24,False
REC010020,ENU0213,Punjab,45,Male,Graduate,Sales Executive,Employed,48,22927,4,2025-06-26,False
REC010021,ENU0006,Punjab,32,Female,Secondary,None,Unemployed,0,0,2,2025-04-30,False
REC010022,ENU0148,Punjab,81,Female,Higher Secondary,None,Not in Labour Force,0,0,3,2025-09-29,False
REC010023,ENU0041,Karnataka,38,Female,Higher Secondary,Driver,Employed,69,13106,3,2025-09-13,False
REC010024,ENU0143,Maharashtra,30,Male,Graduate,Teacher,Employed,49,19385,7,2025-01-17,False
REC010025,ENU0208,Odisha,25,Male,Graduate,IT Professional,Employed,52,49817,6,2025-03-31,False
REC010026,ENU0147,Odisha,45,Female,Higher Secondary,Technician,Employed,49,19982,5,2025-11-23,False
REC010027,ENU0069,Gujarat,36,Male,Graduate,Sales Executive,Employed,32,16908,8,2025-02-25,False
REC010028,ENU0233,Tamil Nadu,25,Male,Illiterate,None,Not in Labour Force,0,0,3,2025-06-27,False
REC010029,ENU0061,Bihar,29,Female,Post Graduate,None,Unemployed,0,0,5,2025-11-27,False
REC010030,ENU0183,Kerala,33,Female,Primary,Factory Worker,Employed,49,11517,2,2025-06-16,False
REC010031,ENU0156,Uttar Pradesh,44,Male,Secondary,Factory Worker,Employed,62,12782,4,2025-06-09,False
REC010032,ENU0080,Rajasthan,16,Male,Post Graduate,None,Not in Labour Force,8,0,3,2025-01-21,False
REC010033,ENU0165,Andhra Pradesh,73,Male,Secondary,None,Not in Labour Force,2,0,2,2025-10-16,False
REC010034,ENU0061,Assam,52,Female,Higher Secondary,Carpenter,Employed,43,11731,5,2025-05-29,False
REC010035,ENU0192,Madhya Pradesh,69,Female,Secondary,None,Not in Labour Force,0,0,2,2025-03-19,False
REC010036,ENU0113,Tamil Nadu,28,Male,Primary,Domestic Help,Employed,11,2189,2,2025-09-07,False
REC010037,ENU0193,Odisha,9,Female,Primary,None,Not in Labour Force,0,0,6,2025-05-24,False
REC010038,ENU0242,Assam,53,Female,Graduate,IT Professional,Employed,49,34882,1,2025-03-14,False
REC010039,ENU0228,Uttar Pradesh,31,Male,Higher Secondary,None,Not in Labour Force,0,0,4,2025-09-16,False
REC010040,ENU0195,Telangana,32,Male,Illiterate,None,Unemployed,0,0,2,2025-11-05,False
REC010041,ENU0136,Rajasthan,20,Male,Higher Secondary,None,Not in Labour Force,7,0,6,2025-05-27,False
REC010042,ENU0101,Uttar Pradesh,51,Male,Secondary,Factory Worker,Employed,48,9479,6,2025-08-28,False
REC010043,ENU0026,Tamil Nadu,48,Female,Secondary,Shop Assistant,Employed,57,9692,1,2025-03-08,False
REC010044,ENU0232,Kerala,19,Female,Higher Secondary,None,Not in Labour Force,0,0,5,2025-09-08,False
REC010045,ENU0005,Punjab,32,Male,Graduate,Sales Executive,Employed,49,20514,3,2025-06-04,False
REC010046,ENU0010,Bihar,44,Female,Secondary,Carpenter,Unemployed,0,0,2,2025-10-12,False
REC010047,ENU0081,Tamil Nadu,59,Male,Higher Secondary,None,Not in Labour Force,3,0,4,2025-05-08,False
REC010048,ENU0130,Uttar Pradesh,50,Male,Higher Secondary,None,Not in Labour Force,2,0,2,2025-07-31,False
REC010049,ENU0035,Karnataka,13,Male,Primary,None,Not in Labour Force,0,0,6,2025-06-07,False
REC010050,ENU0026,Rajasthan,42,Male,Illiterate,Domestic Help,Employed,37,5864,4,2025-06-09,False
REC010051,ENU0229,Tamil Nadu,28,Female,Primary,Agricultural Labourer,Employed,39,7128,1,2025-02-18,False
REC010052,ENU0109,Rajasthan,60,Male,Illiterate,None,Not in Labour Force,0,0,5,2025-07-29,False
REC010053,ENU0236,Karnataka,61,Female,Higher Secondary,Technician,Employed,38,12472,4,2025-02-23,False
REC010054,ENU0144,Bihar,11,Male,Primary,None,Not in Labour Force,0,0,3,2025-07-31,False
REC010055,ENU0086,Kerala,35,Female,Post Graduate,IT Professional,Employed,40,51278,5,2025-04-13,False
REC010056,ENU0135,Bihar,30,Female,Higher Secondary,Shop Assistant,Unemployed,0,0,6,2025-06-16,False
REC010057,ENU0180,Maharashtra,16,Male,Graduate,IT Professional,Employed,40,51416,4,2025-11-27,False
REC010058,ENU0227,Telangana,48,Male,Secondary,None,Not in Labour Force,0,0,5,2025-04-06,False
REC010059,ENU0011,Maharashtra,42,Female,Graduate,IT Professional,Employed,39,55366,1,2025-03-26,False
REC010060,ENU0181,Rajasthan,30,Male,Higher Secondary,None,Not in Labour Force,0,0,3,2025-03-07,False
REC010061,ENU0215,Maharashtra,45,Female,Post Graduate,Government Officer,Employed,42,50953,5,2025-07-24,False
REC010062,ENU0193,Rajasthan,33,Female,Primary,Street Vendor,Employed,53,11882,10,2025-10-03,False
REC010063,ENU0133,Telangana,51,Female,Illiterate,Agricultural Labourer,Employed,51,6490,3,2025-03-30,False
REC010064,ENU0204,Odisha,38,Male,Graduate,Bank Employee,Employed,57,51437,4,2025-04-27,False
REC010065,ENU0237,Andhra Pradesh,42,Other,Secondary,Street Vendor,Employed,41,7058,4,2025-12-13,False
REC010066,ENU0055,West Bengal,16,Male,Secondary,None,Unemployed,0,0,3,2025-07-17,False
REC010067,ENU0248,Kerala,47,Female,Secondary,Factory Worker,Employed,48,10495,7,2025-03-01,False
REC010068,ENU0190,Bihar,61,Female,Secondary,None,Not in Labour Force,0,0,2,2025-05-30,False
REC010069,ENU0115,Odisha,32,Female,Post Graduate,IT Professional,Employed,29,39033,4,2025-04-09,False
REC010070,ENU0100,Assam,13,Male,Primary,None,Not in Labour Force,0,0,9,2025-06-22,False
REC010071,ENU0167,Madhya Pradesh,74,Male,Higher Secondary,None,Not in Labour Force,8,0,2,2025-07-16,False
REC010072,ENU0076,Karnataka,45,Male,Secondary,Shop Assistant,Employed,61,8865,1,2025-02-16,False
REC010073,ENU0229,Bihar,18,Female,Primary,None,Unemployed,0,0,5,2025-05-17,False
REC010074,ENU0016,Madhya Pradesh,52,Male,Graduate,Clerk,Employed,39,17568,3,2025-07-04,False
REC010075,ENU0168,Andhra Pradesh,27,Female,Illiterate,None,Not in Labour Force,0,0,2,2025-08-28,False
REC010076,ENU0141,Telangana,43,Male,Post Graduate,Engineer,Employed,13,14966,1,2025-05-18,False
REC010077,ENU0163,Odisha,31,Male,Primary,Domestic Help,Employed,43,5656,3,2025-11-16,False
REC010078,ENU0027,West Bengal,49,Male,Primary,Agricultural Labourer,Employed,56,7550,4,2025-11-04,False
REC010079,ENU0100,Madhya Pradesh,48,Male,Higher Secondary,Clerk,Employed,44,19144,7,2025-01-24,False
REC010080,ENU0044,Madhya Pradesh,68,Male,Illiterate,None,Not in Labour Force,0,0,6,2025-03-21,False
REC010081,ENU0211,Kerala,21,Male,Graduate,Clerk,Employed,54,22290,4,2025-07-03,False
REC010082,ENU0005,Maharashtra,46,Male,Secondary,Driver,Employed,46,11781,3,2025-10-07,False
REC010083,ENU0020,Telangana,48,Male,Secondary,Factory Worker,Employed,21,5458,2,2025-12-13,False
REC010084,ENU0014,Rajasthan,11,Male,Primary,None,Not in Labour Force,0,0,4,2025-02-14,False
REC010085,ENU0048,Odisha,21,Male,Higher Secondary,None,Unemployed,0,0,5,2025-03-01,False
REC010086,ENU0249,Madhya Pradesh,5,Male,Illiterate,None,Not in Labour Force,0,0,6,2025-03-21,False
REC010087,ENU0188,Uttar Pradesh,35,Female,Higher Secondary,Driver,Employed,47,9066,1,2025-06-04,False
REC010088,ENU0017,Telangana,19,Male,Secondary,None,Unemployed,0,0,2,2025-03-29,False
REC010089,ENU0166,Karnataka,28,Female,Primary,None,Not in Labour Force,5,0,6,2025-08-27,False
REC010090,ENU0071,Maharashtra,31,Male,Secondary,None,Unemployed,0,0,1,2025-12-27,False
REC010091,ENU0180,Karnataka,47,Male,Primary,Construction Worker,Employed,57,12062,8,2025-12-22,False
REC010092,ENU0250,Bihar,42,Female,Higher Secondary,Clerk,Employed,29,3636,6,2025-03-11,False
REC010093,ENU0200,Andhra Pradesh,75,Male,Primary,None,Not in Labour Force,1,0,1,2025-03-21,False
REC010094,ENU0111,Bihar,24,Female,Secondary,Street Vendor,Employed,39,2532,4,2025-08-08,False
REC010095,ENU0150,Madhya Pradesh,23,Male,Secondary,Street Vendor,Employed,40,8949,3,2025-03-28,False
REC010096,ENU0169,Odisha,64,Male,Higher Secondary,None,Not in Labour Force,8,0,4,2025-03-23,False
REC010097,ENU0153,Gujarat,8,Male,Primary,None,Not in Labour Force,6,0,5,2025-10-03,False
REC010098,ENU0050,Assam,28,Male,Higher Secondary,Shop Assistant,Employed,43,8468,4,2025-08-22,False
REC010099,ENU0179,Tamil Nadu,34,Male,Secondary,None,Unemployed,0,0,2,2025-09-29,False
REC010100,ENU0051,Andhra Pradesh,37,Male,Secondary,Carpenter,Employed,32,10019,5,2025-07-03,False
REC010101,ENU0101,Kerala,41,Female,Higher Secondary,None,Not in Labour Force,0,0,2,2025-08-14,False
REC010102,ENU0055,Tamil Nadu,37,Male,Primary,Factory Worker,Employed,36,10473,2,2025-06-22,False
REC010103,ENU0018,Uttar Pradesh,68,Female,Higher Secondary,None,Not in Labour Force,2,0,5,2025-09-14,False
REC010104,ENU0132,Rajasthan,76,Male,Primary,None,Not in Labour Force,0,0,3,2025-04-05,False
REC010105,ENU0073,Assam,24,Female,Primary,None,Unemployed,0,0,4,2025-03-14,False
REC010106,ENU0031,Uttar Pradesh,14,Female,Primary,None,Not in Labour Force,3,0,4,2025-05-30,False
REC010107,ENU0024,Assam,54,Female,Secondary,Street Vendor,Employed,49,6849,4,2025-04-23,False
REC010108,ENU0203,Karnataka,45,Male,Primary,Factory Worker,Employed,35,7925,8,2025-08-10,False
REC010109,ENU0163,Madhya Pradesh,43,Male,Primary,Construction Worker,Employed,38,5189,8,2025-09-17,False
REC010110,ENU0211,Madhya Pradesh,30,Female,Graduate,None,Not in Labour Force,0,0,3,2025-06-02,False
REC010111,ENU0209,Telangana,43,Female,Secondary,None,Not in Labour Force,0,0,4,2025-04-29,False
REC010112,ENU0005,Telangana,32,Female,Illiterate,Street Vendor,Employed,42,7589,5,2025-04-21,False
REC010113,ENU0065,Punjab,59,Male,Higher Secondary,Shop Assistant,Employed,61,14359,6,2025-09-30,False
REC010114,ENU0142,Uttar Pradesh,84,Female,Graduate,None,Not in Labour Force,0,0,8,2025-03-31,False
REC010115,ENU0182,Punjab,38,Female,Post Graduate,None,Not in Labour Force,0,0,8,2025-01-24,False
REC010116,ENU0059,West Bengal,33,Female,Secondary,None,Not in Labour Force,0,0,3,2025-09-20,False
REC010117,ENU0002,Assam,66,Male,Secondary,None,Not in Labour Force,0,0,9,2025-09-06,False
REC010118,ENU0205,Maharashtra,40,Male,Graduate,None,Unemployed,0,0,3,2025-02-21,False
REC010119,ENU0208,Maharashtra,30,Female,Primary,Factory Worker,Employed,41,8624,7,2025-12-21,False
REC010120,ENU0040,Maharashtra,34,Female,Secondary,Carpenter,Employed,63,14507,5,2025-03-04,False
REC010121,ENU0061,Bihar,38,Male,Primary,Agricultural Labourer,Unemployed,0,0,4,2025-10-03,False
REC010122,ENU0006,Karnataka,48,Female,Higher Secondary,Shop Assistant,Employed,30,6968,5,2025-09-09,False
REC010123,ENU0052,Telangana,39,Male,Secondary,Driver,Employed,62,18711,4,2025-03-05,False
REC010124,ENU0221,West Bengal,17,Female,Secondary,None,Unemployed,0,0,3,2025-08-26,False
REC010125,ENU0075,Rajasthan,8,Female,Primary,None,Not in Labour Force,2,0,3,2025-08-08,False
REC010126,ENU0191,Punjab,36,Male,Graduate,Bank Employee,Employed,46,49842,4,2025-03-31,False
REC010127,ENU0134,Rajasthan,43,Female,Higher Secondary,Driver,Employed,41,15124,7,2025-12-03,False
REC010128,ENU0238,West Bengal,37,Female,Secondary,Factory Worker,Employed,63,13838,4,2025-12-20,False
REC010129,ENU0073,Andhra Pradesh,8,Female,Primary,None,Not in Labour Force,0,0,5,2025-03-14,False
REC010130,ENU0110,Bihar,14,Male,Primary,None,Not in Labour Force,2,0,2,2025-01-23,False
REC010131,ENU0199,West Bengal,42,Male,Graduate,IT Professional,Employed,45,79098,3,2025-10-29,False
REC010132,ENU0237,Punjab,45,Female,Primary,Agricultural Labourer,Employed,32,4763,2,2025-08-30,False
REC010133,ENU0109,Rajasthan,19,Female,Post Graduate,IT Professional,Employed,47,54769,1,2025-04-20,False
REC010134,ENU0016,West Bengal,40,Male,Secondary,Shop Assistant,Employed,49,12079,9,2025-05-28,False
REC010135,ENU0115,West Bengal,53,Male,Graduate,Clerk,Employed,31,13520,4,2025-05-03,False
REC010136,ENU0171,Punjab,36,Male,Graduate,Teacher,Employed,46,24550,3,2025-02-04,False
REC010137,ENU0106,Uttar Pradesh,25,Female,Higher Secondary,None,Unemployed,0,0,3,2025-06-12,False
REC010138,ENU0197,Tamil Nadu,56,Female,Higher Secondary,Clerk,Employed,48,19482,2,2025-11-22,False
REC010139,ENU0160,Uttar Pradesh,34,Female,Graduate,None,Unemployed,0,0,5,2025-12-04,False
REC010140,ENU0242,Uttar Pradesh,40,Male,Secondary,Driver,Employed,40,12454,1,2025-05-23,False
REC010141,ENU0217,West Bengal,40,Male,Higher Secondary,Carpenter,Employed,27,7485,2,2025-11-21,False
REC010142,ENU0225,Gujarat,33,Female,Post Graduate,IT Professional,Employed,38,49017,4,2025-05-27,False
REC010143,ENU0030,Telangana,49,Male,Graduate,IT Professional,Employed,41,50982,3,2025-04-27,False
REC010144,ENU0031,West Bengal,23,Female,Higher Secondary,None,Not in Labour Force,9,0,2,2025-05-03,False
REC010145,ENU0133,Assam,50,Male,Post Graduate,Teacher,Employed,43,33443,5,2025-12-29,False
REC010146,ENU0066,Punjab,33,Male,Higher Secondary,Technician,Employed,31,8004,4,2025-11-11,False
REC010147,ENU0153,Kerala,29,Female,Secondary,None,Not in Labour Force,0,0,2,2025-04-17,False
REC010148,ENU0061,Telangana,78,Female,Secondary,None,Not in Labour Force,5,0,6,2025-10-22,False
REC010149,ENU0171,Odisha,39,Female,Primary,None,Unemployed,0,0,3,2025-04-22,False
REC010150,ENU0007,Uttar Pradesh,51,Female,Higher Secondary,Carpenter,Employed,67,21400,3,2025-01-27,False
